source_bus,target_bus,target_row,target_col,physical_time,distance,state_norm,input_norm,sum_norm,max_norm
55,0,0,0,0,10,0.0,1.832860222708859e-05,1.832860222708859e-05,1.832860222708859e-05
55,1,0,1,0,9,0.0,4.4391457441101636e-05,4.4391457441101636e-05,4.4391457441101636e-05
55,2,0,2,0,8,0.0,7.929093337820434e-05,7.929093337820434e-05,7.929093337820434e-05
55,3,0,3,0,7,0.0,7.67727635110831e-05,7.67727635110831e-05,7.67727635110831e-05
55,4,0,4,0,6,0.0,6.089998451308827e-06,6.089998451308827e-06,6.089998451308827e-06
55,5,0,5,0,5,0.0,9.364039226139603e-05,9.364039226139603e-05,9.364039226139603e-05
55,6,0,6,0,6,0.0,6.974529122175072e-06,6.974529122175072e-06,6.974529122175072e-06
55,7,0,7,0,7,0.0,7.598422121866128e-05,7.598422121866128e-05,7.598422121866128e-05
55,8,0,8,0,8,0.0,8.266342038228572e-05,8.266342038228572e-05,8.266342038228572e-05
55,9,0,9,0,9,0.0,6.16593781428658e-05,6.16593781428658e-05,6.16593781428658e-05
55,10,1,0,0,9,0.0,4.439145742108987e-05,4.439145742108987e-05,4.439145742108987e-05
55,11,1,1,0,8,0.0,6.684901727906603e-05,6.684901727906603e-05,6.684901727906603e-05
55,12,1,2,0,7,0.0,4.1483999460428945e-05,4.1483999460428945e-05,4.1483999460428945e-05
55,13,1,3,0,6,0.0,0.00019273633583020283,0.00019273633583020283,0.00019273633583020283
55,14,1,4,0,5,0.0,0.0007552933427131566,0.0007552933427131566,0.0007552933427131566
55,15,1,5,0,4,0.0,0.0012582011408996821,0.0012582011408996821,0.0012582011408996821
55,16,1,6,0,5,0.0,0.0007556670816513317,0.0007556670816513317,0.0007556670816513317
55,17,1,7,0,6,0.0,0.00019107903621231524,0.00019107903621231524,0.00019107903621231524
55,18,1,8,0,7,0.0,5.249932328946315e-05,5.249932328946315e-05,5.249932328946315e-05
55,19,1,9,0,8,0.0,9.978092001711585e-05,9.978092001711585e-05,9.978092001711585e-05
55,20,2,0,0,8,0.0,7.929093335739001e-05,7.929093335739001e-05,7.929093335739001e-05
55,21,2,1,0,7,0.0,4.148399945867793e-05,4.148399945867793e-05,4.148399945867793e-05
55,22,2,2,0,6,0.0,0.0003013179232295707,0.0003013179232295707,0.0003013179232295707
55,23,2,3,0,5,0.0,0.0015708918716620859,0.0015708918716620859,0.0015708918716620859
55,24,2,4,0,4,0.0,0.0043169143008025875,0.0043169143008025875,0.0043169143008025875
55,25,2,5,0,3,0.0,0.006980475334130049,0.006980475334130049,0.006980475334130049
55,26,2,6,0,4,0.0,0.004316095600337178,0.004316095600337178,0.004316095600337178
55,27,2,7,0,5,0.0,0.001564361714070552,0.001564361714070552,0.001564361714070552
55,28,2,8,0,6,0.0,0.000277445381508637,0.000277445381508637,0.000277445381508637
55,29,2,9,0,7,0.0,9.055219848123633e-05,9.055219848123633e-05,9.055219848123633e-05
55,30,3,0,0,7,0.0,7.677276348702716e-05,7.677276348702716e-05,7.677276348702716e-05
55,31,3,1,0,6,0.0,0.0001927363358410568,0.0001927363358410568,0.0001927363358410568
55,32,3,2,0,5,0.0,0.0015708918716537423,0.0015708918716537423,0.0015708918716537423
55,33,3,3,0,4,0.0,0.006231660836268356,0.006231660836268356,0.006231660836268356
55,34,3,4,0,3,0.0,0.017006149211246133,0.017006149211246133,0.017006149211246133
55,35,3,5,0,2,0.0,0.029918271540542964,0.029918271540542964,0.029918271540542964
55,36,3,6,0,3,0.0,0.017003611999167542,0.017003611999167542,0.017003611999167542
55,37,3,7,0,4,0.0,0.00621933505504415,0.00621933505504415,0.00621933505504415
55,38,3,8,0,5,0.0,0.0015371197946044428,0.0015371197946044428,0.0015371197946044428
55,39,3,9,0,6,0.0,0.0001637016279471671,0.0001637016279471671,0.0001637016279471671
55,40,4,0,0,6,0.0,6.089998467132817e-06,6.089998467132817e-06,6.089998467132817e-06
55,41,4,1,0,5,0.0,0.0007552933427133414,0.0007552933427133414,0.0007552933427133414
55,42,4,2,0,4,0.0,0.004316914300792265,0.004316914300792265,0.004316914300792265
55,43,4,3,0,3,0.0,0.017006149211238632,0.017006149211238632,0.017006149211238632
55,44,4,4,0,2,0.0,0.051694983704881584,0.051694983704881584,0.051694983704881584
55,45,4,5,0,1,0.0,0.11195030126378748,0.11195030126378748,0.11195030126378748
55,46,4,6,0,2,0.0,0.05169097818903988,0.05169097818903988,0.05169097818903988
55,47,4,7,0,3,0.0,0.016990192500136028,0.016990192500136028,0.016990192500136028
55,48,4,8,0,4,0.0,0.004285985725957437,0.004285985725957437,0.004285985725957437
55,49,4,9,0,5,0.0,0.0008116533394003546,0.0008116533394003546,0.0008116533394003546
55,50,5,0,0,5,0.0,9.364039227652558e-05,9.364039227652558e-05,9.364039227652558e-05
55,51,5,1,0,4,0.0,0.0012582011409020856,0.0012582011409020856,0.0012582011409020856
55,52,5,2,0,3,0.0,0.006980475334114659,0.006980475334114659,0.006980475334114659
55,53,5,3,0,2,0.0,0.029918271540539495,0.029918271540539495,0.029918271540539495
55,54,5,4,0,1,0.0,0.11195030126378208,0.11195030126378208,0.11195030126378208
55,55,5,5,0,0,1.4142135623730951,0.39615907433304176,1.8103726367061368,1.4142135623730951
55,56,5,6,0,1,0.0,0.11194582514721618,0.11194582514721618,0.11194582514721618
55,57,5,7,0,2,0.0,0.02990191389064723,0.02990191389064723,0.02990191389064723
55,58,5,8,0,3,0.0,0.006958035424607213,0.006958035424607213,0.006958035424607213
55,59,5,9,0,4,0.0,0.001394638729537547,0.001394638729537547,0.001394638729537547
55,60,6,0,0,6,0.0,6.9745291125051624e-06,6.9745291125051624e-06,6.9745291125051624e-06
55,61,6,1,0,5,0.0,0.0007556670816455948,0.0007556670816455948,0.0007556670816455948
55,62,6,2,0,4,0.0,0.004316095600335343,0.004316095600335343,0.004316095600335343
55,63,6,3,0,3,0.0,0.01700361199916327,0.01700361199916327,0.01700361199916327
55,64,6,4,0,2,0.0,0.051690978189046936,0.051690978189046936,0.051690978189046936
55,65,6,5,0,1,0.0,0.11194582514722365,0.11194582514722365,0.11194582514722365
55,66,6,6,0,2,0.0,0.051687048128961,0.051687048128961,0.051687048128961
55,67,6,7,0,3,0.0,0.01698784969141253,0.01698784969141253,0.01698784969141253
55,68,6,8,0,4,0.0,0.004285495259882786,0.004285495259882786,0.004285495259882786
55,69,6,9,0,5,0.0,0.0008123250851278549,0.0008123250851278549,0.0008123250851278549
55,70,7,0,0,7,0.0,7.598422122628036e-05,7.598422122628036e-05,7.598422122628036e-05
55,71,7,1,0,6,0.0,0.00019107903619524264,0.00019107903619524264,0.00019107903619524264
55,72,7,2,0,5,0.0,0.0015643617140698796,0.0015643617140698796,0.0015643617140698796
55,73,7,3,0,4,0.0,0.006219335055049977,0.006219335055049977,0.006219335055049977
55,74,7,4,0,3,0.0,0.016990192500121442,0.016990192500121442,0.016990192500121442
55,75,7,5,0,2,0.0,0.029901913890658847,0.029901913890658847,0.029901913890658847
55,76,7,6,0,3,0.0,0.016987849691419275,0.016987849691419275,0.016987849691419275
55,77,7,7,0,4,0.0,0.006207425121180302,0.006207425121180302,0.006207425121180302
55,78,7,8,0,5,0.0,0.0015310456672795176,0.0015310456672795176,0.0015310456672795176
55,79,7,9,0,6,0.0,0.00016172556513336964,0.00016172556513336964,0.00016172556513336964
55,80,8,0,0,8,0.0,8.2663420389114e-05,8.2663420389114e-05,8.2663420389114e-05
55,81,8,1,0,7,0.0,5.2499323299852276e-05,5.2499323299852276e-05,5.2499323299852276e-05
55,82,8,2,0,6,0.0,0.00027744538150503896,0.00027744538150503896,0.00027744538150503896
55,83,8,3,0,5,0.0,0.001537119794597886,0.001537119794597886,0.001537119794597886
55,84,8,4,0,4,0.0,0.004285985725949041,0.004285985725949041,0.004285985725949041
55,85,8,5,0,3,0.0,0.006958035424612391,0.006958035424612391,0.006958035424612391
55,86,8,6,0,4,0.0,0.004285495259883103,0.004285495259883103,0.004285495259883103
55,87,8,7,0,5,0.0,0.0015310456672820182,0.0015310456672820182,0.0015310456672820182
55,88,8,8,0,6,0.0,0.0002531594804533555,0.0002531594804533555,0.0002531594804533555
55,89,8,9,0,7,0.0,0.00010551924047649339,0.00010551924047649339,0.00010551924047649339
55,90,9,0,0,9,0.0,6.16593781740599e-05,6.16593781740599e-05,6.16593781740599e-05
55,91,9,1,0,8,0.0,9.978092003213011e-05,9.978092003213011e-05,9.978092003213011e-05
55,92,9,2,0,7,0.0,9.055219847407934e-05,9.055219847407934e-05,9.055219847407934e-05
55,93,9,3,0,6,0.0,0.0001637016279515366,0.0001637016279515366,0.0001637016279515366
55,94,9,4,0,5,0.0,0.0008116533393887292,0.0008116533393887292,0.0008116533393887292
55,95,9,5,0,4,0.0,0.001394638729538308,0.001394638729538308,0.001394638729538308
55,96,9,6,0,5,0.0,0.000812325085118899,0.000812325085118899,0.000812325085118899
55,97,9,7,0,6,0.0,0.00016172556513833165,0.00016172556513833165,0.00016172556513833165
55,98,9,8,0,7,0.0,0.00010551924047961222,0.00010551924047961222,0.00010551924047961222
55,99,9,9,0,8,0.0,0.0001464791982474112,0.0001464791982474112,0.0001464791982474112
55,0,0,0,1,10,1.1455376391930368e-06,1.562478159118374e-05,1.6770319230376776e-05,1.562478159118374e-05
55,1,0,1,1,9,2.7744660900688522e-06,4.228180927481752e-05,4.5056275364886373e-05,4.228180927481752e-05
55,2,0,2,1,8,4.955683336137771e-06,8.150327265689918e-05,8.645895599303695e-05,8.150327265689918e-05
55,3,0,3,1,7,4.7982977194426935e-06,9.123742543821563e-05,9.603572315765832e-05,9.123742543821563e-05
55,4,0,4,1,6,3.806249032068017e-07,2.7207097023795196e-05,2.7587721927001996e-05,2.7207097023795196e-05
55,5,0,5,1,5,5.852524516337252e-06,4.900342002473365e-05,5.48559445410709e-05,4.900342002473365e-05
55,6,0,6,1,6,4.35908070135942e-07,2.62626720369478e-05,2.6698580107083742e-05,2.62626720369478e-05
55,7,0,7,1,7,4.74901382616633e-06,9.015011020498817e-05,9.48991240311545e-05,9.015011020498817e-05
55,8,0,8,1,8,5.166463773892858e-06,8.401106425068366e-05,8.917752802457653e-05,8.401106425068366e-05
55,9,0,9,1,9,3.853711133929113e-06,5.800905024534054e-05,6.186276137926965e-05,5.800905024534054e-05
55,10,1,0,1,9,2.774466088818117e-06,4.228180925598297e-05,4.505627534480109e-05,4.228180925598297e-05
55,11,1,1,1,8,4.178063579941627e-06,7.01530844135758e-05,7.433114799351743e-05,7.01530844135758e-05
55,12,1,2,1,7,2.592749966276809e-06,6.372656232256822e-05,6.631931228884502e-05,6.372656232256822e-05
55,13,1,3,1,6,1.2046020989387677e-05,0.00012695933882008763,0.0001390053598094753,0.00012695933882008763
55,14,1,4,1,5,4.7205833919572285e-05,0.0006256291074397779,0.0006728349413593503,0.0006256291074397779
55,15,1,5,1,4,7.863757130623013e-05,0.001088676916959354,0.001167314488265584,0.001088676916959354
55,16,1,6,1,5,4.722919260320823e-05,0.0006261444334794096,0.0006733736260826178,0.0006261444334794096
55,17,1,7,1,6,1.1942439763269703e-05,0.00012578467664950527,0.00013772711641277496,0.00012578467664950527
55,18,1,8,1,7,3.281207705591447e-06,7.375629961027904e-05,7.70375073158705e-05,7.375629961027904e-05
55,19,1,9,1,8,6.23630750106974e-06,0.00010255821354481925,0.000108794521045889,0.00010255821354481925
55,20,2,0,1,8,4.955683334836876e-06,8.150327263795714e-05,8.645895597279401e-05,8.150327263795714e-05
55,21,2,1,1,7,2.5927499661673707e-06,6.372656232109845e-05,6.631931228726582e-05,6.372656232109845e-05
55,22,2,2,1,6,1.883237020184817e-05,0.0002157868775529516,0.00023461924775479976,0.0002157868775529516
55,23,2,3,1,5,9.818074197888037e-05,0.0013439056763186088,0.001442086418297489,0.0013439056763186088
55,24,2,4,1,4,0.0002698071438001617,0.00387549482897047,0.004145301972770632,0.00387549482897047
55,25,2,5,1,3,0.00043627970838312806,0.006392263434364615,0.006828543142747743,0.006392263434364615
55,26,2,6,1,4,0.00026975597502107364,0.003874943008838071,0.004144698983859145,0.003874943008838071
55,27,2,7,1,5,9.77726071294095e-05,0.001338055069247928,0.0014358276763773376,0.001338055069247928
55,28,2,8,1,6,1.7340336344289812e-05,0.0001924891372819335,0.0002098294736262233,0.0001924891372819335
55,29,2,9,1,7,5.65951240507727e-06,0.0001165663984666633,0.00012222591087174059,0.0001165663984666633
55,30,3,0,1,7,4.798297717939197e-06,9.123742541657296e-05,9.603572313451216e-05,9.123742541657296e-05
55,31,3,1,1,6,1.204602099006605e-05,0.00012695933882987293,0.000139005359819939,0.00012695933882987293
55,32,3,2,1,5,9.818074197835889e-05,0.001343905676310587,0.001442086418288946,0.001343905676310587
55,33,3,3,1,4,0.00038947880226677223,0.00563168706525233,0.006021165867519103,0.00563168706525233
55,34,3,4,1,3,0.0010628843257028833,0.01579251604245038,0.016855400368153264,0.01579251604245038
55,35,3,5,1,2,0.0018698919712839353,0.02821203960230787,0.030081931573591805,0.02821203960230787
55,36,3,6,1,3,0.0010627257499479714,0.015790343408833524,0.016853069158781497,0.015790343408833524
55,37,3,7,1,4,0.0003887084409402594,0.00561998378737873,0.00600869222831899,0.00561998378737873
55,38,3,8,1,5,9.606998716277767e-05,0.0013088726510272451,0.0014049426381900227,0.0013088726510272451
55,39,3,9,1,6,1.0231351746697943e-05,8.361710020062226e-05,9.384845194732021e-05,8.361710020062226e-05
55,40,4,0,1,6,3.8062490419580107e-07,2.7207097009680734e-05,2.7587721913876536e-05,2.7207097009680734e-05
55,41,4,1,1,5,4.720583391958384e-05,0.0006256291074397237,0.0006728349413593075,0.0006256291074397237
55,42,4,2,1,4,0.00026980714379951657,0.003875494828960905,0.004145301972760421,0.003875494828960905
55,43,4,3,1,3,0.0010628843257024145,0.015792516042443513,0.016855400368145926,0.015792516042443513
55,44,4,4,1,2,0.003230936481555099,0.04904061271270088,0.05227154919425598,0.04904061271270088
55,45,4,5,1,1,0.04300312118199704,0.10780490025860422,0.15080802144060126,0.10780490025860422
55,46,4,6,1,2,0.0032306861368149925,0.04903699104113882,0.05226767717795381,0.04903699104113882
55,47,4,7,1,3,0.0010618870312585017,0.015776797795524634,0.016838684826783135,0.015776797795524634
55,48,4,8,1,4,0.00026787410787233984,0.003840203655054898,0.004108077762927238,0.003840203655054898
55,49,4,9,1,5,5.072833371252216e-05,0.0006522568964509612,0.0007029852301634834,0.0006522568964509612
55,50,5,0,1,5,5.852524517282849e-06,4.900342003888154e-05,5.4855944556164386e-05,4.900342003888154e-05
55,51,5,1,1,4,7.863757130638035e-05,0.0010886769169619448,0.001167314488268325,0.0010886769169619448
55,52,5,2,1,3,0.0004362797083821662,0.006392263434350404,0.00682854314273257,0.006392263434350404
55,53,5,3,1,2,0.0018698919712837184,0.028212039602305297,0.030081931573589016,0.028212039602305297
55,54,5,4,1,1,0.04300312118199738,0.10780490025859917,0.15080802144059655,0.10780490025859917
55,55,5,5,1,0,1.6129107937231628,0.3881163718690896,2.0010271655922525,1.6129107937231628
55,56,5,6,1,1,0.043003400938610166,0.10780079000654696,0.15080419094515712,0.10780079000654696
55,57,5,7,1,2,0.0018688696181654518,0.028195634515287105,0.030064504133452557,0.028195634515287105
55,58,5,8,1,3,0.0004348772140379508,0.006363579197694506,0.006798456411732457,0.006363579197694506
55,59,5,9,1,4,8.716492059609669e-05,0.0011862104085841626,0.0012733753291802594,0.0011862104085841626
55,60,6,0,1,6,4.3590806953157265e-07,2.626267204627455e-05,2.6698580115806122e-05,2.626267204627455e-05
55,61,6,1,1,5,4.7229192602849676e-05,0.0006261444334744304,0.0006733736260772801,0.0006261444334744304
55,62,6,2,1,4,0.00026975597502095893,0.0038749430088370657,0.004144698983858025,0.0038749430088370657
55,63,6,3,1,3,0.0010627257499477045,0.015790343408829562,0.016853069158777267,0.015790343408829562
55,64,6,4,1,2,0.0032306861368154335,0.04903699104114603,0.052267677177961464,0.04903699104114603
55,65,6,5,1,1,0.0430034009386097,0.10780079000655413,0.15080419094516384,0.10780079000655413
55,66,6,6,1,2,0.0032304405080600626,0.04903343974673087,0.05226388025479093,0.04903343974673087
55,67,6,7,1,3,0.0010617406057132832,0.015774815193530727,0.01683655579924401,0.015774815193530727
55,68,6,8,1,4,0.0002678434537426741,0.003839993408644846,0.00410783686238752,0.003839993408644846
55,69,6,9,1,5,5.077031782049093e-05,0.0006531328225086802,0.0007039031403291711,0.0006531328225086802
55,70,7,0,1,7,4.7490138266425225e-06,9.01501102116314e-05,9.489912403827393e-05,9.01501102116314e-05
55,71,7,1,1,6,1.1942439762202665e-05,0.00012578467663345403,0.0001377271163956567,0.00012578467663345403
55,72,7,2,1,5,9.777260712936748e-05,0.001338055069247662,0.0014358276763770295,0.001338055069247662
55,73,7,3,1,4,0.00038870844094062357,0.005619983787384808,0.006008692228325431,0.005619983787384808
55,74,7,4,1,3,0.0010618870312575901,0.015776797795510555,0.016838684826768147,0.015776797795510555
55,75,7,5,1,2,0.001868869618166178,0.028195634515298214,0.03006450413346439,0.028195634515298214
55,76,7,6,1,3,0.0010617406057137047,0.015774815193537368,0.01683655579925107,0.015774815193537368
55,77,7,7,1,4,0.00038796407007376886,0.005608708518424985,0.005996672588498754,0.005608708518424985
55,78,7,8,1,5,9.569035420496985e-05,0.001303558498748487,0.0013992488529534569,0.001303558498748487
55,79,7,9,1,6,1.0107847820835603e-05,8.234962850536913e-05,9.245747632620474e-05,8.234962850536913e-05
55,80,8,0,1,8,5.166463774319625e-06,8.401106425621375e-05,8.917752803053338e-05,8.401106425621375e-05
55,81,8,1,1,7,3.2812077062407672e-06,7.375629961940878e-05,7.703750732564955e-05,7.375629961940878e-05
55,82,8,2,1,6,1.7340336344064935e-05,0.00019248913727880319,0.0002098294736228681,0.00019248913727880319
55,83,8,3,1,5,9.606998716236787e-05,0.0013088726510211268,0.0014049426381834947,0.0013088726510211268
55,84,8,4,1,4,0.0002678741078718151,0.003840203655046794,0.004108077762918609,0.003840203655046794
55,85,8,5,1,3,0.0004348772140382744,0.006363579197699849,0.006798456411738123,0.006363579197699849
55,86,8,6,1,4,0.00026784345374269395,0.0038399934086452187,0.004107836862387913,0.0038399934086452187
55,87,8,7,1,5,9.569035420512614e-05,0.0013035584987511357,0.001399248852956262,0.0013035584987511357
55,88,8,8,1,6,1.582246752833472e-05,0.00016903592996692595,0.00018485839749526068,0.00016903592996692595
55,89,8,9,1,7,6.594952529780837e-06,0.00013001188315243367,0.0001366068356822145,0.00013001188315243367
55,90,9,0,1,9,3.853711135878744e-06,5.8009050274355154e-05,6.186276141023389e-05,5.8009050274355154e-05
55,91,9,1,1,8,6.236307502008132e-06,0.0001025582135587402,0.00010879452106074833,0.0001025582135587402
55,92,9,2,1,7,5.659512404629959e-06,0.00011656639845937652,0.00012222591086400648,0.00011656639845937652
55,93,9,3,1,6,1.0231351746971037e-05,8.361710020506013e-05,9.384845195203117e-05,8.361710020506013e-05
55,94,9,4,1,5,5.0728333711795576e-05,0.0006522568964398217,0.0007029852301516173,0.0006522568964398217
55,95,9,5,1,4,8.716492059614425e-05,0.0011862104085849903,0.0012733753291811346,0.0011862104085849903
55,96,9,6,1,5,5.077031781993119e-05,0.0006531328225006518,0.000703903140320583,0.0006531328225006518
55,97,9,7,1,6,1.0107847821145728e-05,8.234962851038223e-05,9.245747633152796e-05,8.234962851038223e-05
55,98,9,8,1,7,6.594952529975764e-06,0.00013001188315532575,0.0001366068356853015,0.00013001188315532575
55,99,9,9,1,8,9.1549498904632e-06,0.0001479963189502095,0.0001571512688406727,0.0001479963189502095
55,0,0,0,2,10,2.5560446753073295e-06,1.2898191285590052e-05,1.545423596089738e-05,1.2898191285590052e-05
55,1,0,1,2,9,6.173440700059126e-06,3.978368085621182e-05,4.595712155627094e-05,3.978368085621182e-05
55,2,0,2,2,8,1.0994728314916202e-05,8.244231833569818e-05,9.343704665061438e-05,8.244231833569818e-05
55,3,0,3,2,7,1.0560375801493559e-05,0.00010299056595535845,0.00011355094175685201,0.00010299056595535845
55,4,0,4,2,6,1.1038178043699426e-06,5.6275541266716566e-05,5.737935907108651e-05,5.6275541266716566e-05
55,5,0,5,2,5,1.3360125987275357e-05,9.260854400966951e-06,2.2620980388242306e-05,1.3360125987275357e-05
55,6,0,6,2,6,1.2258826562129345e-06,5.5284207352224916e-05,5.651009000843785e-05,5.5284207352224916e-05
55,7,0,7,2,7,1.0451667760304412e-05,0.00010163176305218245,0.00011208343081248686,0.00010163176305218245
55,8,0,8,2,8,1.1466275761326698e-05,8.410590647128342e-05,9.557218223261012e-05,8.410590647128342e-05
55,9,0,9,2,9,8.57836966232278e-06,5.38829146387868e-05,6.246128430110957e-05,5.38829146387868e-05
55,10,1,0,2,9,6.1734406974375516e-06,3.978368083852396e-05,4.595712153596151e-05,3.978368083852396e-05
55,11,1,1,2,8,9.259879722809376e-06,7.2216958559496e-05,8.147683828230536e-05,7.2216958559496e-05
55,12,1,2,2,7,5.605536201561035e-06,8.275374480321589e-05,8.835928100477691e-05,8.275374480321589e-05
55,13,1,3,2,6,2.7275641113613463e-05,6.748405343061333e-05,9.47596945442268e-05,6.748405343061333e-05
55,14,1,4,2,5,0.00010600127031183069,0.0005053633564832878,0.0006113646267951185,0.0005053633564832878
55,15,1,5,2,4,0.0001762910043650265,0.0009297413811417818,0.0011060323855068082,0.0009297413811417818
55,16,1,6,2,5,0.00010605278917216825,0.0005060072748319546,0.0006120600640041228,0.0005060072748319546
55,17,1,7,2,6,2.7043747515222e-05,6.677831597841935e-05,9.382206349364134e-05,6.677831597841935e-05
55,18,1,8,2,7,7.139410927721623e-06,9.174091291140591e-05,9.888032383912753e-05,9.174091291140591e-05
55,19,1,9,2,8,1.383564632751152e-05,0.00010372915796049878,0.0001175648042880103,0.00010372915796049878
55,20,2,0,2,8,1.0994728312158199e-05,8.244231831852656e-05,9.343704663068475e-05,8.244231831852656e-05
55,21,2,1,2,7,5.60553620126366e-06,8.275374480203631e-05,8.835928100329997e-05,8.275374480203631e-05
55,22,2,2,2,6,4.251033136867881e-05,0.00013785975057706125,0.00018037008194574005,0.00013785975057706125
55,23,2,3,2,5,0.00022015171217217217,0.0011310688929586836,0.0013512206051308558,0.0011310688929586836
55,24,2,4,2,4,0.0006039120452851716,0.003454017022585078,0.004057929067870249,0.003454017022585078
55,25,2,5,2,3,0.0009758942371361356,0.0058249915737901906,0.0068008858109263265,0.0058249915737901906
55,26,2,6,2,4,0.0006037974015774624,0.0034537235191907643,0.004057520920768227,0.0034537235191907643
55,27,2,7,2,5,0.00021924199873958735,0.001125925276460036,0.0013451672751996233,0.001125925276460036
55,28,2,8,2,6,3.9192584346434176e-05,0.0001153866123609796,0.00015457919670741377,0.0001153866123609796
55,29,2,9,2,7,1.2396508732200473e-05,0.00013834671137210257,0.00015074322010430306,0.00013834671137210257
55,30,3,0,2,7,1.05603757983349e-05,0.00010299056593600343,0.00011355094173433832,0.00010299056593600343
55,31,3,1,2,6,2.7275641114998247e-05,6.74840534394338e-05,9.475969455443205e-05,6.74840534394338e-05
55,32,3,2,2,5,0.00022015171217111884,0.0011310688929509665,0.0013512206051220852,0.0011310688929509665
55,33,3,3,2,4,0.0008715368534031866,0.005056361051229555,0.005927897904632742,0.005056361051229555
55,34,3,4,2,3,0.0023762991781492836,0.014608384529861344,0.01698468370801063,0.014608384529861344
55,35,3,5,2,2,0.0022421065727253587,0.02652609802103865,0.02876820459376401,0.02652609802103865
55,36,3,6,2,3,0.0023759454043124533,0.014606580699573959,0.01698252610388641,0.014606580699573959
55,37,3,7,2,4,0.0008698225426571196,0.00504538490525419,0.00591520744791131,0.00504538490525419
55,38,3,8,2,5,0.0002154702749728907,0.0010953444511491361,0.0013108147261220269,0.0010953444511491361
55,39,3,9,2,6,2.33414740180885e-05,1.1894193769047818e-05,3.5235667787136315e-05,2.33414740180885e-05
55,40,4,0,2,6,1.1038178064442052e-06,5.627554125419782e-05,5.7379359060642026e-05,5.627554125419782e-05
55,41,4,1,2,5,0.00010600127031189345,0.0005053633564829981,0.0006113646267948915,0.0005053633564829981
55,42,4,2,2,4,0.0006039120452837998,0.003454017022576253,0.004057929067860053,0.003454017022576253
55,43,4,3,2,3,0.002376299178148317,0.014608384529855113,0.01698468370800343,0.014608384529855113
55,44,4,4,2,2,0.003543816524037191,0.04639744133704774,0.049941257861084935,0.04639744133704774
55,45,4,5,2,1,0.07879490419968807,0.10359139402846758,0.18238629822815566,0.10359139402846758
55,46,4,6,2,2,0.0035433835541140036,0.046394224739282626,0.04993760829339663,0.046394224739282626
55,47,4,7,2,3,0.002374083078498202,0.014593097584944424,0.016967180663442626,0.014593097584944424
55,48,4,8,2,4,0.0005996473956718451,0.00341527590202299,0.004014923297694835,0.00341527590202299
55,49,4,9,2,5,0.0001140511528877515,0.0005053797182942325,0.000619430871181984,0.0005053797182942325
55,50,5,0,2,5,1.33601259892314e-05,9.26085441408321e-06,2.262098040331461e-05,1.33601259892314e-05
55,51,5,1,2,4,0.00017629100436532976,0.000929741381144559,0.0011060323855098888,0.000929741381144559
55,52,5,2,2,3,0.0009758942371341857,0.00582499157377711,0.006800885810911296,0.00582499157377711
55,53,5,3,2,2,0.0022421065727249367,0.02652609802103687,0.02876820459376181,0.02652609802103687
55,54,5,4,2,1,0.07879490419968874,0.10359139402846287,0.1823862982281516,0.10359139402846287
55,55,5,5,2,0,2.123913154595258,0.3797027808163055,2.5036159354115632,2.123913154595258
55,56,5,6,2,1,0.07879552328717393,0.10358767917813463,0.18238320246530856,0.10358767917813463
55,57,5,7,2,2,0.00224013610966604,0.026509879044644753,0.028750015154310794,0.026509879044644753
55,58,5,8,2,3,0.0009728236466711575,0.0057911290078556275,0.006763952654526785,0.0057911290078556275
55,59,5,9,2,4,0.00019554816888029934,0.0009919499710068014,0.0011874981398871008,0.0009919499710068014
55,60,6,0,2,6,1.225882654977184e-06,5.528420736121122e-05,5.6510090016188404e-05,5.528420736121122e-05
55,61,6,1,2,5,0.00010605278917139984,0.0005060072748276502,0.00061206006399905,0.0005060072748276502
55,62,6,2,2,4,0.0006037974015771998,0.003453723519190484,0.004057520920767684,0.003453723519190484
55,63,6,3,2,3,0.0023759454043119424,0.014606580699570335,0.016982526103882276,0.014606580699570335
55,64,6,4,2,2,0.0035433835541147122,0.04639422473928982,0.04993760829340453,0.04639422473928982
55,65,6,5,2,1,0.07879552328717292,0.10358767917814148,0.1823832024653144,0.10358767917814148
55,66,6,6,2,2,0.0035429587732782857,0.04639107293726791,0.049934031710546195,0.04639107293726791
55,67,6,7,2,3,0.0023737563461139694,0.014591477652723367,0.016965233998837335,0.014591477652723367
55,68,6,8,2,4,0.0005995783508525773,0.003415333130451747,0.004014911481304324,0.003415333130451747
55,69,6,9,2,5,0.00011414391735389313,0.0005064398896616744,0.0006205838070155675,0.0005064398896616744
55,70,7,0,2,7,1.045166776134459e-05,0.00010163176305791165,0.00011208343081925624,0.00010163176305791165
55,71,7,1,2,6,2.7043747513015996e-05,6.677831596338321e-05,9.382206347639921e-05,6.677831596338321e-05
55,72,7,2,2,5,0.00021924199873947704,0.0011259252764601172,0.0013451672751995942,0.0011259252764601172
55,73,7,3,2,4,0.0008698225426578102,0.005045384905260435,0.0059152074479182455,0.005045384905260435
55,74,7,4,2,3,0.0023740830784964007,0.014593097584930829,0.016967180663427228,0.014593097584930829
55,75,7,5,2,2,0.0022401361096673557,0.026509879044655342,0.028750015154322697,0.026509879044655342
55,76,7,6,2,3,0.002373756346114863,0.01459147765272986,0.016965233998844722,0.01459147765272986
55,77,7,7,2,4,0.0008681660147907803,0.005034843895583327,0.0059030099103741076,0.005034843895583327
55,78,7,8,2,5,0.0002146237241692938,0.001090808014492265,0.0013054317386615587,0.001090808014492265
55,79,7,9,2,6,2.306456833040576e-05,1.1310839033820001e-05,3.437540736422576e-05,2.306456833040576e-05
55,80,8,0,2,8,1.1466275762288596e-05,8.410590647557672e-05,9.557218223786533e-05,8.410590647557672e-05
55,81,8,1,2,7,7.139410929106028e-06,9.17409129193887e-05,9.888032384849472e-05,9.17409129193887e-05
55,82,8,2,2,6,3.919258434596851e-05,0.00011538661235827364,0.00015457919670424215,0.00011538661235827364
55,83,8,3,2,5,0.00021547027497206708,0.001095344451143392,0.001310814726115459,0.001095344451143392
55,84,8,4,2,4,0.0005996473956707048,0.003415275902015168,0.004014923297685873,0.003415275902015168
55,85,8,5,2,3,0.0009728236466718447,0.005791129007861054,0.0067639526545328985,0.005791129007861054
55,86,8,6,2,4,0.0005995783508526369,0.003415333130452184,0.004014911481304821,0.003415333130452184
55,87,8,7,2,5,0.00021462372416963845,0.0010908080144950126,0.001305431738664651,0.0010908080144950126
55,88,8,8,2,6,3.581658357496343e-05,9.300377612768006e-05,0.0001288203597026435,9.300377612768006e-05
55,89,8,9,2,7,1.4481514980013253e-05,0.00015020704192456112,0.00016468855690457437,0.00015020704192456112
55,90,9,0,2,9,8.578369666447453e-06,5.388291466568303e-05,6.246128433213048e-05,5.388291466568303e-05
55,91,9,1,2,8,1.3835646329519175e-05,0.00010372915797333882,0.000117564804302858,0.00010372915797333882
55,92,9,2,2,7,1.2396508731292506e-05,0.00013834671136474084,0.00015074322009603336,0.00013834671136474084
55,93,9,3,2,6,2.334147401863554e-05,1.1894193773445364e-05,3.523566779208091e-05,2.334147401863554e-05
55,94,9,4,2,5,0.0001140511528862423,0.0005053797182835594,0.0006194308711698017,0.0005053797182835594
55,95,9,5,2,4,0.00019554816888036003,0.000991949971007709,0.001187498139888069,0.000991949971007709
55,96,9,6,2,5,0.00011414391735278546,0.0005064398896544631,0.0006205838070072485,0.0005064398896544631
55,97,9,7,2,6,2.3064568331033556e-05,1.131083903880128e-05,3.4375407369834834e-05,2.3064568331033556e-05
55,98,9,8,2,7,1.448151498039667e-05,0.00015020704192723986,0.00016468855690763654,0.00015020704192723986
55,99,9,9,2,8,2.0327024089972154e-05,0.00014743807807306115,0.0001677651021630333,0.00014743807807306115
55,0,0,0,3,10,4.839872224008915e-06,1.0181864364786126e-05,1.5021736588795042e-05,1.0181864364786126e-05
55,1,0,1,3,9,1.1654428839285159e-05,3.6960902750887816e-05,4.861533159017297e-05,3.6960902750887816e-05
55,2,0,2,3,8,2.069073792313024e-05,8.222731357120032e-05,0.00010291805149433056,8.222731357120032e-05
55,3,0,3,3,7,1.969974858550269e-05,0.00011221196692026346,0.00013191171550576614,0.00011221196692026346
55,4,0,4,3,6,2.6497119730965918e-06,8.13329758405736e-05,8.398268781367019e-05,8.13329758405736e-05
55,5,0,5,3,5,2.5921993366737617e-05,2.5830828399737928e-05,5.175282176647555e-05,2.5921993366737617e-05
55,6,0,6,3,6,2.875523685123923e-06,8.030753598880994e-05,8.318305967393386e-05,8.030753598880994e-05
55,7,0,7,3,7,1.949644031310593e-05,0.00011061032194652363,0.00013010676225962955,0.00011061032194652363
55,8,0,8,3,8,2.1586082802013726e-05,8.307509497388665e-05,0.00010466117777590037,8.307509497388665e-05
55,9,0,9,3,9,1.6201700710250944e-05,4.936952350081189e-05,6.557122421106283e-05,4.936952350081189e-05
55,10,1,0,3,9,1.1654428834515624e-05,3.696090273431393e-05,4.8615331568829557e-05,3.696090273431393e-05
55,11,1,1,3,8,1.740629763732188e-05,7.314842575877701e-05,9.05547233960989e-05,7.314842575877701e-05
55,12,1,2,3,7,1.025272513649345e-05,9.874286586371335e-05,0.0001089955910002068,9.874286586371335e-05
55,13,1,3,3,6,5.246740779685403e-05,1.4110822600722428e-05,6.657823039757645e-05,5.246740779685403e-05
55,14,1,4,3,5,0.00020209905312015754,0.000394286775044782,0.0005963858281649395,0.000394286775044782
55,15,1,5,3,4,0.00033551768576137674,0.0007812269752260535,0.0011167446609874304,0.0007812269752260535
55,16,1,6,3,5,0.0002021953797184547,0.00039504562362350766,0.0005972410033419623,0.00039504562362350766
55,17,1,7,3,6,5.20267794870867e-05,1.3856020224587647e-05,6.588279971167434e-05,5.20267794870867e-05
55,18,1,8,3,7,1.315124644046835e-05,0.00010664672019190342,0.00011979796663237177,0.00010664672019190342
55,19,1,9,3,8,2.603640386511321e-05,0.00010344483973337345,0.00012948124359848665,0.00010344483973337345
55,20,2,0,3,8,2.069073791807755e-05,8.222731355570562e-05,0.00010291805147378317,8.222731355570562e-05
55,21,2,1,3,7,1.0252725135884454e-05,9.874286586282542e-05,0.00010899559099870987,9.874286586282542e-05
55,22,2,2,3,6,8.150417041549659e-05,6.730838436640146e-05,0.00014881255478189806,8.150417041549659e-05
55,23,2,3,3,5,0.0004190922113830654,0.0009322126872606339,0.0013513048986436992,0.0009322126872606339
55,24,2,4,3,4,0.0011474335203602898,0.0030525963579050965,0.004200029878265387,0.0030525963579050965
55,25,2,5,3,3,0.0017666598651800054,0.005279047619414896,0.0070457074845949015,0.005279047619414896
55,26,2,6,3,4,0.0011472154882213868,0.0030525502807816733,0.00419976576900306,0.0030525502807816733
55,27,2,7,3,5,0.00041737164384137587,0.000927793333127086,0.001345164976968462,0.000927793333127086
55,28,2,8,3,6,7.524597878983913e-05,4.588221868920252e-05,0.00012112819747904165,7.524597878983913e-05
55,29,2,9,3,7,2.3004017672205827e-05,0.00015614589159252993,0.00017914990926473575,0.00015614589159252993
55,30,3,0,3,7,1.969974857975004e-05,0.00011221196690307246,0.0001319117154828225,0.00011221196690307246
55,31,3,1,3,6,5.246740779933813e-05,1.411082260860603e-05,6.657823040794416e-05,5.246740779933813e-05
55,32,3,2,3,5,0.00041909221138118884,0.000932212687253209,0.0013513048986343978,0.000932212687253209
55,33,3,3,3,4,0.00165543528383774,0.004506002326141844,0.006161437609979584,0.004506002326141844
55,34,3,4,3,3,0.004252408208844417,0.013455250122739586,0.017707658331584004,0.013455250122739586
55,35,3,5,3,2,0.003132432649382053,0.02486319007698569,0.02799562272636774,0.02486319007698569
55,36,3,6,3,3,0.004251739645733472,0.013453814776127167,0.01770555442186064,0.013453814776127167
55,37,3,7,3,4,0.0016521986197943015,0.004495840436038475,0.006148039055832777,0.004495840436038475
55,38,3,8,3,5,0.0004102859446052727,0.000896316586420425,0.0013066025310256978,0.000896316586420425
55,39,3,9,3,6,4.525808960843474e-05,5.184495822493337e-05,9.710304783336811e-05,5.184495822493337e-05
55,40,4,0,3,6,2.649711976793274e-06,8.133297582955274e-05,8.398268780634601e-05,8.133297582955274e-05
55,41,4,1,3,5,0.0002020990531203095,0.0003942867750442637,0.0005963858281645732,0.0003942867750442637
55,42,4,2,3,4,0.0011474335203577825,0.003052596357896993,0.004200029878254775,0.003052596357896993
55,43,4,3,3,3,0.004252408208842671,0.013455250122733967,0.01770765833157664,0.013455250122733967
55,44,4,4,3,2,0.005232199056226283,0.04377044164655144,0.04900264070277772,0.04377044164655144
55,45,4,5,3,1,0.13312837428267477,0.09932651289907221,0.23245488718174698,0.13312837428267477
55,46,4,6,3,2,0.005231858407585668,0.04376764485084597,0.04899950325843164,0.04376764485084597
55,47,4,7,3,3,0.004248236858162426,0.013440563696527982,0.01768880055469041,0.013440563696527982
55,48,4,8,3,4,0.0011394578484624663,0.003011254627690036,0.004150712476152502,0.003011254627690036
55,49,4,9,3,5,0.0002177334507406857,0.00037069123514940535,0.0005884246858900911,0.00037069123514940535
55,50,5,0,3,5,2.5921993370262344e-05,2.583082838742551e-05,5.175282175768786e-05,2.5921993370262344e-05
55,51,5,1,3,4,0.0003355176857619205,0.0007812269752290063,0.0011167446609909267,0.0007812269752290063
55,52,5,2,3,3,0.0017666598651765167,0.0052790476194028895,0.007045707484579406,0.0052790476194028895
55,53,5,3,3,2,0.0031324326493814844,0.024863190076984596,0.02799562272636608,0.024863190076984596
55,54,5,4,3,1,0.1331283742826759,0.09932651289906788,0.23245488718174379,0.1331283742826759
55,55,5,5,3,0,2.6211844778725983,0.3710200299836394,2.9922045078562376,2.6211844778725983
55,56,5,6,3,1,0.13312953446786424,0.09932321573538966,0.2324527502032539,0.13312953446786424
55,57,5,7,3,2,0.003129790612916373,0.024847364909922554,0.02797715552283893,0.024847364909922554
55,58,5,8,3,3,0.0017609654583829572,0.005241005298946407,0.007001970757329364,0.005241005298946407
55,59,5,9,3,4,0.00037245535424427427,0.0008115687971326752,0.0011840241513769495,0.0008115687971326752
55,60,6,0,3,6,2.8755236829501105e-06,8.030753599745088e-05,8.3183059680401e-05,8.030753599745088e-05
55,61,6,1,3,5,0.00020219537971703978,0.0003950456236198062,0.000597241003336846,0.0003950456236198062
55,62,6,2,3,4,0.0011472154882208895,0.0030525502807820268,0.004199765769002916,0.0030525502807820268
55,63,6,3,3,3,0.004251739645732585,0.013453814776123889,0.01770555442185647,0.013453814776123889
55,64,6,4,3,2,0.005231858407586301,0.04376764485085314,0.04899950325843944,0.04376764485085314
55,65,6,5,3,1,0.13312953446786246,0.09932321573539625,0.23245275020325873,0.13312953446786246
55,66,6,6,3,2,0.0052315243630728075,0.043764906841300834,0.04899643120437364,0.043764906841300834
55,67,6,7,3,3,0.004247619278924871,0.013439304490329793,0.017686923769254664,0.013439304490329793
55,68,6,8,3,4,0.0011393258025165435,0.0030115643678373227,0.004150890170353866,0.0030115643678373227
55,69,6,9,3,5,0.00021790723401622284,0.00037191483299293666,0.0005898220670091596,0.00037191483299293666
55,70,7,0,3,7,1.9496440315043386e-05,0.00011061032195139412,0.0001301067622664375,0.00011061032195139412
55,71,7,1,3,6,5.202677948310634e-05,1.3856020210753058e-05,6.588279969385941e-05,5.202677948310634e-05
55,72,7,2,3,5,0.0004173716438411493,0.0009277933331274663,0.0013451649769686156,0.0009277933331274663
55,73,7,3,3,4,0.001652198619795486,0.004495840436044816,0.006148039055840302,0.004495840436044816
55,74,7,4,3,3,0.0042482368581592414,0.013440563696514841,0.017688800554674082,0.013440563696514841
55,75,7,5,3,2,0.003129790612918147,0.024847364909932654,0.0279771555228508,0.024847364909932654
55,76,7,6,3,3,0.004247619278926509,0.01343930449033614,0.01768692376926265,0.01343930449033614
55,77,7,7,3,4,0.0016490709436557732,0.004486115942583622,0.006135186886239395,0.004486115942583622
55,78,7,8,3,5,0.00040868409634506266,0.0008925652193315045,0.0013012493156765671,0.0008925652193315045
55,79,7,9,3,6,4.473114411454749e-05,5.177538096423888e-05,9.650652507878636e-05,5.177538096423888e-05
55,80,8,0,3,8,2.1586082803837236e-05,8.307509497700525e-05,0.00010466117778084249,8.307509497700525e-05
55,81,8,1,3,7,1.3151246443014462e-05,0.00010664672019883076,0.00011979796664184521,0.00010664672019883076
55,82,8,2,3,6,7.52459787889972e-05,4.588221868689583e-05,0.00012112819747589303,7.52459787889972e-05
55,83,8,3,3,5,0.00041028594460380526,0.0008963165864150064,0.0013066025310188116,0.0008963165864150064
55,84,8,4,3,4,0.001139457848460355,0.0030112546276825024,0.004150712476142857,0.0030112546276825024
55,85,8,5,3,3,0.001760965458384213,0.005241005298951853,0.007001970757336066,0.005241005298951853
55,86,8,6,3,4,0.0011393258025166751,0.0030115643678378266,0.004150890170354502,0.0030115643678378266
55,87,8,7,3,5,0.000408684096345707,0.0008925652193343127,0.0013012493156800197,0.0008925652193343127
55,88,8,8,3,6,6.887638527736095e-05,2.4785864405153457e-05,9.366224968251441e-05,6.887638527736095e-05
55,89,8,9,3,7,2.6946852628926886e-05,0.00016637994477732598,0.00019332679740625286,0.00016637994477732598
55,90,9,0,3,9,1.620170071779895e-05,4.9369523525654226e-05,6.557122424345318e-05,4.9369523525654226e-05
55,91,9,1,3,8,2.6036403868811447e-05,0.00010344483974515276,0.0001294812436139642,0.00010344483974515276
55,92,9,2,3,7,2.300401767058708e-05,0.0001561458915851349,0.00017914990925572199,0.0001561458915851349
55,93,9,3,3,6,4.525808960940217e-05,5.1844958220349225e-05,9.71030478297514e-05,5.1844958220349225e-05
55,94,9,4,3,5,0.00021773345073795131,0.0003706912351391866,0.0005884246858771379,0.0003706912351391866
55,95,9,5,3,4,0.00037245535424434626,0.0008115687971336692,0.0011840241513780155,0.0008115687971336692
55,96,9,6,3,5,0.0002179072340142783,0.00037191483298645373,0.000589822067000732,0.00037191483298645373
55,97,9,7,3,6,4.47311441156685e-05,5.177538095915783e-05,9.650652507482632e-05,5.177538095915783e-05
55,98,9,8,3,7,2.6946852629598238e-05,0.00016637994477980308,0.00019332679740940133,0.00016637994477980308
55,99,9,9,3,8,3.828522797351024e-05,0.00014501594702695633,0.00018330117500046656,0.00014501594702695633
55,0,0,0,4,10,8.206897790630773e-06,7.505683844075912e-06,1.5712581634706684e-05,8.206897790630773e-06
55,1,0,1,4,9,1.969238230897691e-05,3.387322449174766e-05,5.356560680072457e-05,3.387322449174766e-05
55,2,0,2,4,8,3.482949021076365e-05,8.097293020172371e-05,0.00011580242041248736,8.097293020172371e-05
55,3,0,3,4,7,3.2812127866633396e-05,0.00011907843366285052,0.00015189056152948392,0.00011907843366285052
55,4,0,4,4,6,5.614753991112095e-06,0.000102597803297522,0.00010821255728863409,0.000102597803297522
55,5,0,5,4,5,4.5218364857780144e-05,5.6474199682716734e-05,0.00010169256454049688,5.6474199682716734e-05
55,6,0,6,4,6,5.990067293381802e-06,0.00010155079112089041,0.00010754085841427222,0.00010155079112089041
55,7,0,7,4,7,3.247239885056837e-05,0.00011726358872226891,0.00014973598757283727,0.00011726358872226891
55,8,0,8,4,8,3.6352610805787385e-05,8.104026087269874e-05,0.00011739287167848612,8.104026087269874e-05
55,9,0,9,4,9,2.7390267277467178e-05,4.455148764278181e-05,7.194175492024899e-05,4.455148764278181e-05
55,10,1,0,4,9,1.9692382301190363e-05,3.387322447625347e-05,5.3565606777443835e-05,3.387322447625347e-05
55,11,1,1,4,8,2.926101722087574e-05,7.305149778071188e-05,0.00010231251500158762,7.305149778071188e-05
55,12,1,2,4,7,1.6666809506810013e-05,0.00011187078310208132,0.00012853759260889134,0.00011187078310208132
55,13,1,3,4,6,9.062678993741467e-05,3.352482477844869e-05,0.00012415161471586336,9.062678993741467e-05
55,14,1,4,4,5,0.00034549912497011003,0.00029216775847891143,0.0006376668834490215,0.00034549912497011003
55,15,1,5,4,4,0.0005689255691271046,0.0006429309879465785,0.001211856557073683,0.0006429309879465785
55,16,1,6,4,5,0.0003456600225507048,0.00029302735179846954,0.0006386873743491744,0.0003456600225507048
55,17,1,7,4,6,8.987658230585251e-05,3.3350220977778764e-05,0.00012322680328363128,8.987658230585251e-05
55,18,1,8,4,7,2.1568351937978886e-05,0.00011866555628856875,0.00014023390822654762,0.00011866555628856875
55,19,1,9,4,8,4.382683685685604e-05,0.00010185049302361786,0.00014567732988047388,0.00010185049302361786
55,20,2,0,4,8,3.4829490202462276e-05,8.097293018781794e-05,0.0001158024203902802,8.097293018781794e-05
55,21,2,1,4,7,1.666680950571609e-05,0.00011187078310148082,0.00012853759260719692,0.00011187078310148082
55,22,2,2,4,6,0.00014024743833398006,4.389969286038751e-06,0.00014463740762001882,0.00014024743833398006
55,23,2,3,4,5,0.000715173837996149,0.0007471194803272123,0.0014622933183233613,0.0007471194803272123
55,24,2,4,4,4,0.0019398526415603961,0.002671237998717684,0.0046110906402780805,0.002671237998717684
55,25,2,5,4,3,0.0028381957829079797,0.004754671964584696,0.007592867747492676,0.004754671964584696
55,26,2,6,4,4,0.001939481053348619,0.002671426427942526,0.004610907481291145,0.002671426427942526
55,27,2,7,4,5,0.0007122602626393504,0.0007434323297076734,0.0014556925923470238,0.0007434323297076734
55,28,2,8,4,6,0.00012968400580129873,1.648167549303302e-05,0.00014616568129433176,0.00012968400580129873
55,29,2,9,4,7,3.807142602039319e-05,0.00017021455677622936,0.00020828598279662257,0.00017021455677622936
55,30,3,0,4,7,3.28121278572364e-05,0.00011907843364770192,0.00015189056150493831,0.00011907843364770192
55,31,3,1,4,6,9.062678994142177e-05,3.3524824771270614e-05,0.0001241516147126924,9.062678994142177e-05
55,32,3,2,4,5,0.0007151738379931427,0.0007471194803200717,0.0014622933183132143,0.0007471194803200717
55,33,3,3,4,4,0.0027969393000379424,0.003980775898674933,0.006777715198712875,0.003980775898674933
55,34,3,4,4,3,0.006734968569192313,0.012334292181697048,0.019069260750889362,0.012334292181697048
55,35,3,5,4,2,0.003517790230434342,0.023225961796292258,0.0267437520267266,0.023225961796292258
55,36,3,6,4,3,0.006733840391633949,0.012333220886784409,0.019067061278418358,0.012333220886784409
55,37,3,7,4,4,0.0027914694028391422,0.003971498982084893,0.006762968384924035,0.003971498982084893
55,38,3,8,4,5,0.0007003577431889097,0.0007115236893323521,0.0014118814325212617,0.0007115236893323521
55,39,3,9,4,6,7.8888028769441e-05,0.00010789442050096819,0.0001867824492704092,0.00010789442050096819
55,40,4,0,4,6,5.614753997066132e-06,0.00010259780328790723,0.00010821255728497336,0.00010259780328790723
55,41,4,1,4,5,0.00034549912497041204,0.0002921677584781762,0.0006376668834485882,0.00034549912497041204
55,42,4,2,4,4,0.0019398526415562883,0.0026712379987102798,0.004611090640266568,0.0026712379987102798
55,43,4,3,4,3,0.006734968569189489,0.01233429218169201,0.0190692607508815,0.01233429218169201
55,44,4,4,4,2,0.006899979893888035,0.04116459111263463,0.048064571006522665,0.04116459111263463
55,45,4,5,4,1,0.2014917126752993,0.09502830566860303,0.29652001834390235,0.2014917126752993
55,46,4,6,4,2,0.006900390849608086,0.04116222286800645,0.048062613717614534,0.04116222286800645
55,47,4,7,4,3,0.006727961181830908,0.012320353073539871,0.01904831425537078,0.012320353073539871
55,48,4,8,4,4,0.001926524867032797,0.0026280829845046947,0.004554607851537492,0.0026280829845046947
55,49,4,9,4,5,0.0003728009489735713,0.00024783945911035577,0.0006206404080839271,0.0003728009489735713
55,50,5,0,4,5,4.521836486348181e-05,5.647419967131833e-05,0.00010169256453480013,5.647419967131833e-05
55,51,5,1,4,4,0.0005689255691279841,0.0006429309879496897,0.0012118565570776738,0.0006429309879496897
55,52,5,2,4,3,0.0028381957829023796,0.004754671964573712,0.007592867747476091,0.004754671964573712
55,53,5,3,4,2,0.003517790230433858,0.023225961796291796,0.026743752026725656,0.023225961796291796
55,54,5,4,4,1,0.20149171267530108,0.09502830566859907,0.2965200183439002,0.20149171267530108
55,55,5,5,4,0,3.040800585145292,0.3621512254944586,3.4029518106397507,3.040800585145292
55,56,5,6,4,1,0.2014936717611093,0.09502544177354302,0.2965191135346523,0.2014936717611093
55,57,5,7,4,2,0.00351563715643645,0.023210713492168793,0.026726350648605242,0.023210713492168793
55,58,5,8,4,3,0.002828785896730351,0.004713381925925608,0.007542167822655959,0.004713381925925608
55,59,5,9,4,4,0.0006325081747725861,0.0006447381589409502,0.0012772463337135363,0.0006447381589409502
55,60,6,0,4,6,5.990067289920035e-06,0.00010155079112918578,0.00010754085841910581,0.00010155079112918578
55,61,6,1,4,5,0.0003456600225483705,0.00029302735179531544,0.000638687374343686,0.0003456600225483705
55,62,6,2,4,4,0.0019394810533477802,0.002671426427943438,0.004610907481291218,0.002671426427943438
55,63,6,3,4,3,0.006733840391632563,0.012333220886781467,0.01906706127841403,0.012333220886781467
55,64,6,4,4,2,0.00690039084960776,0.04116222286801355,0.04806261371762131,0.04116222286801355
55,65,6,5,4,1,0.20149367176110636,0.09502544177354927,0.29651911353465565,0.20149367176110636
55,66,6,6,4,2,0.006900794505081683,0.04115990704579292,0.04806070155087461,0.04115990704579292
55,67,6,7,4,3,0.006726918820020897,0.012319448680417431,0.019046367500438328,0.012319448680417431
55,68,6,8,4,4,0.0019262983906544184,0.0026286283787364502,0.004554926769390869,0.0026286283787364502
55,69,6,9,4,5,0.00037309190517054175,0.0002492049166356681,0.0006222968218062098,0.00037309190517054175
55,70,7,0,4,7,3.247239885379866e-05,0.0001172635887263318,0.00014973598758013046,0.0001172635887263318
55,71,7,1,4,6,8.987658229940165e-05,3.3350220991074985e-05,0.00012322680329047663,8.987658229940165e-05
55,72,7,2,4,5,0.0007122602626389405,0.000743432329708312,0.0014556925923472526,0.000743432329708312
55,73,7,3,4,4,0.0027914694028409767,0.003971498982091269,0.006762968384932245,0.003971498982091269
55,74,7,4,4,3,0.006727961181825854,0.012320353073527192,0.019048314255353048,0.012320353073527192
55,75,7,5,4,2,0.0035156371564379956,0.023210713492178372,0.02672635064861637,0.023210713492178372
55,76,7,6,4,3,0.00672691882002358,0.012319448680423594,0.019046367500447175,0.012319448680423594
55,77,7,7,4,4,0.0027861834859392535,0.003962657052638886,0.006748840538578139,0.003962657052638886
55,78,7,8,4,5,0.0006976437284335473,0.0007085552874460544,0.0014061990158796018,0.0007085552874460544
55,79,7,9,4,6,7.79893173184579e-05,0.00010720769291609987,0.00018519701023455779,0.00010720769291609987
55,80,8,0,4,8,3.63526108088754e-05,8.104026087470554e-05,0.00011739287168358094,8.104026087470554e-05
55,81,8,1,4,7,2.1568351942176544e-05,0.00011866555629451782,0.00014023390823669437,0.00011866555629451782
55,82,8,2,4,6,0.00012968400579993069,1.6481675495075518e-05,0.00014616568129500622,0.00012968400579993069
55,83,8,3,4,5,0.0007003577431865553,0.0007115236893272219,0.0014118814325137772,0.0007115236893272219
55,84,8,4,4,4,0.0019265248670292977,0.00262808298449744,0.004554607851526738,0.00262808298449744
55,85,8,5,4,3,0.002828785896732403,0.0047133819259310246,0.007542167822663428,0.0047133819259310246
55,86,8,6,4,4,0.0019262983906546713,0.002628628378737016,0.0045549267693916875,0.002628628378737016
55,87,8,7,4,5,0.000697643728434625,0.0007085552874488928,0.001406199015883518,0.0007085552874488928
55,88,8,8,4,6,0.00011892958033887658,3.6071008237226006e-05,0.0001550005885761026,0.00011892958033887658
55,89,8,9,4,7,4.4746320932555286e-05,0.0001788018626858904,0.00022354818361844568,0.0001788018626858904
55,90,9,0,4,9,2.739026728985778e-05,4.455148766563782e-05,7.19417549554956e-05,4.455148766563782e-05
55,91,9,1,4,8,4.382683686296351e-05,0.00010185049303436303,0.00014567732989732656,0.00010185049303436303
55,92,9,2,4,7,3.8071426017802485e-05,0.00017021455676883345,0.00020828598278663593,0.00017021455676883345
55,93,9,3,4,6,7.888802877097925e-05,0.00010789442049636293,0.00018678244926734216,0.00010789442049636293
55,94,9,4,4,5,0.0003728009489691209,0.0002478394591005954,0.0006206404080697162,0.0003728009489691209
55,95,9,5,4,4,0.0006325081747726496,0.0006447381589420336,0.0012772463337146832,0.0006447381589420336
55,96,9,6,4,5,0.00037309190516747286,0.0002492049166298446,0.0006222968217973175,0.00037309190516747286
55,97,9,7,4,6,7.798931732026001e-05,0.00010720769291103525,0.00018519701023129526,0.00010720769291103525
55,98,9,8,4,7,4.474632093361174e-05,0.00017880186268817743,0.00022354818362178917,0.00017880186268817743
55,99,9,9,4,8,6.45119608654556e-05,0.00014093247282040544,0.00020544443368586103,0.00014093247282040544
55,0,0,0,5,10,1.2686560753681773e-05,4.896789688165176e-06,1.758335044184695e-05,1.2686560753681773e-05
55,1,0,1,5,9,3.030394340459057e-05,3.057633751403579e-05,6.088028091862636e-05,3.057633751403579e-05
55,2,0,2,5,8,5.333742062708355e-05,7.878905823856795e-05,0.0001321264788656515,7.878905823856795e-05
55,3,0,3,5,7,4.955218115842977e-05,0.00012376321135044242,0.0001733153925088722,0.00012376321135044242
55,4,0,4,5,6,1.081906241945345e-05,0.00012028836911081327,0.00013110743153026672,0.00012028836911081327
55,5,0,5,5,5,7.224577206275482e-05,8.291074904556596e-05,0.00015515652110832076,8.291074904556596e-05
55,6,0,6,5,6,1.1392134563377551e-05,0.00011923195860499682,0.00013062409316837438,0.00011923195860499682
55,7,0,7,5,7,4.903683145004905e-05,0.00012176546623033723,0.00017080229768038626,0.00012176546623033723
55,8,0,8,5,8,5.570154284405519e-05,7.811734574257662e-05,0.0001338188885866318,7.811734574257662e-05
55,9,0,9,5,9,4.217849976174758e-05,3.950553433677681e-05,8.168403409852439e-05,4.217849976174758e-05
55,10,1,0,5,9,3.0303943393032843e-05,3.0576337499585916e-05,6.088028089261876e-05,3.0576337499585916e-05
55,11,1,1,5,8,4.473088248864444e-05,7.202620160861487e-05,0.00011675708409725931,7.202620160861487e-05
55,12,1,2,5,7,2.4345931548984298e-05,0.00012231317787465146,0.00014665910942363575,0.00012231317787465146
55,13,1,3,5,6,0.00014337985441323925,7.549874238486211e-05,0.00021887859679810138,0.00014337985441323925
55,14,1,4,5,5,0.0005389458130649605,0.00019876254512379046,0.0007377083581887509,0.0005389458130649605
55,15,1,5,5,4,0.0008750409156181216,0.0005146207154534155,0.001389661631071537,0.0008750409156181216
55,16,1,6,5,5,0.0005391897944348403,0.00019970819243924446,0.0007388979868740848,0.0005391897944348403
55,17,1,7,5,6,0.00014221417631252124,7.49203296522535e-05,0.00021713450596477476,0.00014221417631252124
55,18,1,8,5,7,3.1895228463375265e-05,0.00012798683148341399,0.00015988205994678926,0.00012798683148341399
55,19,1,9,5,8,6.711339820917681e-05,9.908523808838305e-05,0.00016619863629755986,9.908523808838305e-05
55,20,2,0,5,8,5.333742061468108e-05,7.878905822616694e-05,0.000132126478840848,7.878905822616694e-05
55,21,2,1,5,7,2.434593154720952e-05,0.00012231317787432996,0.00014665910942153948,0.00012231317787432996
55,22,2,2,5,6,0.0002208481929941297,5.2837882700185923e-05,0.00027368607569431565,0.0002208481929941297
55,23,2,3,5,5,0.0011131390226214368,0.000575531119302357,0.0016886701419237937,0.0011131390226214368
55,24,2,4,5,4,0.00296966591656489,0.0023098453577543856,0.005279511274319276,0.00296966591656489
55,25,2,5,5,3,0.004090496758359528,0.004251983713298635,0.008342480471658163,0.004251983713298635
55,26,2,6,5,4,0.0029690879591357322,0.0023102536232618267,0.005279341582397559,0.0029690879591357322
55,27,2,7,5,5,0.0011086427000457425,0.0005725755898876121,0.0016812182899333546,0.0011086427000457425
55,28,2,8,5,6,0.00020461359345075382,7.162283559739935e-05,0.00027623642904815314,0.00020461359345075382
55,29,2,9,5,7,5.700304024133563e-05,0.0001808002366516799,0.00023780327689301551,0.0001808002366516799
55,30,3,0,5,7,4.9552181144480515e-05,0.000123763211337217,0.0001733153924816975,0.000123763211337217
55,31,3,1,5,6,0.000143379854419121,7.549874237843202e-05,0.00021887859679755301,0.000143379854419121
55,32,3,2,5,5,0.0011131390226170577,0.0005755311192954997,0.0016886701419125574,0.0011131390226170577
55,33,3,3,5,4,0.004277336278096974,0.003480703135609132,0.007758039413706105,0.004277336278096974
55,34,3,4,5,3,0.009512795471018005,0.011246442363623512,0.020759237834641515,0.011246442363623512
55,35,3,5,5,2,0.003940926148932589,0.021617033692100347,0.025557959841032936,0.021617033692100347
55,36,3,6,5,3,0.009511059869541934,0.011245726995002226,0.020756786864544158,0.011245726995002226
55,37,3,7,5,4,0.004268917978429264,0.0034723665987086826,0.007741284577137947,0.004268917978429264
55,38,3,8,5,5,0.001090463601920199,0.0005406626256402381,0.0016311262275604372,0.001090463601920199
55,39,3,9,5,6,0.00012618961384288074,0.0001566287922778901,0.0002828184061207708,0.0001566287922778901
55,40,4,0,5,6,1.081906242828484e-05,0.00012028836910251747,0.00013110743153080232,0.00012028836910251747
55,41,4,1,5,5,0.0005389458130654881,0.00019876254512285813,0.0007377083581883462,0.0005389458130654881
55,42,4,2,5,4,0.002969665916558778,0.0023098453577476484,0.005279511274306426,0.002969665916558778
55,43,4,3,5,3,0.00951279547101386,0.011246442363619042,0.020759237834632904,0.011246442363619042
55,44,4,4,5,2,0.010996064713044115,0.03858500423560913,0.049581068948653245,0.03858500423560913
55,45,4,5,5,1,0.275117367913856,0.09071496409279102,0.365832332006647,0.275117367913856
55,46,4,6,5,2,0.010998113012398385,0.03858306782460042,0.049581180836998806,0.03858306782460042
55,47,4,7,5,3,0.009502078519365046,0.011233376178751251,0.020735454698116298,0.011233376178751251
55,48,4,8,5,4,0.002949449476100001,0.002265603971955723,0.0052150534480557235,0.002949449476100001
55,49,4,9,5,5,0.0005827113725880446,0.00013648620138618806,0.0007191975739742327,0.0005827113725880446
55,50,5,0,5,5,7.224577207114317e-05,8.291074903503773e-05,0.0001551565211061809,8.291074903503773e-05
55,51,5,1,5,4,0.0008750409156194194,0.0005146207154566627,0.001389661631076082,0.0008750409156194194
55,52,5,2,5,3,0.004090496758351375,0.00425198371328862,0.008342480471639994,0.00425198371328862
55,53,5,3,5,2,0.003940926148933273,0.021617033692100437,0.02555795984103371,0.021617033692100437
55,54,5,4,5,1,0.27511736791385843,0.09071496409278752,0.36583233200664594,0.27511736791385843
55,55,5,5,5,0,3.3808078591693986,0.3531648561387176,3.7339727153081164,3.3808078591693986
55,56,5,6,5,1,0.2751203896994327,0.09071254288761857,0.3658329325870513,0.2751203896994327
55,57,5,7,5,2,0.00394449225440867,0.021602521893125642,0.02554701414753431,0.021602521893125642
55,58,5,8,5,3,0.004076427157692796,0.004208312613027432,0.008284739770720228,0.004208312613027432
55,59,5,9,5,4,0.000975049299111744,0.0004910977572201788,0.0014661470563319227,0.000975049299111744
55,60,6,0,5,6,1.139213455830053e-05,0.00011923195861294941,0.00013062409317124993,0.00011923195861294941
55,61,6,1,5,5,0.0005391897944313385,0.00019970819243659153,0.00073889798686793,0.0005391897944313385
55,62,6,2,5,4,0.00296908795913445,0.0023102536232632287,0.005279341582397679,0.00296908795913445
55,63,6,3,5,3,0.009511059869539974,0.011245726994999606,0.020756786864539578,0.011245726994999606
55,64,6,4,5,2,0.010998113012395998,0.03858306782460739,0.049581180837003386,0.03858306782460739
55,65,6,5,5,1,0.27512038969942837,0.09071254288762462,0.36583293258705296,0.27512038969942837
55,66,6,6,5,2,0.011000123072808728,0.03858117719099428,0.049581300263803,0.03858117719099428
55,67,6,7,5,3,0.009500474504736817,0.011232817139267704,0.02073329164400452,0.011232817139267704
55,68,6,8,5,4,0.0029490944688032087,0.0022663665695128146,0.005215461038316023,0.0029490944688032087
55,69,6,9,5,5,0.0005831539177037599,0.00013797050283225043,0.0007211244205360103,0.0005831539177037599
55,70,7,0,5,7,4.9036831454946915e-05,0.00012176546623364083,0.00017080229768858774,0.00012176546623364083
55,71,7,1,5,6,0.00014221417630301206,7.492032966460447e-05,0.00021713450596761653,0.00014221417630301206
55,72,7,2,5,5,0.0011086427000450711,0.0005725755898884718,0.0016812182899335428,0.0011086427000450711
55,73,7,3,5,4,0.004268917978431841,0.0034723665987150517,0.007741284577146893,0.004268917978431841
55,74,7,4,5,3,0.009502078519357773,0.011233376178738977,0.020735454698096747,0.011233376178738977
55,75,7,5,5,2,0.003944492254406997,0.021602521893134753,0.02554701414754175,0.021602521893134753
55,76,7,6,5,3,0.009500474504740813,0.011232817139273692,0.020733291644014506,0.011232817139273692
55,77,7,7,5,4,0.0042607824422638205,0.0034644581923004643,0.007725240634564284,0.0042607824422638205
55,78,7,8,5,5,0.0010862723637805822,0.0005384664947089979,0.00162473885848958,0.0010862723637805822
55,79,7,9,5,6,0.00012479013099941255,0.00015536513267790848,0.000280155263677321,0.00015536513267790848
55,80,8,0,5,8,5.570154284881101e-05,7.811734574353533e-05,0.00013381888859234634,7.811734574353533e-05
55,81,8,1,5,7,3.189522846966781e-05,0.0001279868314884526,0.00015988205995812042,0.0001279868314884526
55,82,8,2,5,6,0.00020461359344873007,7.162283559907972e-05,0.0002762364290478098,0.00020461359344873007
55,83,8,3,5,5,0.0010904636019167591,0.0005406626256353744,0.0016311262275521335,0.0010904636019167591
55,84,8,4,5,4,0.002949449476094731,0.0022656039719487517,0.005215053448043483,0.002949449476094731
55,85,8,5,5,3,0.00407642715769584,0.004208312613032792,0.008284739770728633,0.004208312613032792
55,86,8,6,5,4,0.0029490944688036467,0.0022663665695134387,0.005215461038317085,0.0029490944688036467
55,87,8,7,5,5,0.0010862723637822217,0.0005384664947118402,0.001624738858494062,0.0010862723637822217
55,88,8,8,5,6,0.00018807952296118197,8.968195885750229e-05,0.00027776148181868425,0.00018807952296118197
55,89,8,9,5,7,6.72997496657572e-05,0.00018773918427433302,0.0002550389339400902,0.00018773918427433302
55,90,9,0,5,9,4.217849978024767e-05,3.950553435771638e-05,8.168403413796405e-05,4.217849978024767e-05
55,91,9,1,5,8,6.7113398218352e-05,9.9085238098126e-05,0.00016619863631647802,9.9085238098126e-05
55,92,9,2,5,7,5.700304023757485e-05,0.0001808002366443085,0.00023780327688188336,0.0001808002366443085
55,93,9,3,5,6,0.00012618961384510283,0.00015662879227326605,0.00028281840611836886,0.00015662879227326605
55,94,9,4,5,5,0.0005827113725814526,0.00013648620137692513,0.0007191975739583778,0.0005827113725814526
55,95,9,5,5,4,0.0009750492991117593,0.0004910977572213475,0.0014661470563331067,0.0009750492991117593
55,96,9,6,5,5,0.0005831539176993644,0.0001379705028270435,0.0007211244205264079,0.0005831539176993644
55,97,9,7,5,6,0.00012479013100205147,0.0001553651326728742,0.0002801552636749257,0.0001553651326728742
55,98,9,8,5,7,6.729974966726336e-05,0.00018773918427644103,0.0002550389339437044,0.00018773918427644103
55,99,9,9,5,8,9.892228765635335e-05,0.00013538095650624763,0.000234303244162601,0.00013538095650624763
55,0,0,0,6,10,1.8264143790213887e-05,2.3818794255169372e-06,2.0646023215730823e-05,1.8264143790213887e-05
55,1,0,1,6,9,4.338070793649375e-05,2.712193472109721e-05,7.050264265759096e-05,4.338070793649375e-05
55,2,0,2,6,8,7.58820068827908e-05,7.578065238478573e-05,0.0001516626592675765,7.58820068827908e-05
55,3,0,3,6,7,6.922787187569292e-05,0.0001264355015023846,0.0001956633733780775,0.0001264355015023846
55,4,0,4,6,6,1.9284228076628513e-05,0.00013462213097073105,0.00015390635904735957,0.00013462213097073105
55,5,0,5,6,5,0.00010782066265186942,0.00010537124372622425,0.00021319190637809367,0.00010782066265186942
55,6,0,6,6,6,2.0103496914784047e-05,0.0001335680566789974,0.00015367155359378147,0.0001335680566789974
55,7,0,7,6,7,6.850344285998437e-05,0.0001242854994124077,0.00019278894227239206,0.0001242854994124077
55,8,0,8,6,8,7.930272937313411e-05,7.44164885799944e-05,0.0001537192179531285,7.930272937313411e-05
55,9,0,9,6,9,6.043104765617423e-05,3.430262679935892e-05,9.473367445553315e-05,6.043104765617423e-05
55,10,1,0,6,9,4.338070792054706e-05,2.7121934707655924e-05,7.050264262820298e-05,4.338070792054706e-05
55,11,1,1,6,8,6.3493456529798e-05,7.016842115622618e-05,0.00013366187768602418,7.016842115622618e-05
55,12,1,2,6,7,3.249492188203737e-05,0.0001302439418860058,0.00016273886376804315,0.0001302439418860058
55,13,1,3,6,6,0.00021226221492491902,0.00011214320744227903,0.000324405422367198,0.00021226221492491902
55,14,1,4,6,5,0.0007827398588214139,0.00011385627201504396,0.0008965961308364578,0.0007827398588214139
55,15,1,5,6,4,0.0012452265192764672,0.0003960423714024641,0.0016412688906789312,0.0012452265192764672
55,16,1,6,6,5,0.0007830827348180886,0.00011487190544746208,0.0008979546402655507,0.0007830827348180886
55,17,1,7,6,6,0.0002105732903089117,0.00011118871307588879,0.0003217620033848005,0.0002105732903089117
55,18,1,8,6,7,4.331028006301381e-05,0.00013479693927789403,0.00017810721934090784,0.00013479693927789403
55,19,1,9,6,8,9.547629179803738e-05,9.528189186312222e-05,0.0001907581836611596,9.547629179803738e-05
55,20,2,0,6,8,7.588200686556774e-05,7.578065237380832e-05,0.00015166265923937606,7.588200686556774e-05
55,21,2,1,6,7,3.2494921879385544e-05,0.00013024394188595193,0.00016273886376533747,0.00013024394188595193
55,22,2,2,6,6,0.0003251461357027825,0.00010285497147981004,0.00042800110718259256,0.0003251461357027825
55,23,2,3,6,5,0.0016124144415033727,0.0004171659163074342,0.002029580357810807,0.0016124144415033727
55,24,2,4,6,4,0.0041971192283109015,0.001968233306032767,0.006165352534343669,0.0041971192283109015
55,25,2,5,6,3,0.005401723410959251,0.0037710066273308903,0.00917273003829014,0.005401723410959251
55,26,2,6,6,4,0.004196281012818775,0.0019688452426532997,0.006165126255472075,0.004196281012818775
55,27,2,7,6,5,0.0016059546428974741,0.00041493364891182275,0.002020888291809297,0.0016059546428974741
55,28,2,8,6,6,0.0003019417326847979,0.00012012904005054268,0.00042207077273534053,0.0003019417326847979
55,29,2,9,6,7,7.872908542037475e-05,0.00018814656909354658,0.00026687565451392133,0.00018814656909354658
55,30,3,0,6,7,6.922787185645592e-05,0.0001264355014909653,0.00019566337334742123,0.0001264355014909653
55,31,3,1,6,6,0.00021226221493295442,0.00011214320743653654,0.00032440542236949094,0.00021226221493295442
55,32,3,2,6,5,0.0016124144414974403,0.0004171659163008615,0.002029580357798302,0.0016124144414974403
55,33,3,3,6,4,0.006035819056739967,0.003005679045013041,0.009041498101753007,0.006035819056739967
55,34,3,4,6,3,0.01221966433781627,0.010192451120079087,0.022412115457895357,0.01221966433781627
55,35,3,5,6,2,0.006274995598113808,0.02003900805770688,0.02631400365582069,0.02003900805770688
55,36,3,6,6,3,0.012217175404669324,0.01019208026194674,0.022409255666616064,0.012217175404669324
55,37,3,7,6,4,0.0060237684389599245,0.002998324062975535,0.009022092501935459,0.0060237684389599245
55,38,3,8,6,5,0.001580176133569943,0.00038341257204657414,0.001963588705616517,0.001580176133569943
55,39,3,9,6,6,0.00018922508304102602,0.00019840670525051178,0.0003876317882915378,0.00019840670525051178
55,40,4,0,6,6,1.9284228088908573e-05,0.00013462213096367045,0.00015390635905257902,0.00013462213096367045
55,41,4,1,6,5,0.0007827398588222469,0.00011385627201394765,0.0008965961308361946,0.0007827398588222469
55,42,4,2,6,4,0.004197119228302461,0.00196823330602667,0.006165352534329131,0.004197119228302461
55,43,4,3,6,3,0.012219664337810618,0.01019245112007516,0.022412115457885778,0.012219664337810618
55,44,4,4,6,2,0.01940577643574796,0.036036928283541624,0.05544270471928958,0.036036928283541624
55,45,4,5,6,1,0.3481232529231823,0.08640410390894346,0.43452735683212573,0.3481232529231823
55,46,4,6,6,2,0.01940945751267218,0.0360354220231597,0.05544487953583188,0.0360354220231597
55,47,4,7,6,3,0.0122044118147531,0.01018036350077768,0.022384775315530778,0.0122044118147531
55,48,4,8,6,4,0.00416871245624833,0.0019235740209232362,0.006092286477171566,0.00416871245624833
55,49,4,9,6,5,0.0008485221667240487,3.683199720845244e-05,0.0008853541639325011,0.0008485221667240487
55,50,5,0,6,5,0.0001078206626633467,0.00010537124371652926,0.00021319190637987596,0.0001078206626633467
55,51,5,1,6,4,0.0012452265192782546,0.0003960423714058215,0.0016412688906840762,0.0012452265192782546
55,52,5,2,6,3,0.0054017234109482275,0.0037710066273217925,0.00917273003827002,0.0054017234109482275
55,53,5,3,6,2,0.006274995598116347,0.020039008057707485,0.026314003655823832,0.020039008057707485
55,54,5,4,6,1,0.3481232529231855,0.08640410390894032,0.43452735683212584,0.3481232529231855
55,55,5,5,6,0,3.651231856278297,0.3441177714348732,3.99534962771317,3.651231856278297
55,56,5,6,6,1,0.34812759245013625,0.08640212918676897,0.43452972163690523,0.34812759245013625
55,57,5,7,6,2,0.00628771052630447,0.020025370246150344,0.026313080772454814,0.020025370246150344
55,58,5,8,6,3,0.005382307798229333,0.0037257571696211094,0.009108064967850441,0.005382307798229333
55,59,5,9,6,4,0.001391921144432064,0.00035027415151749937,0.0017421952959495632,0.001391921144432064
55,60,6,0,6,6,2.0103496907796815e-05,0.00013356805668661225,0.00015367155359440906,0.00013356805668661225
55,61,6,1,6,5,0.0007830827348132066,0.000114871905445286,0.0008979546402584927,0.0007830827348132066
55,62,6,2,6,4,0.00419628101281696,0.001968845242655123,0.006165126255472083,0.00419628101281696
55,63,6,3,6,3,0.012217175404666757,0.01019208026194442,0.02240925566661118,0.012217175404666757
55,64,6,4,6,2,0.01940945751266795,0.03603542202316662,0.055444879535834574,0.03603542202316662
55,65,6,5,6,1,0.3481275924501303,0.08640212918677469,0.434529721636905,0.3481275924501303
55,66,6,6,6,2,0.01941306943823587,0.03603395468514848,0.05544702412338435,0.03603395468514848
55,67,6,7,6,3,0.012202110794517454,0.01018013721442992,0.022382248008947375,0.012202110794517454
55,68,6,8,6,4,0.004168192736580188,0.0019245340496554908,0.006092726786235679,0.004168192736580188
55,69,6,9,6,5,0.0008491465283761138,3.837628961163023e-05,0.000887522817987744,0.0008491465283761138
55,70,7,0,6,7,6.850344286688434e-05,0.00012428549941499817,0.0001927889422818825,0.00012428549941499817
55,71,7,1,6,6,0.00021057329029587258,0.00011118871308736824,0.0003217620033832408,0.00021057329029587258
55,72,7,2,6,5,0.0016059546428964578,0.0004149336489128717,0.0020208882918093295,0.0016059546428964578
55,73,7,3,6,4,0.006023768438963283,0.002998324062981864,0.009022092501945148,0.006023768438963283
55,74,7,4,6,3,0.012204411814743379,0.010180363500765812,0.02238477531550919,0.012204411814743379
55,75,7,5,6,2,0.006287710526297826,0.02002537024615895,0.026313080772456778,0.02002537024615895
55,76,7,6,6,3,0.012202110794522984,0.010180137214435706,0.02238224800895869,0.012202110794522984
55,77,7,7,6,4,0.006012121934268712,0.0029913861510573927,0.009003508085326104,0.006012121934268712
55,78,7,8,6,5,0.001574149522575851,0.00038197013744717395,0.001956119660023025,0.001574149522575851
55,79,7,9,6,6,0.00018719183229299878,0.00019661003850863566,0.00038380187080163443,0.00019661003850863566
55,80,8,0,6,8,7.930272937993645e-05,7.441648857996937e-05,0.00015371921795990582,7.930272937993645e-05
55,81,8,1,6,7,4.331028007177964e-05,0.00013479693928208293,0.00017810721935386257,0.00013479693928208293
55,82,8,2,6,6,0.0003019417326820103,0.000120129040051924,0.0004220707727339343,0.0003019417326820103
55,83,8,3,6,5,0.00158017613356526,0.0003834125720419678,0.0019635887056072276,0.00158017613356526
55,84,8,4,6,4,0.004168712456240961,0.0019235740209165458,0.006092286477157507,0.004168712456240961
55,85,8,5,6,3,0.005382307798233524,0.003725757169626376,0.009108064967859899,0.005382307798233524
55,86,8,6,6,4,0.004168192736580885,0.0019245340496561617,0.0060927267862370465,0.004168192736580885
55,87,8,7,6,5,0.0015741495225781697,0.00038197013744999483,0.0019561196600281646,0.0015741495225781697
55,88,8,8,6,6,0.00027829820984660815,0.0001364889708423158,0.00041478718068892396,0.00027829820984660815
55,89,8,9,6,7,9.351364822503498e-05,0.00019345264615380057,0.00028696629437883553,0.00019345264615380057
55,90,9,0,6,9,6.043104768185616e-05,3.430262681845328e-05,9.473367450030945e-05,6.043104768185616e-05
55,91,9,1,6,8,9.547629181085287e-05,9.528189187189868e-05,0.00019075818368275154,9.547629181085287e-05
55,92,9,2,6,7,7.872908541530975e-05,0.00018814656908622084,0.0002668756545015306,0.00018814656908622084
55,93,9,3,6,6,0.00018922508304400972,0.0001984067052458775,0.0003876317882898872,0.0001984067052458775
55,94,9,4,6,5,0.0008485221667149622,3.6831997200260755e-05,0.000885354163915223,0.0008485221667149622
55,95,9,5,6,4,0.001391921144431981,0.0003502741515187437,0.0017421952959507248,0.001391921144431981
55,96,9,6,6,5,0.0008491465283702689,3.837628960723647e-05,0.0008875228179775054,0.0008491465283702689
55,97,9,7,6,6,0.0001871918322966008,0.00019661003850364835,0.00038380187080024915,0.00019661003850364835
55,98,9,8,6,7,9.351364822702568e-05,0.00019345264615574056,0.00028696629438276625,0.00019345264615574056
55,99,9,9,6,8,0.00014097072066268125,0.0001285452324434641,0.00026951595310614534,0.00014097072066268125
55,0,0,0,7,10,2.491219488594028e-05,2.483088418143275e-07,2.5160503727754607e-05,2.491219488594028e-05
55,1,0,1,7,9,5.876725607585868e-05,2.3557819142127906e-05,8.232507521798658e-05,5.876725607585868e-05
55,2,0,2,7,8,0.00010201364701573171,7.20476340404242e-05,0.00017406128105615593,0.00010201364701573171
55,3,0,3,7,7,9.094797734085608e-05,0.00012726006948543842,0.0002182080468262945,0.00012726006948543842
55,4,0,4,7,6,3.216132869937261e-05,0.00014581494633865804,0.00017797627503803064,0.00014581494633865804
55,5,0,5,7,5,0.00015250665586483245,0.00012408762464345615,0.0002765942805082886,0.00015250665586483245
55,6,0,6,7,6,3.327311697486746e-05,0.00014477443356661487,0.00017804755054148233,0.00014477443356661487
55,7,0,7,7,7,8.998831895140585e-05,0.00012498850692956877,0.00021497682588097463,0.00012498850692956877
55,8,0,8,7,8,0.00010670768512958782,7.004197159896486e-05,0.0001767496567285527,0.00010670768512958782
55,9,0,9,7,9,8.19509043454607e-05,2.900818011988355e-05,0.00011095908446534424,8.19509043454607e-05
55,10,1,0,7,9,5.876725605502922e-05,2.355781912966019e-05,8.23250751846894e-05,5.876725605502922e-05
55,11,1,1,7,8,8.511721134544508e-05,6.756978876935417e-05,0.00015268700011479927,8.511721134544508e-05
55,12,1,2,7,7,4.012298642214564e-05,0.00013583465755725958,0.00017595764397940523,0.00013583465755725958
55,13,1,3,7,6,0.000298826339229779,0.0001437099778066634,0.00044253631703644245,0.000298826339229779
55,14,1,4,7,5,0.0010749739081944753,3.774356617895706e-05,0.0011127174743734323,0.0010749739081944753
55,15,1,5,7,4,0.001666696185241611,0.0002869404177704563,0.0019536366030120673,0.001666696185241611
55,16,1,6,7,5,0.0010754280483691243,3.878770430222919e-05,0.0011142157526713534,0.0010754280483691243
55,17,1,7,7,6,0.00029650490004310955,0.0001424095134701591,0.00043891441351326865,0.00029650490004310955
55,18,1,8,7,7,5.477874078709239e-05,0.00013927876413610414,0.00019405750492319654,0.00013927876413610414
55,19,1,9,7,8,0.00012834800496113488,9.056684874806562e-05,0.0002189148537092005,0.00012834800496113488
55,20,2,0,7,8,0.0001020136469930961,7.20476340307913e-05,0.00017406128102388741,0.0001020136469930961
55,21,2,1,7,7,4.0122986418435974e-05,0.00013583465755746002,0.000175957643975896,0.00013583465755746002
55,22,2,2,7,6,0.0004549371533348791,0.00014660235794869303,0.0006015395112835721,0.0004549371533348791
55,23,2,3,7,5,0.002207708632095816,0.00027177402128974657,0.0024794826533855625,0.002207708632095816
55,24,2,4,7,4,0.005565673786168892,0.0016461468072604092,0.007211820593429301,0.005565673786168892
55,25,2,5,7,3,0.0066713720328017475,0.00331169267432078,0.009983064707122527,0.0066713720328017475
55,26,2,6,7,4,0.005564520479168122,0.0016469449713398339,0.007211465450507956,0.005564520479168122
55,27,2,7,7,5,0.00219891915928237,0.00027024945782624905,0.002469168617108619,0.00219891915928237
55,28,2,8,7,6,0.0004235570499620691,0.00016224873729246632,0.0005858057872545354,0.0004235570499620691
55,29,2,9,7,7,0.0001018867172737305,0.0001924926285430031,0.0002943793458167336,0.0001924926285430031
55,30,3,0,7,7,9.094797731575606e-05,0.00012726006947571104,0.00021820804679146709,0.00012726006947571104
55,31,3,1,7,6,0.00029882633924018735,0.0001437099778015578,0.00044253631704174517,0.00029882633924018735
55,32,3,2,7,5,0.0022077086320882004,0.000271774021283478,0.0024794826533716782,0.0022077086320882004
55,33,3,3,7,4,0.007986425783561017,0.002555496191653282,0.0105419219752143,0.007986425783561017
55,34,3,4,7,3,0.014565263301253907,0.00917294371000292,0.023738207011256826,0.014565263301253907
55,35,3,5,7,2,0.010670000250129036,0.018494447495995936,0.02916444774612497,0.018494447495995936
55,36,3,6,7,3,0.014561879117011279,0.009172903040061553,0.02373478215707283,0.014561879117011279
55,37,3,7,7,4,0.007970102575213156,0.002549150759088187,0.010519253334301343,0.007970102575213156
55,38,3,8,7,5,0.0021644013204678123,0.00023950767898600736,0.00240390899945382,0.0021644013204678123
55,39,3,9,7,6,0.00027020170233424634,0.00023359239622426013,0.0005037940985585065,0.00027020170233424634
55,40,4,0,7,6,3.216132871559636e-05,0.0001458149463327522,0.00017797627504834856,0.0001458149463327522
55,41,4,1,7,5,0.001074973908195691,3.774356617787788e-05,0.001112717474373569,0.001074973908195691
55,42,4,2,7,4,0.005565673786157879,0.0016461468072549179,0.007211820593412797,0.005565673786157879
55,43,4,3,7,3,0.014565263301246613,0.009172943709999496,0.02373820701124611,0.014565263301246613
55,44,4,4,7,2,0.03130323316162537,0.03352567599988646,0.06482890916151184,0.03352567599988646
55,45,4,5,7,1,0.4170280162258458,0.08211234189346085,0.4991403581193066,0.4170280162258458
55,46,4,6,7,2,0.03130849987794664,0.03352459372811506,0.06483309360606171,0.03352459372811506
55,47,4,7,7,3,0.014544717952951225,0.009161921562306984,0.02370663951525821,0.014544717952951225
55,48,4,8,7,4,0.005528079138314215,0.0016016822500061743,0.00712976138832039,0.005528079138314215
55,49,4,9,7,5,0.0011691351068706434,5.499280102082886e-05,0.0012241279078914723,0.0011691351068706434
55,50,5,0,7,5,0.00015250665587970496,0.00012408762463455756,0.00027659428051426255,0.00015250665587970496
55,51,5,1,7,4,0.0016666961852439505,0.0002869404177738925,0.001953636603017843,0.0016666961852439505
55,52,5,2,7,3,0.006671372032787637,0.0033116926743125465,0.009983064707100184,0.006671372032787637
55,53,5,3,7,2,0.01067000025013301,0.01849444749599697,0.02916444774612998,0.01849444749599697
55,54,5,4,7,1,0.4170280162258499,0.08211234189345808,0.49914035811930796,0.4170280162258499
55,55,5,5,7,0,3.863266278822054,0.3350574262289743,4.1983237050510285,3.863266278822054
55,56,5,6,7,1,0.4170339152334644,0.08211081233967571,0.4991447275731401,0.4170339152334644
55,57,5,7,7,2,0.010690093490890232,0.018481800251263236,0.029171893742153468,0.018481800251263236
55,58,5,8,7,3,0.006646244771748106,0.00326560533290383,0.009911850104651936,0.006646244771748106
55,59,5,9,7,4,0.0018704982359021172,0.00022194146913814358,0.0020924397050402607,0.0018704982359021172
55,60,6,0,7,6,3.327311696571523e-05,0.00014477443357389878,0.000178047550539614,0.00014477443357389878
55,61,6,1,7,5,0.0010754280483626848,3.878770430065356e-05,0.0011142157526633383,0.0010754280483626848
55,62,6,2,7,4,0.005564520479165702,0.0016469449713420205,0.0072114654505077225,0.005564520479165702
55,63,6,3,7,3,0.014561879117008085,0.009172903040059513,0.023734782157067598,0.014561879117008085
55,64,6,4,7,2,0.031308499877940876,0.03352459372812178,0.06483309360606265,0.03352459372812178
55,65,6,5,7,1,0.4170339152334566,0.08211081233968119,0.4991447275731378,0.4170339152334566
55,66,6,6,7,2,0.031313667553657366,0.03352354338283093,0.0648372109364883,0.03352354338283093
55,67,6,7,7,3,0.014541587979423704,0.009162012672533597,0.0237036006519573,0.014541587979423704
55,68,6,8,7,4,0.005527356224609829,0.0016028188411499546,0.007130175065759784,0.005527356224609829
55,69,6,9,7,5,0.0011699661325948083,5.3361275289000064e-05,0.0012233274078838083,0.0011699661325948083
55,70,7,0,7,7,8.998831896059836e-05,0.0001249885069314913,0.00021497682589208966,0.0001249885069314913
55,71,7,1,7,6,0.00029650490002616737,0.00014240951348081375,0.00043891441350698114,0.00029650490002616737
55,72,7,2,7,5,0.002198919159280925,0.000270249457827453,0.002469168617108378,0.002198919159280925
55,73,7,3,7,4,0.007970102575217304,0.0025491507590944444,0.010519253334311748,0.007970102575217304
55,74,7,4,7,3,0.014544717952938905,0.009161921562295498,0.023706639515234405,0.014544717952938905
55,75,7,5,7,2,0.010690093490879925,0.01848180025127138,0.029171893742151303,0.01848180025127138
55,76,7,6,7,3,0.014541587979430946,0.00916201267253919,0.023703600651970136,0.014541587979430946
55,77,7,7,7,4,0.007954325739811936,0.002543207391119298,0.010497533130931234,0.007954325739811936
55,78,7,8,7,5,0.0021561929545025602,0.00023879247587324862,0.002394985430375809,0.0021561929545025602
55,79,7,9,7,6,0.00026739771879417436,0.00023130963330193912,0.0004987073520961135,0.00026739771879417436
55,80,8,0,7,8,0.00010670768513878102,7.004197159802105e-05,0.00017674965673680206,0.00010670768513878102
55,81,8,1,7,7,5.477874079864342e-05,0.00013927876413949937,0.0001940575049381428,0.00013927876413949937
55,82,8,2,7,6,0.00042355704995842663,0.00016224873729357733,0.0005858057872520039,0.00042355704995842663
55,83,8,3,7,5,0.002164401320461759,0.00023950767898168226,0.0024039089994434414,0.002164401320461759
55,84,8,4,7,4,0.0055280791383044755,0.0016016822499997578,0.0071297613883042335,0.0055280791383044755
55,85,8,5,7,3,0.006646244771753565,0.0032656053329089794,0.009911850104662544,0.006646244771753565
55,86,8,6,7,4,0.005527356224610867,0.001602818841150666,0.007130175065761533,0.005527356224610867
55,87,8,7,7,5,0.0021561929545056615,0.0002387924758760134,0.002394985430381675,0.0021561929545056615
55,88,8,8,7,6,0.00039156416736366373,0.00017681722003630093,0.0005683813873999647,0.00039156416736366373
55,89,8,9,7,7,0.00012198764703178714,0.00019619670370004007,0.0003181843507318272,0.00019619670370004007
55,90,9,0,7,9,8.195090437921404e-05,2.9008180137203447e-05,0.00011095908451641748,8.195090437921404e-05
55,91,9,1,7,8,0.0001283480049780788,9.056684875591451e-05,0.0002189148537339933,0.0001283480049780788
55,92,9,2,7,7,0.00010188671726728081,0.00019249262853574095,0.00029437934580302174,0.00019249262853574095
55,93,9,3,7,6,0.0002702017023380415,0.0002335923962196243,0.0005037940985576658,0.0002702017023380415
55,94,9,4,7,5,0.0011691351068587735,5.499280102971364e-05,0.0012241279078884872,0.0011691351068587735
55,95,9,5,7,4,0.0018704982359018846,0.00022194146913944078,0.0020924397050413254,0.0018704982359018846
55,96,9,6,7,5,0.0011699661325874538,5.33612752933816e-05,0.0012233274078808354,0.0011699661325874538
55,97,9,7,7,6,0.0002673977187988444,0.00023130963329701543,0.0004987073520958598,0.0002673977187988444
55,98,9,8,7,7,0.00012198764703427408,0.0001961967037018226,0.0003181843507360967,0.0001961967037018226
55,99,9,9,7,8,0.00018991230818136588,0.00012059954802869866,0.0003105118562100645,0.00018991230818136588
55,0,0,0,8,10,3.259540780120568e-05,2.338482554682087e-06,3.493389035588777e-05,3.259540780120568e-05
55,1,0,1,8,9,7.627446169106866e-05,1.9928094557894266e-05,9.620255624896292e-05,7.627446169106866e-05
55,2,0,2,8,8,0.00013119137443642375,6.76848495893675e-05,0.00019887622402579126,0.00013119137443642375
55,3,0,3,8,7,0.00011366610352251206,0.00012639693814440868,0.00024006304166692072,0.00012639693814440868
55,4,0,4,8,6,5.061427313688426e-05,0.0001540804550084617,0.00020469472814534594,0.0001540804550084617
55,5,0,5,8,5,0.00020650138762292396,0.0001392915633332566,0.0003457929509561806,0.00020650138762292396
55,6,0,6,8,6,5.206049376152362e-05,0.00015306415958711152,0.00020512465334863515,0.00015306415958711152
55,7,0,7,8,7,0.00011245354620456198,0.00012403429843765344,0.00023648784464221542,0.00012403429843765344
55,8,0,8,8,8,0.0001373760697213274,6.509222705436405e-05,0.00020246829677569145,0.0001373760697213274
55,9,0,9,8,9,0.0001064977564835708,2.368247293347119e-05,0.000130180229417042,0.0001064977564835708
55,10,1,0,8,9,7.627446166497146e-05,1.9928094546367195e-05,9.620255621133866e-05,7.627446166497146e-05
55,11,1,1,8,8,0.00010908361778250613,6.43176259476831e-05,0.00017340124373018925,0.00010908361778250613
55,12,1,2,8,7,4.6100309644848115e-05,0.00013925416782647156,0.00018535447747131969,0.00013925416782647156
55,13,1,3,8,6,0.0004043691547972851,0.00017046057950585554,0.0005748297343031407,0.0004043691547972851
55,14,1,4,8,5,0.0014112364756259245,3.4268434441663834e-05,0.0014455049100675884,0.0014112364756259245
55,15,1,5,8,4,0.002124682185224673,0.0001871191605409054,0.0023118013457655785,0.002124682185224673
55,16,1,6,8,5,0.0014118102414488619,3.3207715007890354e-05,0.0014450179564567522,0.0014118102414488619
55,17,1,7,8,6,0.00040130452747830464,0.00016884608811005853,0.0005701506155883632,0.00040130452747830464
55,18,1,8,8,7,6.510440923538984e-05,0.00014161128390347536,0.0002067156931388652,0.00014161128390347536
55,19,1,9,8,8,0.00016504563769644158,8.506003259354852e-05,0.0002501056702899901,0.00016504563769644158
55,20,2,0,8,8,0.00013119137440790102,6.768484958100202e-05,0.00019887622398890304,0.00013119137440790102
55,21,2,1,8,7,4.610030963993018e-05,0.00013925416782691117,0.00018535447746684136,0.00013925416782691117
55,22,2,2,8,6,0.0006116240333359489,0.00018436373344521458,0.0007959877667811635,0.0006116240333359489
55,23,2,3,8,5,0.002888481013283036,0.0001394596887304992,0.003027940702013535,0.002888481013283036
55,24,2,4,8,4,0.007011608980681739,0.0013432877099988332,0.008354896690680572,0.007011608980681739
55,25,2,5,8,3,0.007828264116959449,0.0028739437694492664,0.010702207886408716,0.007828264116959449
55,26,2,6,8,4,0.007010084742582422,0.0013442535204110807,0.008354338262993503,0.007010084742582422
55,27,2,7,8,5,0.0028770139595838654,0.00013861987381928276,0.003015633833403148,0.0028770139595838654
55,28,2,8,8,6,0.0005709735489516706,0.00019829618577702277,0.0007692697347286934,0.0005709735489516706
55,29,2,9,8,7,0.00012488291428945744,0.00019407237971994225,0.0003189552940093997,0.00019407237971994225
55,30,3,0,8,7,0.00011366610349111754,0.00012639693813626187,0.0002400630416273794,0.00012639693813626187
55,31,3,1,8,6,0.0004043691548102362,0.0001704605795013416,0.0005748297343115778,0.0004043691548102362
55,32,3,2,8,5,0.00288848101327365,0.0001394596887246397,0.0030279407019982896,0.00288848101327365
55,33,3,3,8,4,0.010032681441082556,0.0021298767898258516,0.012162558230908407,0.010032681441082556
55,34,3,4,8,3,0.016361244892199277,0.008188464685112551,0.024549709577311826,0.016361244892199277
55,35,3,5,8,2,0.016350473739738962,0.01698584435102206,0.03333631809076102,0.01698584435102206
55,36,3,6,8,3,0.016356829102097438,0.008188737334417903,0.024545566436515343,0.016356829102097438
55,37,3,7,8,4,0.010011497166569575,0.002124556713567973,0.012136053880137549,0.010011497166569575
55,38,3,8,8,5,0.002832837253893917,0.00010926163412789853,0.0029420988880218156,0.002832837253893917
55,39,3,9,8,6,0.000371169894700043,0.00026255359538530763,0.0006337234900853507,0.000371169894700043
55,40,4,0,8,6,5.061427315744885e-05,0.0001540804550036327,0.00020469472816108154,0.0001540804550036327
55,41,4,1,8,5,0.0014112364756275959,3.4268434443408946e-05,0.001445504910071005,0.0014112364756275959
55,42,4,2,8,4,0.007011608980667981,0.0013432877099939225,0.008354896690661903,0.007011608980667981
55,43,4,3,8,3,0.016361244892190253,0.008188464685109604,0.024549709577299857,0.016361244892190253
55,44,4,4,8,2,0.04552311596574487,0.031056536802374305,0.07657965276811918,0.04552311596574487
55,45,4,5,8,1,0.479890868063672,0.07785506457794873,0.5577459326416208,0.479890868063672
55,46,4,6,8,2,0.04553007292674566,0.031055868347507887,0.07658594127425354,0.04553007292674566
55,47,4,7,8,3,0.016334735384542925,0.008178577386312749,0.024513312770855673,0.016334735384542925
55,48,4,8,8,4,0.006964185159236104,0.001299578611614547,0.008263763770850651,0.006964185159236104
55,49,4,9,8,5,0.001540888661625964,0.00013437321437958312,0.0016752618760055471,0.001540888661625964
55,50,5,0,8,5,0.00020650138764141394,0.00013929156332511658,0.0003457929509665305,0.00020650138764141394
55,51,5,1,8,4,0.002124682185227621,0.0001871191605443689,0.00231180134577199,0.002124682185227621
55,52,5,2,8,3,0.007828264116942119,0.0028739437694418487,0.010702207886383968,0.007828264116942119
55,53,5,3,8,2,0.01635047373974418,0.016985844351023502,0.03333631809076768,0.016985844351023502
55,54,5,4,8,1,0.479890868063677,0.0778550645779463,0.5577459326416233,0.479890868063677
55,55,5,5,8,0,4.026841356108372,0.32602359572665374,4.352864951835026,4.026841356108372
55,56,5,6,8,1,0.47989855205121074,0.07785397427628203,0.5577525263274927,0.47989855205121074
55,57,5,7,8,2,0.016377344788787673,0.016974284599598016,0.03335162938838569,0.016974284599598016
55,58,5,8,8,3,0.0077974132320326696,0.0028276988973888174,0.010625112129421486,0.0077974132320326696
55,59,5,9,8,4,0.0023957643866650753,0.0001062129500931725,0.002501977336758248,0.0023957643866650753
55,60,6,0,8,6,5.206049374999892e-05,0.00015306415959407177,0.00020512465334407068,0.00015306415959407177
55,61,6,1,8,5,0.0014118102414407228,3.320771500959055e-05,0.0014450179564503133,0.0014118102414407228
55,62,6,2,8,4,0.007010084742579344,0.0013442535204135832,0.008354338262992927,0.007010084742579344
55,63,6,3,8,3,0.016356829102093625,0.008188737334416133,0.024545566436509757,0.016356829102093625
55,64,6,4,8,2,0.045530072926738434,0.031055868347514462,0.07658594127425289,0.045530072926738434
55,65,6,5,8,1,0.47989855205120086,0.07785397427628736,0.5577525263274882,0.47989855205120086
55,66,6,6,8,2,0.045536899036209756,0.031055224749120917,0.07659212378533067,0.045536899036209756
55,67,6,7,8,3,0.016330649347629626,0.008178968140380542,0.024509617488010168,0.016330649347629626
55,68,6,8,8,4,0.00696321798829681,0.0013008699306725404,0.00826408791896935,0.00696321798829681
55,69,6,9,8,5,0.0015419449129879179,0.00013266408213911547,0.0016746089951270332,0.0015419449129879179
55,70,7,0,8,7,0.00011245354621629302,0.00012403429843895166,0.0002364878446552447,0.00012403429843895166
55,71,7,1,8,6,0.0004013045274571684,0.00016884608811992924,0.0005701506155770976,0.0004013045274571684
55,72,7,2,8,5,0.0028770139595819125,0.00013861987382059182,0.0030156338334025043,0.0028770139595819125
55,73,7,3,8,4,0.010011497166574491,0.0021245567135741287,0.01213605388014862,0.010011497166574491
55,74,7,4,8,3,0.016334735384527916,0.008178577386301641,0.024513312770829555,0.016334735384527916
55,75,7,5,8,2,0.0163773447887743,0.016974284599605687,0.03335162938837999,0.016974284599605687
55,76,7,6,8,3,0.016330649347638726,0.008178968140385944,0.02450961748802467,0.016330649347638726
55,77,7,7,8,4,0.009991020511723457,0.0021196200170470326,0.01211064052877049,0.009991020511723457
55,78,7,8,8,5,0.0028221157976948564,0.0001092315709202053,0.0029313473686150616,0.0028221157976948564
55,79,7,9,8,6,0.0003674539893386343,0.0002598339792287474,0.0006272879685673817,0.0003674539893386343
55,80,8,0,8,8,0.00013737606973321617,6.509222705256661e-05,0.00020246829678578277,0.00013737606973321617
55,81,8,1,8,7,6.510440924996975e-05,0.0001416112839061297,0.00020671569315609947,0.0001416112839061297
55,82,8,2,8,6,0.000570973548947096,0.0001982961857778876,0.0007692697347249836,0.000570973548947096
55,83,8,3,8,5,0.002832837253886391,0.00010926163412405781,0.002942098888010449,0.002832837253886391
55,84,8,4,8,4,0.00696418515922377,0.001299578611608412,0.008263763770832181,0.00696418515922377
55,85,8,5,8,3,0.007797413232039482,0.0028276988973938437,0.010625112129433326,0.007797413232039482
55,86,8,6,8,4,0.006963217988298275,0.0013008699306732853,0.00826408791897156,0.006963217988298275
55,87,8,7,8,5,0.0028221157976988345,0.00010923157092280663,0.002931347368621641,0.0028221157976988345
55,88,8,8,8,6,0.0005294993220294384,0.00021100737341968196,0.0007405066954491203,0.0005294993220294384
55,89,8,9,8,7,0.0001510810731939942,0.00019621903453857274,0.00034730010773256694,0.00019621903453857274
55,90,9,0,8,9,0.00010649775652611995,2.368247294908386e-05,0.00013018022947520382,0.00010649775652611995
55,91,9,1,8,8,0.00016504563771792323,8.506003260051101e-05,0.00025010567031843426,0.00016504563771792323
55,92,9,2,8,7,0.0001248829142815866,0.00019407237971275884,0.00031895529399434547,0.00019407237971275884
55,93,9,3,8,6,0.00037116989470467756,0.0002625535953806791,0.0006337234900853567,0.00037116989470467756
55,94,9,4,8,5,0.0015408886616110776,0.00013437321438795704,0.0016752618759990345,0.0015408886616110776
55,95,9,5,8,4,0.002395764386664642,0.00010621295009443374,0.0025019773367590758,0.002395764386664642
55,96,9,6,8,5,0.0015419449129790421,0.0001326640821430231,0.0016746089951220652,0.0015419449129790421
55,97,9,7,8,6,0.00036745398934446167,0.0002598339792239021,0.0006272879685683638,0.00036745398934446167
55,98,9,8,8,7,0.00015108107319697117,0.00019621903454020829,0.00034730010773717946,0.00019621903454020829
55,99,9,9,8,8,0.00024484940748709366,0.00011170854910124818,0.0003565579565883418,0.00024484940748709366
55,0,0,0,9,10,4.1270367315187756e-05,4.47333380196015e-06,4.5743701117147906e-05,4.1270367315187756e-05
55,1,0,1,9,9,9.56805564126207e-05,1.627353081399362e-05,0.00011195408722661431,9.56805564126207e-05
55,2,0,2,9,8,0.00016278884521858552,6.278208899445327e-05,0.0002255709342130388,0.00016278884521858552
55,3,0,3,9,7,0.0001362235166547444,0.00012400116194307006,0.0002602246785978144,0.0001362235166547444
55,4,0,4,9,6,7.568217476715452e-05,0.0001596295321957235,0.00023531170696287803,0.0001596295321957235
55,5,0,5,9,5,0.0002695933559440997,0.00015121354797380582,0.0004208069039179055,0.0002695933559440997
55,6,0,6,9,6,7.749872578027298e-05,0.00015864748925926053,0.0002361462150395335,0.00015864748925926053
55,7,0,7,9,7,0.00013474984217253793,0.00012157747182116615,0.00025632731399370407,0.00013474984217253793
55,8,0,8,9,8,0.00017068148555434443,5.9659912167101996e-05,0.00023034139772144642,0.00017068148555434443
55,9,0,9,9,9,0.00013378930796547955,1.8381577539581357e-05,0.0001521708855050609,0.00013378930796547955
55,10,1,0,9,9,9.568055638096607e-05,1.6273530803379188e-05,0.00011195408718434527,9.568055638096607e-05
55,11,1,1,9,8,0.00013479340995577893,6.049493461838047e-05,0.0001952883445741594,0.00013479340995577893
55,12,1,2,9,7,4.9249955240403896e-05,0.0001406682273181755,0.00018991818255857939,0.0001406682273181755
55,13,1,3,9,6,0.0005296049012698922,0.00019266072685810513,0.0007222656281279974,0.0005296049012698922
55,14,1,4,9,5,0.0017847045105733358,9.51282255364742e-05,0.00187983273610981,0.0017847045105733358
55,15,1,5,9,4,0.002604062192372405,9.679424945403011e-05,0.0027008564418264354,0.002604062192372405
55,16,1,6,9,5,0.0017854017828681768,9.399168161522871e-05,0.0018793934644834055,0.0017854017828681768
55,17,1,7,9,6,0.0005256853083679018,0.00019076554110370172,0.0007164508494716035,0.0005256853083679018
55,18,1,8,9,7,7.300138342746608e-05,0.0001419692584364926,0.00021497064186395867,0.0001419692584364926
55,19,1,9,9,8,0.00020477838816701545,7.887492499036027e-05,0.0002836533131573757,0.00020477838816701545
55,20,2,0,9,8,0.00016278884518380863,6.27820889872797e-05,0.00022557093417108833,0.00016278884518380863
55,21,2,1,9,7,4.9249955234181545e-05,0.00014066822731883814,0.00018991818255301968,0.00014066822731883814
55,22,2,2,9,6,0.0007957817293407722,0.00021643920958213416,0.0010122209389229063,0.0007957817293407722
55,23,2,3,9,5,0.0036392181674727653,2.948832895642282e-05,0.003668706496429188,0.0036392181674727653
55,24,2,4,9,4,0.00847177203123207,0.0010593595974444535,0.009531131628676522,0.00847177203123207
55,25,2,5,9,3,0.008827749015031633,0.0024576343995009807,0.011285383414532614,0.008827749015031633
55,26,2,6,9,4,0.008469820037673577,0.001060473287726222,0.0095302933253998,0.008469820037673577
55,27,2,7,9,5,0.0036247475454010596,2.9297472060820047e-05,0.0036540450174618795,0.0036247475454010596
55,28,2,8,9,6,0.0007448962332017296,0.00022859430249835082,0.0009734905357000805,0.0007448962332017296
55,29,2,9,9,7,0.00014596634961304552,0.00019311424744012132,0.00033908059705316685,0.00019311424744012132
55,30,3,0,9,7,0.00013622351661675254,0.00012400116193639552,0.00026022467855314806,0.00013622351661675254
55,31,3,1,9,6,0.0005296049012855133,0.00019266072685414053,0.0007222656281396538,0.0005296049012855133
55,32,3,2,9,5,0.0036392181674615542,2.9488328954095378e-05,0.0036687064964156498,0.0036392181674615542
55,33,3,3,9,4,0.012079561185396714,0.001728519964136975,0.013808081149533689,0.012079561185396714
55,34,3,4,9,3,0.017512176662741043,0.007239513905339901,0.024751690568080943,0.017512176662741043
55,35,3,5,9,2,0.022769934505120975,0.015515591644096728,0.0382855261492177,0.022769934505120975
55,36,3,6,9,3,0.017506600094788792,0.007240080785769184,0.024746680880557977,0.017506600094788792
55,37,3,7,9,4,0.01205298712106916,0.0017242297367086766,0.013777216857777837,0.01205298712106916
55,38,3,8,9,5,0.0035702472932375336,2.6956356677710564e-05,0.0035972036499152442,0.0035702472932375336
55,39,3,9,9,6,0.0004936589945171422,0.0002856601296237906,0.0007793191241409328,0.0004936589945171422
55,40,4,0,9,6,7.568217479235255e-05,0.00015962953219189607,0.00023531170698424863,0.00015962953219189607
55,41,4,1,9,5,0.0017847045105755276,9.512822553826466e-05,0.0018798327361137922,0.0017847045105755276
55,42,4,2,9,4,0.008471772031215456,0.0010593595974400956,0.009531131628655551,0.008471772031215456
55,43,4,3,9,3,0.017512176662730236,0.007239513905337404,0.02475169056806764,0.017512176662730236
55,44,4,4,9,2,0.06108493541627638,0.028634689367654283,0.08971962478393067,0.06108493541627638
55,45,4,5,9,1,0.5357390373263505,0.07364632062513032,0.6093853579514809,0.5357390373263505
55,46,4,6,9,2,0.06109373525775807,0.028634420997338646,0.08972815625509671,0.06109373525775807
55,47,4,7,9,3,0.017479133816807105,0.00723081447254842,0.024709948289355525,0.017479133816807105
55,48,4,8,9,4,0.008414272603397147,0.0010169224660548383,0.009431195069451986,0.008414272603397147
55,49,4,9,9,5,0.0019575178784345415,0.00020446886660505935,0.0021619867450396006,0.0019575178784345415
55,50,5,0,9,5,0.00026959335596635626,0.00015121354796638703,0.0004208069039327433,0.00026959335596635626
55,51,5,1,9,4,0.0026040621923760147,9.679424945737146e-05,0.002700856441833386,0.0026040621923760147
55,52,5,2,9,3,0.00882774901501102,0.0024576343994943332,0.011285383414505353,0.00882774901501102
55,53,5,3,9,2,0.022769934505127386,0.015515591644098551,0.03828552614922594,0.022769934505127386
55,54,5,4,9,1,0.5357390373263562,0.0736463206251282,0.6093853579514844,0.5357390373263562
55,55,5,5,9,0,4.150240374087301,0.31704970377169006,4.467290077858991,4.150240374087301
55,56,5,6,9,1,0.5357487126860718,0.07364565954719826,0.6093943722332701,0.5357487126860718
55,57,5,7,9,2,0.02280372597314141,0.015505197888288295,0.03830892386142971,0.02280372597314141
55,58,5,8,9,3,0.008791522057516338,0.0024118549744649004,0.01120337703198124,0.008791522057516338
55,59,5,9,9,4,0.0029519154127709574,2.1628417205685364e-05,0.002973543829976643,0.0029519154127709574
55,60,6,0,9,6,7.749872576621631e-05,0.00015864748926590545,0.00023614621503212176,0.00015864748926590545
55,61,6,1,9,5,0.0017854017828582266,9.399168161649377e-05,0.0018793934644747204,0.0017854017828582266
55,62,6,2,9,4,0.008469820037669806,0.001060473287728983,0.009530293325398788,0.008469820037669806
55,63,6,3,9,3,0.017506600094784372,0.007240080785767649,0.02474668088055202,0.017506600094784372
55,64,6,4,9,2,0.06109373525774938,0.028634420997345054,0.08972815625509444,0.06109373525774938
55,65,6,5,9,1,0.5357487126860597,0.07364565954720334,0.6093943722332631,0.5357487126860597
55,66,6,6,9,2,0.061102369559351284,0.02863417040337411,0.08973653996272539,0.061102369559351284
55,67,6,7,9,3,0.017473970934022417,0.007231485048270052,0.02470545598229247,0.017473970934022417
55,68,6,8,9,4,0.008413017359885143,0.0010183456020343385,0.00943136296191948,0.008413017359885143
55,69,6,9,9,5,0.0019588108644886543,0.00020272312025401495,0.002161533984742669,0.0019588108644886543
55,70,7,0,9,7,0.00013474984218700965,0.00012157747182188288,0.00025632731400889255,0.00013474984218700965
55,71,7,1,9,6,0.0005256853083423506,0.00019076554111282812,0.0007164508494551787,0.0005256853083423506
55,72,7,2,9,5,0.003624747545398523,2.929747206142317e-05,0.003654045017459946,0.003624747545398523
55,73,7,3,9,4,0.012052987121074813,0.0017242297367147095,0.013777216857789522,0.012052987121074813
55,74,7,4,9,3,0.017479133816789356,0.007230814472537683,0.024709948289327037,0.017479133816789356
55,75,7,5,9,2,0.02280372597312511,0.015505197888295508,0.03830892386142062,0.02280372597312511
55,76,7,6,9,3,0.017473970934033488,0.0072314850482752616,0.02470545598230875,0.017473970934033488
55,77,7,7,9,4,0.012027298753063279,0.0017203007830662981,0.013747599536129577,0.012027298753063279
55,78,7,8,9,5,0.0035566996720347785,2.656921435000372e-05,0.003583268886384782,0.0035566996720347785
55,79,7,9,9,6,0.0004888858725350881,0.00028255462109049687,0.000771440493625585,0.0004888858725350881
55,80,8,0,9,8,0.00017068148556919084,5.965991216451643e-05,0.00023034139773370728,0.00017068148556919084
55,81,8,1,9,7,7.30013834452431e-05,0.00014196925843845573,0.00021497064188369885,0.00014196925843845573
55,82,8,2,9,6,0.000744896233196157,0.0002285943024989911,0.0009734905356951481,0.000744896233196157
55,83,8,3,9,5,0.0035702472932284514,2.695635668134656e-05,0.003597203649909798,0.0035702472932284514
55,84,8,4,9,4,0.008414272603382043,0.0010169224660489897,0.009431195069431032,0.008414272603382043
55,85,8,5,9,3,0.008791522057524563,0.0024118549744697832,0.011203377031994345,0.008791522057524563
55,86,8,6,9,4,0.008413017359887125,0.001018345602035102,0.009431362961922228,0.008413017359887125
55,87,8,7,9,5,0.0035566996720397133,2.6569214348167012e-05,0.0035832688863878803,0.0035566996720397133
55,88,8,8,9,6,0.0006929353086634641,0.00023940492468312773,0.0009323402333465919,0.0006929353086634641
55,89,8,9,9,7,0.00017898402211995784,0.0001937601652675006,0.00037274418738745846,0.0001937601652675006
55,90,9,0,9,9,0.00013378930801740037,1.838157755354398e-05,0.00015217088557094435,0.00013378930801740037
55,91,9,1,9,8,0.0002047783881933709,7.887492499647897e-05,0.00028365331318984984,0.0002047783881933709
55,92,9,2,9,7,0.00014596634960375326,0.00019311424743303013,0.00033908059703678336,0.00019311424743303013
55,93,9,3,9,6,0.0004936589945226265,0.0002856601296191778,0.0007793191241418043,0.0004936589945226265
55,94,9,4,9,5,0.0019575178784164544,0.0002044688666130099,0.002161986745029464,0.0019575178784164544
55,95,9,5,9,4,0.0029519154127702805,2.1628417204665062e-05,0.0029735438299749455,0.0029519154127702805
55,96,9,6,9,5,0.001958810864478285,0.00020272312025751394,0.002161533984735799,0.001958810864478285
55,97,9,7,9,6,0.0004888858725421506,0.0002825546210857437,0.0007714404936278944,0.0004888858725421506
55,98,9,8,9,7,0.00017898402212340503,0.00019376016526899948,0.0003727441873924045,0.00019376016526899948
55,99,9,9,9,8,0.00030474080365536986,0.00010202738573208491,0.0004067681893874548,0.00030474080365536986
55,0,0,0,10,10,5.0884219004691683e-05,6.457331618104038e-06,5.734155062279572e-05,5.0884219004691683e-05
55,1,0,1,10,9,0.00011673012203619905,1.2632404283999607e-05,0.00012936252632019866,0.00011673012203619905
55,2,0,2,10,8,0.00019610092623899704,5.742417438120419e-05,0.00025352510062020124,0.00019610092623899704
55,3,0,3,10,7,0.00015740734043821948,0.00012022267450075309,0.00027763001493897254,0.00015740734043821948
55,4,0,4,10,6,0.00010815243234926775,0.0001626697899010343,0.00027082222225030203,0.0001626697899010343
55,5,0,5,10,5,0.0003411798063640323,0.00016008204575995328,0.0005012618521239855,0.0003411798063640323
55,6,0,6,10,6,0.00011036834412377816,0.0001617313711176687,0.00027209971524144684,0.0001617313711176687
55,7,0,7,10,7,0.00015567456408110598,0.00011776728323067982,0.0002734418473117858,0.00015567456408110598
55,8,0,8,10,8,0.00020591766125652698,5.38320686519103e-05,0.0002597497299084373,0.00020591766125652698
55,9,0,9,10,9,0.0001634995970775981,1.3160112152925865e-05,0.000176659709230524,0.0001634995970775981
55,10,1,0,10,9,0.00011673012199878063,1.2632404274281388e-05,0.00012936252627306202,0.00011673012199878063
55,11,1,1,10,8,0.0001615749929657123,5.6180442964519646e-05,0.00021775543593023194,0.0001615749929657123
55,12,1,2,10,7,4.851356589305574e-05,0.0001402392226737679,0.00018875278856682364,0.0001402392226737679
55,13,1,3,10,6,0.0006744104270683929,0.00021057878930648029,0.0008849892163748732,0.0006744104270683929
55,14,1,4,10,5,0.0021866017217911076,0.00014965911734885642,0.002336260839139964,0.0021866017217911076
55,15,1,5,10,4,0.00309045205264811,2.454128169956366e-05,0.0031149933343476736,0.00309045205264811
55,16,1,6,10,5,0.0021874215218980193,0.00014850355745676046,0.0023359250793547797,0.0021874215218980193
55,17,1,7,10,6,0.0006695235967378696,0.00020843722359039824,0.0008779608203282679,0.0006695235967378696
55,18,1,8,10,7,7.719940631046325e-05,0.00014052299212264204,0.0002177223984331053,0.00014052299212264204
55,19,1,9,10,8,0.00024665579554403855,7.211868217904645e-05,0.000318774477723085,0.00024665579554403855
55,20,2,0,10,8,0.00019610092619769712,5.7424174375148975e-05,0.0002535251005728461,0.00019610092619769712
55,21,2,1,10,7,4.8513565885547346e-05,0.00014023922267463688,0.00018875278856018423,0.00014023922267463688
55,22,2,2,10,6,0.001006820357563485,0.0002431362253268197,0.0012499565828903046,0.001006820357563485
55,23,2,3,10,5,0.004440479879412906,9.749689932675737e-05,0.004537976778739663,0.004440479879412906
55,24,2,4,10,4,0.009888963939701062,0.0007941658309011275,0.01068312977060219,0.009888963939701062
55,25,2,5,10,3,0.009646212197134503,0.0020626408990379154,0.011708853096172419,0.009646212197134503
55,26,2,6,10,4,0.00988652655173874,0.0007954057958985688,0.010681932347637308,0.00988652655173874
55,27,2,7,10,5,0.0044227054175614835,9.702160626774848e-05,0.004519727023829232,0.0044227054175614835
55,28,2,8,10,6,0.0009448853450256273,0.0002534708554838869,0.0011983562005095142,0.0009448853450256273
55,29,2,9,10,7,0.00016332831577063533,0.000189840789731242,0.00035316910550187733,0.000189840789731242
55,30,3,0,10,7,0.00015740734039344271,0.00012022267449544583,0.0002776300148888885,0.00015740734039344271
55,31,3,1,10,6,0.0006744104270867738,0.0002105787893030252,0.000884989216389799,0.0006744104270867738
55,32,3,2,10,5,0.0044404798793998435,9.749689933244939e-05,0.004537976778732293,0.0044404798793998435
55,33,3,3,10,4,0.014041845396209353,0.0013511879491645267,0.01539303334537388,0.014041845396209353
55,34,3,4,10,3,0.017996272409036142,0.0063265800603565705,0.02432285246939271,0.017996272409036142
55,35,3,5,10,2,0.029541324465400445,0.01408596126970469,0.04362728573510513,0.029541324465400445
55,36,3,6,10,3,0.017989414986643325,0.006327420143871802,0.02431683513051513,0.017989414986643325
55,37,3,7,10,4,0.01400942105056456,0.001347921330671033,0.015357342381235593,0.01400942105056456
55,38,3,8,10,5,0.0043575021109548825,0.00012289685481734,0.004480398965772223,0.0043575021109548825
55,39,3,9,10,6,0.0006383710100604805,0.00030328263292104873,0.0009416536429815293,0.0006383710100604805
55,40,4,0,10,6,0.00010815243237929303,0.00016266978989813578,0.0002708222222774288,0.00016266978989813578
55,41,4,1,10,5,0.002186601721793876,0.00014965911735076247,0.002336260839144638,0.002186601721793876
55,42,4,2,10,4,0.009888963939681535,0.0007941658308972992,0.010683129770578833,0.009888963939681535
55,43,4,3,10,3,0.017996272409023538,0.006326580060354495,0.024322852469378032,0.017996272409023538
55,44,4,4,10,2,0.0771768410552356,0.02626512774817734,0.10344196880341294,0.0771768410552356
55,45,4,5,10,1,0.5842067262548036,0.06949879252217353,0.6537055187769771,0.5842067262548036
55,46,4,6,10,2,0.07718764100418243,0.02626524259429363,0.10345288359847607,0.07718764100418243
55,47,4,7,10,3,0.01795624522827697,0.006319106249209273,0.024275351477486242,0.01795624522827697
55,48,4,8,10,4,0.00982155833009127,0.0007534934519456626,0.010575051782036932,0.00982155833009127
55,49,4,9,10,5,0.002410503540413365,0.0002654820731048661,0.002675985613518231,0.002410503540413365
55,50,5,0,10,5,0.0003411798063901416,0.00016008204575321792,0.0005012618521433596,0.0003411798063901416
55,51,5,1,10,4,0.0030904520526524293,2.4541281700275775e-05,0.003114993334352705,0.0030904520526524293
55,52,5,2,10,3,0.009646212197110596,0.002062640899031992,0.011708853096142589,0.009646212197110596
55,53,5,3,10,2,0.029541324465408032,0.014085961269706829,0.04362728573511486,0.029541324465408032
55,54,5,4,10,1,0.5842067262548102,0.06949879252217171,0.6537055187769819,0.5842067262548102
55,55,5,5,10,0,4.240241922680788,0.3081638653756657,4.548405788056454,4.240241922680788
55,56,5,6,10,1,0.5842185772969878,0.0694985469984956,0.6537171242954833,0.5842185772969878
55,57,5,7,10,2,0.029582310800943878,0.014076794778394065,0.04365910557933794,0.029582310800943878
55,58,5,8,10,3,0.009605298898306526,0.0020178965427573715,0.011623195441063898,0.009605298898306526
55,59,5,9,10,4,0.0035234916203408556,9.866165457301954e-05,0.003622153274913875,0.0035234916203408556
55,60,6,0,10,6,0.00011036834410707306,0.00016173137112400682,0.0002720997152310799,0.00016173137112400682
55,61,6,1,10,5,0.002187421521886177,0.00014850355745770172,0.0023359250793438787,0.002187421521886177
55,62,6,2,10,4,0.00988652655173425,0.0007954057959015365,0.010681932347635786,0.00988652655173425
55,63,6,3,10,3,0.01798941498663833,0.006327420143870492,0.02431683513050882,0.01798941498663833
55,64,6,4,10,2,0.07718764100417229,0.026265242594299867,0.10345288359847216,0.07718764100417229
55,65,6,5,10,1,0.5842185772969732,0.06949854699850051,0.6537171242954738,0.5842185772969732
55,66,6,6,10,2,0.07719823771671583,0.026265368187610733,0.10346360590432656,0.07719823771671583
55,67,6,7,10,3,0.0179498928310025,0.006320035033131912,0.024269927864134413,0.0179498928310025
55,68,6,8,10,4,0.009819968435233618,0.0007550234986198213,0.01057499193385344,0.009819968435233618
55,69,6,9,10,5,0.0024120370864005782,0.0002637223448997786,0.0026757594313003568,0.0024120370864005782
55,70,7,0,10,7,0.00015567456409847793,0.00011776728323085703,0.000273441847329335,0.00015567456409847793
55,71,7,1,10,6,0.0006695235967077432,0.00020843722359881932,0.0008779608203065626,0.0006695235967077432
55,72,7,2,10,5,0.004422705417558293,9.70216062661513e-05,0.0045197270238244444,0.004422705417558293
55,73,7,3,10,4,0.014009421050570911,0.0013479213306769175,0.015357342381247828,0.014009421050570911
55,74,7,4,10,3,0.017956245228256472,0.006319106249198901,0.024275351477455374,0.017956245228256472
55,75,7,5,10,2,0.029582310800924664,0.014076794778400837,0.0436591055793255,0.029582310800924664
55,76,7,6,10,3,0.017949892831015623,0.006320035033136912,0.024269927864152534,0.017949892831015623
55,77,7,7,10,4,0.013978074928772295,0.0013449906718693131,0.015323065600641608,0.013978074928772295
55,78,7,8,10,5,0.004340836949237815,0.00012162590677337271,0.004462462856011188,0.004340836949237815
55,79,7,9,10,6,0.0006323918595914113,0.0002998433346428578,0.0009322351942342691,0.0006323918595914113
55,80,8,0,10,8,0.00020591766127454905,5.383206864860251e-05,0.0002597497299231516,0.00020591766127454905
55,81,8,1,10,7,7.719940633150904e-05,0.00014052299212396216,0.0002177223984554712,0.00014052299212396216
55,82,8,2,10,6,0.0009448853450190007,0.00025347085548432357,0.0011983562005033243,0.0009448853450190007
55,83,8,3,10,5,0.004357502110944177,0.00012289685482165378,0.00448039896576583,0.004357502110944177
55,84,8,4,10,4,0.009821558330073258,0.0007534934519401279,0.010575051782013387,0.009821558330073258
55,85,8,5,10,3,0.009605298898316206,0.002017896542762098,0.011623195441078305,0.009605298898316206
55,86,8,6,10,4,0.009819968435236207,0.0007550234986205905,0.010574991933856796,0.009819968435236207
55,87,8,7,10,5,0.004340836949243777,0.00012162590677059588,0.004462462856014373,0.004340836949243777
55,88,8,8,10,6,0.0008815792248561716,0.0002623580188089887,0.0011439372436651603,0.0008815792248561716
55,89,8,9,10,7,0.00020381582079088815,0.00018905320880223275,0.00039286902959312093,0.00020381582079088815
55,90,9,0,10,9,0.00016349959713933258,1.3160112165265275e-05,0.00017665970930459785,0.00016349959713933258
55,91,9,1,10,8,0.00024665579557553604,7.211868218436492e-05,0.00031877447775990094,0.00024665579557553604
55,92,9,2,10,7,0.00016332831575995181,0.00018984078972425538,0.00035316910548420716,0.00018984078972425538
55,93,9,3,10,6,0.0006383710100668108,0.00030328263291646033,0.0009416536429832711,0.0006383710100668108
55,94,9,4,10,5,0.0024105035403919344,0.0002654820731124229,0.002675985613504357,0.0024105035403919344
55,95,9,5,10,4,0.003523491620339897,9.8661654571231e-05,0.003622153274911128,0.003523491620339897
55,96,9,6,10,5,0.0024120370863887726,0.0002637223449029145,0.002675759431291687,0.0024120370863887726
55,97,9,7,10,6,0.000632391859599777,0.00029984333463821,0.000932235194237987,0.000632391859599777
55,98,9,8,10,7,0.00020381582079477529,0.00018905320880360487,0.0003928690295983802,0.00020381582079477529
55,99,9,9,10,8,0.00036840948436628643,9.17019721379495e-05,0.0004601114565042359,0.00036840948436628643
55,0,0,0,11,10,6.137305442217159e-05,8.277561280098548e-06,6.965061570227013e-05,6.137305442217159e-05
55,1,0,1,11,9,0.000139133340743075,9.043028264743549e-06,0.00014817636900781855,0.000139133340743075
55,2,0,2,11,8,0.00023035591898167758,5.169114012702676e-05,0.0002820470591087043,0.00023035591898167758
55,3,0,3,11,7,0.00017601980690036743,0.00011520620228525213,0.00029122600918561956,0.00017601980690036743
55,4,0,4,11,6,0.00014846837693515742,0.000163405109843644,0.00031187348677880146,0.000163405109843644
55,5,0,5,11,5,0.00042032013794587533,0.00016612270682676156,0.0005864428447726369,0.00042032013794587533
55,6,0,6,11,6,0.0001511054229562693,0.00016251898850705231,0.0003136244114633216,0.00016251898850705231
55,7,0,7,11,7,0.00017404075134131014,0.0001127475826856997,0.00028678833402700983,0.00017404075134131014
55,8,0,8,11,8,0.0002423101952087877,4.7690404358232294e-05,0.00029000059956702,0.0002423101952087877
55,9,0,9,11,9,0.0001952573846429128,8.083394596769241e-06,0.00020334077923968205,0.0001952573846429128
55,10,1,0,11,9,0.00013913334069975953,9.043028255937271e-06,0.0001481763689556968,0.00013913334069975953
55,11,1,1,11,8,0.00018869955565477487,5.14487150128827e-05,0.00024014827066765756,0.00018869955565477487
55,12,1,2,11,7,4.330537800826828e-05,0.00013812594761479133,0.00018143132562305962,0.00013812594761479133
55,13,1,3,11,6,0.0008376891190125508,0.00022448460327182797,0.0010621737222843788,0.0008376891190125508
55,14,1,4,11,5,0.002606849776021948,0.00019757200027051798,0.002804421776292466,0.002606849776021948
55,15,1,5,11,4,0.003570847876279348,6.769994420504838e-05,0.0036385478204843964,0.003570847876279348
55,16,1,6,11,5,0.002607785989391189,0.00019641414137258736,0.0028042001307637763,0.002607785989391189
55,17,1,7,11,6,0.0008317231937449944,0.00022213157302337013,0.0010538547667683644,0.0008317231937449944
55,18,1,8,11,7,7.658482079664914e-05,0.0001374381560432482,0.00021402297683989735,0.0001374381560432482
55,19,1,9,11,8,0.0002897031248456493,6.489236799174729e-05,0.00035459549283739663,0.0002897031248456493
55,20,2,0,11,8,0.00023035591893367515,5.1691140122017834e-05,0.00028204705905569296,0.00023035591893367515
55,21,2,1,11,7,4.3305377999820395e-05,0.00013812594761584946,0.00018143132561566986,0.00013812594761584946
55,22,2,2,11,6,0.0012428114678063498,0.0002647670621268193,0.001507578529933169,0.0012428114678063498
55,23,2,3,11,5,0.0052703514066118895,0.00019485388853568176,0.005465205295147571,0.0052703514066118895
55,24,2,4,11,4,0.011215075618001858,0.0005479089734005809,0.011762984591402438,0.011215075618001858
55,25,2,5,11,3,0.010275566500306808,0.0016888904961676339,0.011964456996474441,0.010275566500306808
55,26,2,6,11,4,0.011212094722503273,0.0005492484990175179,0.011761343221520792,0.011212094722503273
55,27,2,7,11,5,0.005249002626333714,0.00019379125056521044,0.005442793876898925,0.005249002626333714
55,28,2,8,11,6,0.001169182956280254,0.00027325662543167557,0.0014424395817119295,0.001169182956280254
55,29,2,9,11,7,0.0001752250577265946,0.00018446845954969522,0.00035969351727628985,0.00018446845954969522
55,30,3,0,11,7,0.00017601980684872154,0.0001152062022812105,0.00029122600912993206,0.00017601980684872154
55,31,3,1,11,6,0.0008376891190337472,0.0002244846032688451,0.0010621737223025923,0.0008376891190337472
55,32,3,2,11,5,0.005270351406596973,0.00019485388854115186,0.005465205295138125,0.005270351406596973
55,33,3,3,11,4,0.01584897154574602,0.000997916493807253,0.016846888039553275,0.01584897154574602
55,34,3,4,11,3,0.017845018034052033,0.005450181564725502,0.023295199598777534,0.017845018034052033
55,35,3,5,11,2,0.036368027233274175,0.012699093032826363,0.049067120266100536,0.036368027233274175
55,36,3,6,11,3,0.01783677118760441,0.005451272081274142,0.023288043268878553,0.01783677118760441
55,37,3,7,11,4,0.015810313568583683,0.0009956561909647127,0.016805969759548397,0.015810313568583683
55,38,3,8,11,5,0.005173025482848002,0.00021846668722765014,0.005391492170075653,0.005173025482848002
55,39,3,9,11,6,0.0008049838810167116,0.0003157912731001657,0.0011207751541168773,0.0008049838810167116
55,40,4,0,11,6,0.00014846837697011657,0.0001634051098416034,0.00031187348681172,0.0001634051098416034
55,41,4,1,11,5,0.0026068497760253387,0.00019757200027254156,0.0028044217762978802,0.0026068497760253387
55,42,4,2,11,4,0.011215075617979407,0.0005479089733972774,0.011762984591376684,0.011215075617979407
55,43,4,3,11,3,0.01784501803403765,0.005450181564723817,0.023295199598761467,0.01784501803403765
55,44,4,4,11,2,0.09313913652314058,0.023952607384196214,0.1170917439073368,0.09313913652314058
55,45,4,5,11,1,0.6253056554607606,0.06542381869492381,0.6907294741556844,0.6253056554607606
55,46,4,6,11,2,0.09315208226206491,0.02395308583832326,0.11710516810038817,0.09315208226206491
55,47,4,7,11,3,0.017797689587853965,0.005443956841472057,0.023241646429326024,0.017797689587853965
55,48,4,8,11,4,0.011138349173993783,0.0005095497512657967,0.011647898925259581,0.011138349173993783
55,49,4,9,11,5,0.002889656812333825,0.0003178691998073037,0.003207526012141129,0.002889656812333825
55,50,5,0,11,5,0.00042032013797586973,0.00016612270682067197,0.0005864428447965417,0.00042032013797586973
55,51,5,1,11,4,0.003570847876284422,6.769994420112771e-05,0.00363854782048555,0.003570847876284422
55,52,5,2,11,3,0.010275566500279654,0.001688890496162394,0.011964456996442049,0.010275566500279654
55,53,5,3,11,2,0.036368027233282904,0.012699093032828785,0.04906712026611169,0.036368027233282904
55,54,5,4,11,1,0.6253056554607679,0.06542381869492236,0.6907294741556902,0.6253056554607679
55,55,5,5,11,0,4.302371595606433,0.29938971564971417,4.601761311256147,4.302371595606433
55,56,5,6,11,1,0.6253198413983733,0.0654239718654585,0.6907438132638317,0.6253198413983733
55,57,5,7,11,2,0.03641643323400258,0.012691198971912815,0.049107632205915394,0.03641643323400258
55,58,5,8,11,3,0.010230963567622209,0.0016457045218677582,0.011876668089489967,0.010230963567622209
55,59,5,9,11,4,0.004096094117796331,0.00018196043026264672,0.004278054548058977,0.004096094117796331
55,60,6,0,11,6,0.00015110542293683511,0.00016251898851309273,0.0003136244114499278,0.00016251898851309273
55,61,6,1,11,5,0.0026077859893773986,0.00019641414137324957,0.0028042001307506483,0.0026077859893773986
55,62,6,2,11,4,0.011212094722498064,0.0005492484990206225,0.011761343221518686,0.011212094722498064
55,63,6,3,11,3,0.01783677118759887,0.0054512720812730404,0.023288043268871912,0.01783677118759887
55,64,6,4,11,2,0.0931520822620533,0.023953085838329315,0.11710516810038263,0.0931520822620533
55,65,6,5,11,1,0.6253198413983564,0.06542397186546323,0.6907438132638196,0.6253198413983564
55,66,6,6,11,2,0.09316478422018419,0.02395356811961849,0.11711835233980268,0.09316478422018419
55,67,6,7,11,3,0.01779004540021892,0.0054451206262532605,0.02323516602647218,0.01779004540021892
55,68,6,8,11,4,0.011136375455750875,0.0005111551733881533,0.011647530629139029,0.011136375455750875
55,69,6,9,11,5,0.0028914265766920608,0.00031611602376250246,0.003207542600454563,0.0028914265766920608
55,70,7,0,11,7,0.0001740407513617008,0.00011274758268537838,0.0002867883340470792,0.0001740407513617008
55,71,7,1,11,6,0.000831723193710186,0.00022213157303112437,0.0010538547667413105,0.000831723193710186
55,72,7,2,11,5,0.005249002626329812,0.00019379125056351968,0.005442793876893332,0.005249002626329812
55,73,7,3,11,4,0.01581031356859068,0.000995656190970415,0.016805969759561095,0.01581031356859068
55,74,7,4,11,3,0.01779768958783075,0.005443956841462051,0.0232416464292928,0.01779768958783075
55,75,7,5,11,2,0.03641643323398047,0.012691198971919154,0.04910763220589963,0.03641643323398047
55,76,7,6,11,3,0.017790045400234145,0.0054451206262580544,0.0232351660264922,0.017790045400234145
55,77,7,7,11,4,0.015772938204496243,0.0009937033642284797,0.016766641568724722,0.015772938204496243
55,78,7,8,11,5,0.005152976882924106,0.00021661034870592452,0.005369587231630031,0.005152976882924106
55,79,7,9,11,6,0.0007976473930365663,0.0003120708909100604,0.0011097182839466266,0.0007976473930365663
55,80,8,0,11,8,0.00024231019523015892,4.769040435426881e-05,0.00029000059958442774,0.00024231019523015892
55,81,8,1,11,7,7.658482082087816e-05,0.0001374381560439716,0.00021402297686484974,0.0001374381560439716
55,82,8,2,11,6,0.0011691829562725257,0.00027325662543192824,0.001442439581704454,0.0011691829562725257
55,83,8,3,11,5,0.0051730254828356165,0.00021846668723171406,0.00539149217006733,0.0051730254828356165
55,84,8,4,11,4,0.011138349173972766,0.000509549751260637,0.011647898925233402,0.011138349173972766
55,85,8,5,11,3,0.010230963567633365,0.0016457045218723101,0.011876668089505675,0.010230963567633365
55,86,8,6,11,4,0.011136375455754154,0.0005111551733889092,0.011647530629143064,0.011136375455754154
55,87,8,7,11,5,0.005152976882931157,0.0002166103487032328,0.00536958723163439,0.005152976882931157
55,88,8,8,11,6,0.001093840683371189,0.0002802159097884319,0.001374056593159621,0.001093840683371189
55,89,8,9,11,7,0.00022374286696575106,0.00018232369851584713,0.0004060665654815982,0.00022374286696575106
55,90,9,0,11,9,0.00019525738471478228,8.083394607390303e-06,0.0002033407793221726,0.00019525738471478228
55,91,9,1,11,8,0.00028970312488249447,6.489236799630929e-05,0.00035459549287880377,0.00028970312488249447
55,92,9,2,11,7,0.0001752250577145771,0.00018446845954282458,0.0003596935172574017,0.00018446845954282458
55,93,9,3,11,6,0.0008049838810238719,0.0003157912730956099,0.0011207751541194818,0.0008049838810238719
55,94,9,4,11,5,0.002889656812308947,0.00031786919981448405,0.003207526012123431,0.002889656812308947
55,95,9,5,11,4,0.0040960941177950625,0.00018196043026085746,0.00427805454805592,0.0040960941177950625
55,96,9,6,11,5,0.002891426576678898,0.00031611602376531103,0.003207542600444209,0.002891426576678898
55,97,9,7,11,6,0.0007976473930462953,0.00031207089090552916,0.0011097182839518245,0.0007976473930462953
55,98,9,8,11,7,0.00022374286697004003,0.00018232369851710217,0.0004060665654871422,0.00022374286697004003
55,99,9,9,11,8,0.00043455788295255853,8.086947755175593e-05,0.0005154273605043145,0.00043455788295255853
55,0,0,0,12,10,7.266023316951745e-05,9.925842070175647e-06,8.25860752396931e-05,7.266023316951745e-05
55,1,0,1,12,9,0.00016256643134669087,5.5550434716377e-06,0.00016812147481832856,0.00016256643134669087
55,2,0,2,12,8,0.00026473435880065914,4.565855350386204e-05,0.0003103929123045212,0.00026473435880065914
55,3,0,3,12,7,0.0001909495523969716,0.00010909123974021538,0.000300040792137187,0.0001909495523969716
55,4,0,4,12,6,0.0001966812023423879,0.00016203519810558957,0.00035871640044797743,0.0001966812023423879
55,5,0,5,12,5,0.0005058039310387873,0.00016955760902404713,0.0006753615400628344,0.0005058039310387873
55,6,0,6,12,6,0.00019975371313829345,0.00016120932145616222,0.00036096303459445567,0.00019975371313829345
55,7,0,7,12,7,0.00018874818816579867,0.00010665681059781739,0.00029540499876361606,0.00018874818816579867
55,8,0,8,12,8,0.00027903482824966904,4.131178642280368e-05,0.00032034661467247275,0.00027903482824966904
55,9,0,9,12,9,0.0002286457499618021,3.3423203250113016e-06,0.0002319880702868134,0.0002286457499618021
55,10,1,0,12,9,0.00016256643129740895,5.555043463886565e-06,0.00016812147476129552,0.00016256643129740895
55,11,1,1,12,8,0.00021540336016362906,4.63703448872302e-05,0.00026177370505085925,0.00021540336016362906
55,12,1,2,12,7,3.4662533851707755e-05,0.00013448341884550184,0.00016914595269720958,0.00013448341884550184
55,13,1,3,12,6,0.001017357150395085,0.00023464831508727182,0.001252005465482357,0.001017357150395085
55,14,1,4,12,5,0.0030347600389882467,0.00023915659371572196,0.0032739166327039686,0.0030347600389882467
55,15,1,5,12,4,0.004033938605692277,0.00013341591104950446,0.004167354516741781,0.004033938605692277
55,16,1,6,12,5,0.0030358012505022915,0.0002380102558554474,0.003273811506357739,0.0030358012505022915
55,17,1,7,12,6,0.001010201881634784,0.00023211898243411994,0.0012423208640689038,0.001010201881634784
55,18,1,8,12,7,7.040675286364472e-05,0.00013287565649599078,0.0002032824093596355,0.00013287565649599078
55,19,1,9,12,8,0.0003328851324109121,5.729136539684072e-05,0.0003901764978077528,0.0003328851324109121
55,20,2,0,12,8,0.0002647343587458559,4.565855349982911e-05,0.000310392912245685,0.0002647343587458559
55,21,2,1,12,7,3.466253384397558e-05,0.0001344834188467323,0.0001691459526907079,0.0001344834188467323
55,22,2,2,12,6,0.0015004828112970857,0.0002816470686402308,0.0017821298799373165,0.0015004828112970857
55,23,2,3,12,5,0.006105973999273472,0.00028285707588444447,0.0063888310751579165,0.006105973999273472
55,24,2,4,12,4,0.012412426370820778,0.0003225888014449109,0.012735015172265688,0.012412426370820778
55,25,2,5,12,3,0.010718590240540362,0.0013364650561304733,0.012055055296670836,0.010718590240540362
55,26,2,6,12,4,0.012408843903426182,0.00032397500014207174,0.012732818903568253,0.012408843903426182
55,27,2,7,12,5,0.0060808146231368316,0.0002812390863675555,0.006362053709504387,0.0060808146231368316
55,28,2,8,12,6,0.0014147066834327658,0.00028828380993983007,0.001702990493372596,0.0014147066834327658
55,29,2,9,12,7,0.0001801084568749638,0.0001772074417530437,0.0003573158986280075,0.0001801084568749638
55,30,3,0,12,7,0.00019094955233846597,0.00010909123973734127,0.00030004079207580724,0.00019094955233846597
55,31,3,1,12,6,0.0010173571504191227,0.0002346483150847248,0.0012520054655038475,0.0010173571504191227
55,32,3,2,12,5,0.006105973999256715,0.00028285707588966366,0.006388831075146379,0.006105973999256715
55,33,3,3,12,4,0.01744705140199632,0.000669733318783935,0.018116784720780255,0.01744705140199632
55,34,3,4,12,3,0.01712519266815096,0.004610933117445231,0.02173612578559619,0.01712519266815096
55,35,3,5,12,2,0.04301979187892904,0.011356997887170877,0.05437678976609992,0.04301979187892904
55,36,3,6,12,3,0.01711546253030958,0.004612249595002603,0.02172771212531218,0.01711546253030958
55,37,3,7,12,4,0.01740186254758579,0.0006684467832862373,0.018070309330872027,0.01740186254758579
55,38,3,8,12,5,0.005994315674339262,0.00030404247785845054,0.006298358152197712,0.005994315674339262
55,39,3,9,12,6,0.0009920769777443013,0.0003235544639869416,0.001315631441731243,0.0009920769777443013
55,40,4,0,12,6,0.0001966812023823129,0.00016203519810433889,0.0003587164004866518,0.0001966812023823129
55,41,4,1,12,5,0.0030347600389922973,0.00023915659371785423,0.0032739166327101516,0.0030347600389922973
55,42,4,2,12,4,0.012412426370795428,0.00032258880144218725,0.012735015172237615,0.012412426370795428
55,43,4,3,12,3,0.01712519266813484,0.004610933117443908,0.02173612578557875,0.01712519266813484
55,44,4,4,12,2,0.10845190822317048,0.021701614891400656,0.13015352311457112,0.10845190822317048
55,45,4,5,12,1,0.6592777884459606,0.061431447282111445,0.7207092357280721,0.6592777884459606
55,46,4,6,12,2,0.10846712618980164,0.021702434962981687,0.13016956115278333,0.10846712618980164
55,47,4,7,12,3,0.017070396167489007,0.004605967383421248,0.021676363550910255,0.017070396167489007
55,48,4,8,12,4,0.012327358964851994,0.00028765691023600854,0.012615015875088002,0.012327358964851994
55,49,4,9,12,5,0.0033837904038663013,0.0003621191580347548,0.003745909561901056,0.0033837904038663013
55,50,5,0,12,5,0.0005058039310726535,0.0001695576090185664,0.00067536154009122,0.0005058039310726535
55,51,5,1,12,4,0.004033938605698147,0.00013341591104558984,0.004167354516743737,0.004033938605698147
55,52,5,2,12,3,0.010718590240510037,0.0013364650561258776,0.012055055296635916,0.010718590240510037
55,53,5,3,12,2,0.04301979187893887,0.011356997887173544,0.05437678976611241,0.04301979187893887
55,54,5,4,12,1,0.6592777884459686,0.061431447282110294,0.7207092357280789,0.6592777884459686
55,55,5,5,12,0,4.341144868919261,0.290747077204214,4.631891946123475,4.341144868919261
55,56,5,6,12,1,0.6592944404536404,0.06143197952439841,0.7207264199780388,0.6592944404536404
55,57,5,7,12,2,0.04307573439979738,0.011350406356155756,0.05442614075595314,0.04307573439979738
55,58,5,8,12,3,0.010671553715140456,0.0012953299738667383,0.011966883689007194,0.010671553715140456
55,59,5,9,12,4,0.004656782398396516,0.000256195360533477,0.004912977758929993,0.004656782398396516
55,60,6,0,12,6,0.0001997537131160784,0.00016120932146191345,0.00036096303457799184,0.0001997537131160784
55,61,6,1,12,5,0.0030358012504865224,0.00023801025585586325,0.0032738115063423857,0.0030358012504865224
55,62,6,2,12,4,0.012408843903420261,0.00032397500014515873,0.01273281890356542,0.012408843903420261
55,63,6,3,12,3,0.017115462530303542,0.00461224959500168,0.02172771212530522,0.017115462530303542
55,64,6,4,12,2,0.10846712618978853,0.02170243496298756,0.1301695611527761,0.10846712618978853
55,65,6,5,12,1,0.659294440453621,0.061431979524402984,0.7207264199780239,0.659294440453621
55,66,6,6,12,2,0.10848205726876894,0.02170325210612799,0.13018530937489695,0.10848205726876894
55,67,6,7,12,3,0.017061371353190455,0.00460734140981403,0.021668712763004486,0.017061371353190455
55,68,6,8,12,4,0.012324950025919419,0.0002892667373434357,0.012614216763262855,0.012324950025919419
55,69,6,9,12,5,0.0033857835569996455,0.00036039194564112747,0.0037461755026407728,0.0033857835569996455
55,70,7,0,12,7,0.00018874818818928664,0.0001066568105970378,0.00029540499878632446,0.00018874818818928664
55,71,7,1,12,6,0.001010201881595235,0.00023211898244124448,0.0012423208640364794,0.001010201881595235
55,72,7,2,12,5,0.006080814623132166,0.00028123908636580055,0.006362053709497967,0.006080814623132166
55,73,7,3,12,4,0.017401862547593384,0.000668446783291696,0.01807030933088508,0.017401862547593384
55,74,7,4,12,3,0.01707039616746312,0.004605967383411614,0.021676363550874735,0.01707039616746312
55,75,7,5,12,2,0.043075734399772365,0.011350406356161672,0.054426140755934035,0.043075734399772365
55,76,7,6,12,3,0.0170613713532078,0.004607341409818607,0.021668712763026406,0.0170613713532078
55,77,7,7,12,4,0.017358169774708665,0.0006674353196039409,0.018025605094312606,0.017358169774708665
55,78,7,8,12,5,0.005970647392415873,0.0003016515049794499,0.006272298897395323,0.005970647392415873
55,79,7,9,12,6,0.0009832307659875486,0.00031960580570986773,0.0013028365716974163,0.0009832307659875486
55,80,8,0,12,8,0.00027903482827451885,4.13117864182527e-05,0.00032034661469277156,0.00027903482827451885
55,81,8,1,12,7,7.04067528906224e-05,0.0001328756564961622,0.0002032824093867846,0.0001328756564961622
55,82,8,2,12,6,0.0014147066834238977,0.00028828380993991675,0.0017029904933638144,0.0014147066834238977
55,83,8,3,12,5,0.005994315674325152,0.00030404247786233296,0.006298358152187485,0.005994315674325152
55,84,8,4,12,4,0.012327358964827895,0.00028765691023149766,0.012615015875059393,0.012327358964827895
55,85,8,5,12,3,0.010671553715153097,0.0012953299738710888,0.011966883689024186,0.010671553715153097
55,86,8,6,12,4,0.012324950025923471,0.0002892667373441336,0.012614216763267605,0.012324950025923471
55,87,8,7,12,5,0.005970647392424062,0.00030165150497684344,0.006272298897400905,0.005970647392424062
55,88,8,8,12,6,0.0013268245412587937,0.00029332748462884017,0.001620152025887634,0.0013268245412587937
55,89,8,9,12,7,0.00023710066550134442,0.00017378950785865927,0.00041089017336000367,0.00023710066550134442
55,90,9,0,12,9,0.00022864575004401927,3.3423203327057413e-06,0.000231988070376725,0.00022864575004401927
55,91,9,1,12,8,0.0003328851324532527,5.729136540068985e-05,0.00039017649785394253,0.0003328851324532527
55,92,9,2,12,7,0.0001801084568616976,0.00017720744174629961,0.00035731589860799723,0.0001801084568616976
55,93,9,3,12,6,0.0009920769777522667,0.00032355446398242576,0.0013156314417346925,0.0009920769777522667
55,94,9,4,12,5,0.003383790403837902,0.00036211915804157163,0.003745909561879474,0.003383790403837902
55,95,9,5,12,4,0.0046567823983949186,0.0002561953605316559,0.004912977758926574,0.0046567823983949186
55,96,9,6,12,5,0.003385783556985223,0.0003603919456436417,0.0037461755026288648,0.003385783556985223
55,97,9,7,12,6,0.0009832307659986945,0.00031960580570546343,0.001302836571704158,0.0009832307659986945
55,98,9,8,12,7,0.00023710066550599115,0.0001737895078598064,0.00041089017336579754,0.00023710066550599115
55,99,9,9,12,8,0.0005017927745155421,6.96592329146624e-05,0.0005714520074302045,0.0005017927745155421
55,0,0,0,13,10,8.465479530825051e-05,1.1396576902336248e-05,9.605137221058675e-05,8.465479530825051e-05
55,1,0,1,13,9,0.00018667383662502283,2.335149526743832e-06,0.00018900898615176667,0.00018667383662502283
55,2,0,2,13,8,0.00029839344777178746,3.9398094476042425e-05,0.0003377915422478299,0.00029839344777178746
55,3,0,3,13,7,0.00020123647088893842,0.00010201208764530808,0.0003032485585342465,0.00020123647088893842
55,4,0,4,13,6,0.0002524442395008328,0.00015875515842912283,0.0004111993979299556,0.0002524442395008328
55,5,0,5,13,5,0.0005962204860923375,0.0001706045485014559,0.0007668250345937934,0.0005962204860923375
55,6,0,6,13,6,0.0002559589883477326,0.0001579967265190477,0.00041395571486678033,0.0002559589883477326
55,7,0,7,13,7,0.0001988479973365496,9.962805723772551e-05,0.0002984760545742751,0.0001988479973365496
55,8,0,8,13,8,0.0003152413164676945,3.476917712862832e-05,0.0003500104935963228,0.0003152413164676945
55,9,0,9,13,9,0.00026320359984937654,2.4757241204259527e-06,0.0002656793239698025,0.00026320359984937654
55,10,1,0,13,9,0.00018667383656976105,2.335149521326218e-06,0.00018900898609108726,0.00018667383656976105
55,11,1,1,13,8,0.00024091561655567725,4.101228449033131e-05,0.00028192790104600854,0.00024091561655567725
55,12,1,2,13,7,2.988170082287508e-05,0.00012946272225318193,0.000159344423076057,0.00012946272225318193
55,13,1,3,13,6,0.0012104330369038388,0.00024133920547546737,0.0014517722423793061,0.0012104330369038388
55,14,1,4,13,5,0.0034596650336207063,0.00027475840821255236,0.0037344234418332585,0.0034596650336207063
55,15,1,5,13,4,0.00447020173657743,0.00019313930857865947,0.0046633410451560895,0.00447020173657743
55,16,1,6,13,5,0.003460794484357854,0.0002736363309890918,0.0037344308153469457,0.003460794484357854
55,17,1,7,13,6,0.0012019812701616719,0.00023866865085403051,0.0014406499210157023,0.0012019812701616719
55,18,1,8,13,7,5.872189186322289e-05,0.00012699154067979227,0.00018571343254301516,0.00012699154067979227
55,19,1,9,13,8,0.00037513706179423547,4.940611819020152e-05,0.000424543179984437,0.00037513706179423547
55,20,2,0,13,8,0.00029839344771015854,3.9398094472916745e-05,0.0003377915421830753,0.00029839344771015854
55,21,2,1,13,7,2.9881700822139048e-05,0.00012946272225456714,0.0001593444230767062,0.00012946272225456714
55,22,2,2,13,6,0.001775354903674491,0.0002940929857917757,0.0020694478894662666,0.001775354903674491
55,23,2,3,13,5,0.006924931886995385,0.0003611412676315383,0.007286073154626923,0.006924931886995385
55,24,2,4,13,4,0.013453827678731373,0.00013548944419183317,0.013589317122923206,0.013453827678731373
55,25,2,5,13,3,0.010985285600935837,0.0010058715086688635,0.0119911571096047,0.010985285600935837
55,26,2,6,13,4,0.013449586338445592,0.00013654050259910553,0.013586126841044698,0.013449586338445592
55,27,2,7,13,5,0.006895764560046492,0.00035900751038545737,0.00725477207043195,0.006895764560046492
55,28,2,8,13,6,0.001677183850623009,0.0002988844420484509,0.00197606829267146,0.001677183850623009
55,29,2,9,13,7,0.00017675705673600727,0.00016826155752017687,0.0003450186142561841,0.00017675705673600727
55,30,3,0,13,7,0.00020123647082366855,0.0001020120876435067,0.0003032485584671753,0.00020123647082366855
55,31,3,1,13,6,0.0012104330369307156,0.0002413392054733223,0.0014517722424040379,0.0012104330369307156
55,32,3,2,13,5,0.00692493188697682,0.00036114126763651374,0.007286073154613333,0.00692493188697682
55,33,3,3,13,4,0.01879885906876972,0.0003725146650964206,0.01917137373386614,0.01879885906876972
55,34,3,4,13,3,0.015924418285874334,0.003809678245851863,0.019734096531726197,0.015924418285874334
55,35,3,5,13,2,0.04932042530477274,0.01006158046068543,0.05938200576545817,0.04932042530477274
55,36,3,6,13,3,0.015913130201000717,0.0038111941963906997,0.019724324397391416,0.015913130201000717
55,37,3,7,13,4,0.018746936703929382,0.00037212171718671615,0.019119058421116098,0.018746936703929382
55,38,3,8,13,5,0.006799321123789142,0.0003796935847484619,0.007179014708537604,0.006799321123789142
55,39,3,9,13,6,0.0011971683693726895,0.000326937556014103,0.0015241059253867926,0.0011971683693726895
55,40,4,0,13,6,0.00025244423954569247,0.00015875515842859618,0.0004111993979742886,0.00025244423954569247
55,41,4,1,13,5,0.0034596650336254442,0.0002747584082147823,0.0037344234418402265,0.0034596650336254442
55,42,4,2,13,4,0.013453827678703189,0.00013548944419036315,0.013589317122893551,0.013453827678703189
55,43,4,3,13,3,0.01592441828585655,0.003809678245850872,0.01973409653170742,0.01592441828585655
55,44,4,4,13,2,0.1227203156908584,0.019516365573128976,0.14223668126398736,0.1227203156908584
55,45,4,5,13,1,0.6865002661511466,0.05753050950742441,0.744030775658571,0.6865002661511466
55,46,4,6,13,2,0.1227379082386074,0.019517503197551363,0.14225541143615877,0.1227379082386074
55,47,4,7,13,3,0.01586215492309187,0.003805968017124903,0.019668122940216772,0.01586215492309187
55,48,4,8,13,4,0.013361752910198785,0.00011379036931851673,0.013475543279517303,0.013361752910198785
55,49,4,9,13,5,0.003881369391320689,0.00039872945772314764,0.0042800988490438365,0.003881369391320689
55,50,5,0,13,5,0.0005962204861300238,0.00017060454849654789,0.0007668250346265716,0.0005962204861300238
55,51,5,1,13,4,0.004470201736584137,0.00019313930857477047,0.004663341045158907,0.004470201736584137
55,52,5,2,13,3,0.010985285600902455,0.001005871508664889,0.011991157109567344,0.010985285600902455
55,53,5,3,13,2,0.0493204253047836,0.010061580460688313,0.05938200576547192,0.0493204253047836
55,54,5,4,13,1,0.6865002661511552,0.05753050950742352,0.7440307756585788,0.6865002661511552
55,55,5,5,13,0,4.360271667159933,0.28225250397501866,4.642524171134951,4.360271667159933
55,56,5,6,13,1,0.6865194846168156,0.057531398840403127,0.7440508834572187,0.6865194846168156
55,57,5,7,13,2,0.049383892192677324,0.010056307378693737,0.05944019957137106,0.049383892192677324
55,58,5,8,13,3,0.010937275458718192,0.0009672930635966071,0.011904568522314798,0.010937275458718192
55,59,5,9,13,4,0.005194252080046062,0.0003213504334896281,0.00551560251353569,0.005194252080046062
55,60,6,0,13,6,0.00025595898832270816,0.00015799672652451872,0.0004139557148472269,0.00025595898832270816
55,61,6,1,13,5,0.003460794484340096,0.0002736363309892877,0.0037344308153293834,0.003460794484340096
55,62,6,2,13,4,0.013449586338438978,0.00013654050260113133,0.01358612684104011,0.013449586338438978
55,63,6,3,13,3,0.01591313020099423,0.0038111941963899373,0.019724324397384165,0.01591313020099423
55,64,6,4,13,2,0.12273790823859282,0.019517503197557032,0.14225541143614984,0.12273790823859282
55,65,6,5,13,1,0.6865194846167937,0.05753139884040753,0.7440508834572013,0.6865194846167937
55,66,6,6,13,2,0.12275516858368737,0.019518631355268764,0.14227379993895614,0.12275516858368737
55,67,6,7,13,3,0.0158516784142033,0.003807525669214563,0.019659204083417862,0.0158516784142033
55,68,6,8,13,4,0.013358855706984384,0.00011472532015169939,0.013473581027136083,0.013358855706984384
55,69,6,9,13,5,0.003883564469674945,0.0003970466025693756,0.004280611072244321,0.003883564469674945
55,70,7,0,13,7,0.00019884799736317454,9.962805723652695e-05,0.0002984760545997015,0.00019884799736317454
55,71,7,1,13,6,0.0012019812701173646,0.00023866865086056104,0.0014406499209779257,0.0012019812701173646
55,72,7,2,13,5,0.00689576456004102,0.0003590075103836528,0.007254772070424673,0.00689576456004102
55,73,7,3,13,4,0.01874693670393752,0.00037212171719166245,0.019119058421129185,0.01874693670393752
55,74,7,4,13,3,0.015862154923063396,0.0038059680171156625,0.01966812294017906,0.015862154923063396
55,75,7,5,13,2,0.04938389219264943,0.010056307378699251,0.05944019957134868,0.04938389219264943
55,76,7,6,13,3,0.015851678414222758,0.0038075256692189203,0.019659204083441677,0.015851678414222758
55,77,7,7,13,4,0.018696730014439694,0.00037196110823033845,0.019068691122670033,0.018696730014439694
55,78,7,8,13,5,0.006771831130541403,0.00037681716699144465,0.007148648297532848,0.006771831130541403
55,79,7,9,13,6,0.0011866607991365794,0.00032281306737446346,0.001509473866511043,0.0011866607991365794
55,80,8,0,13,8,0.0003152413164961096,3.476917712356221e-05,0.0003500104936196718,0.0003152413164961096
55,81,8,1,13,7,5.872189189142856e-05,0.0001269915406794553,0.00018571343257088385,0.0001269915406794553
55,82,8,2,13,6,0.0016771838506129692,0.0002988844420483886,0.001976068292661358,0.0016771838506129692
55,83,8,3,13,5,0.006799321123773275,0.0003796935847521926,0.0071790147085254675,0.006799321123773275
55,84,8,4,13,4,0.01336175291017156,0.00011379036931711357,0.013475543279488675,0.01336175291017156
55,85,8,5,13,3,0.01093727545873231,0.0009672930636007169,0.011904568522333028,0.01093727545873231
55,86,8,6,13,4,0.01335885570698928,0.00011472532015197115,0.013473581027141251,0.01335885570698928
55,87,8,7,13,5,0.006771831130550776,0.00037681716698892485,0.007148648297539701,0.006771831130550776
55,88,8,8,13,6,0.0015764627320183787,0.0003020397677475663,0.001878502499765945,0.0015764627320183787
55,89,8,9,13,7,0.00024250628988383249,0.00016366085183625368,0.00040616714172008616,0.00024250628988383249
55,90,9,0,13,9,0.00026320359994205626,2.4757241125378237e-06,0.0002656793240545941,0.00026320359994205626
55,91,9,1,13,8,0.0003751370618421658,4.9406118193380384e-05,0.0004245431800355462,0.0003751370618421658
55,92,9,2,13,7,0.00017675705672161405,0.0001682615575135696,0.00034501861423518365,0.00017675705672161405
55,93,9,3,13,6,0.001197168369381428,0.00032693755600963456,0.0015241059253910626,0.001197168369381428
55,94,9,4,13,5,0.0038813693912887253,0.00039872945772961133,0.004280098849018337,0.0038813693912887253
55,95,9,5,13,4,0.005194252080044124,0.0003213504334877696,0.005515602513531894,0.005194252080044124
55,96,9,6,13,5,0.0038835644696593712,0.00039704660257162364,0.004280611072230995,0.0038835644696593712
55,97,9,7,13,6,0.0011866607991491889,0.00032281306737019533,0.0015094738665193841,0.0011866607991491889
55,98,9,8,13,7,0.00024250628988878818,0.00016366085183730186,0.00040616714172609004,0.00024250628988878818
55,99,9,9,13,8,0.0005686592432540697,5.819454032248143e-05,0.0006268537835765511,0.0005686592432540697
55,0,0,0,14,10,9.725013427283945e-05,1.268631650782413e-05,0.00010993645078066358,9.725013427283945e-05
55,1,0,1,14,9,0.00021107246455503555,1.8820038210972933e-06,0.00021295446837613284,0.00021107246455503555
55,2,0,2,14,8,0.0003304951360848897,3.297870744719851e-05,0.0003634738435320882,0.0003304951360848897
55,3,0,3,14,7,0.00020612414426003926,9.4097969680485e-05,0.0003002221139405243,0.00020612414426003926
55,4,0,4,14,6,0.0003150412276492025,0.00015375508735695725,0.0004687963150061598,0.0003150412276492025
55,5,0,5,14,5,0.0006900232025149181,0.0001694763819445875,0.0008594995844595056,0.0006900232025149181
55,6,0,6,14,6,0.00031899735009722325,0.00015307053768517082,0.0004720678877823941,0.00031899735009722325
55,7,0,7,14,7,0.00020359478365484208,9.178920066467865e-05,0.0002953839843195207,0.00020359478365484208
55,8,0,8,14,8,0.0003500809365621826,2.8133684753448567e-05,0.00037821462131563114,0.0003500809365621826
55,9,0,9,14,9,0.00029842954164085403,6.680667911186143e-06,0.0003051102095520402,0.00029842954164085403
55,10,1,0,14,9,0.00021107246449382947,1.8820038274907135e-06,0.00021295446832132018,0.00021107246449382947
55,11,1,1,14,8,0.0002644892695154847,3.543842386705081e-05,0.00029992769338253554,0.0002644892695154847
55,12,1,2,14,7,4.378548423886856e-05,0.00012321088496622127,0.00016699636920508983,0.00012321088496622127
55,13,1,3,14,6,0.0014132013773062882,0.00024482449763423437,0.0016580258749405226,0.0014132013773062882
55,14,1,4,14,5,0.003871436314807395,0.00030473540669451524,0.00417617172150191,0.003871436314807395
55,15,1,5,14,4,0.00487186875460699,0.00024627592524049073,0.005118144679847481,0.00487186875460699
55,16,1,6,14,5,0.0038726319901271028,0.00030364951698249763,0.0041762815071096,0.0038726319901271028
55,17,1,7,14,6,0.0014033508401636743,0.00024204741707518104,0.0016453982572388554,0.0014033508401636743
55,18,1,8,14,7,4.4028921242907106e-05,0.0001199369378097724,0.0001639658590526795,0.0001199369378097724
55,19,1,9,14,8,0.00041540037030409117,4.132360339357927e-05,0.0004567239736976704,0.00041540037030409117
55,20,2,0,14,8,0.0003304951360164759,3.2978707444912704e-05,0.00036347384346138863,0.0003304951360164759
55,21,2,1,14,7,4.378548424851179e-05,0.00012321088496774452,0.0001669963692162563,0.00012321088496774452
55,22,2,2,14,6,0.002061978650479684,0.00030242127560147804,0.002364399926081162,0.002061978650479684
55,23,2,3,14,5,0.007706375838191341,0.0004300655098010772,0.008136441347992417,0.007706375838191341
55,24,2,4,14,4,0.01432183577955239,0.000147629028448841,0.01446946480800123,0.01432183577955239
55,25,2,5,14,3,0.011090166747142999,0.0006989328296652235,0.011789099576808222,0.011090166747142999
55,26,2,6,14,4,0.014316879938964633,0.00014650456200764473,0.014463384500972277,0.014316879938964633
55,27,2,7,14,5,0.007673047060767704,0.00042745843000008613,0.00810050549076779,0.007673047060767704
55,28,2,8,14,6,0.0019513855126373908,0.0003053887939421055,0.002256774306579496,0.0019513855126373908
55,29,2,9,14,7,0.00016441632233328435,0.00015782823950406753,0.0003222445618373519,0.00016441632233328435
55,30,3,0,14,7,0.00020612414418818257,9.409796967966509e-05,0.00030022211386784766,0.00020612414418818257
55,31,3,1,14,6,0.0014132013773359771,0.00024482449763245856,0.0016580258749684356,0.0014132013773359771
55,32,3,2,14,5,0.007706375838171009,0.00043006550980581647,0.008136441347976826,0.007706375838171009
55,33,3,3,14,4,0.01988251953891185,0.00016072931174612926,0.02004324885065798,0.01988251953891185
55,34,3,4,14,3,0.014340330840626227,0.0030477930428060916,0.01738812388343232,0.014340330840626227
55,35,3,5,14,2,0.05513868068397234,0.008814690592124507,0.06395337127609685,0.05513868068397234
55,36,3,6,14,3,0.014327436341882226,0.003049478721836444,0.01737691506371867,0.014327436341882226
55,37,3,7,14,4,0.0198237631303175,0.0001605985630159167,0.019984361693333418,0.0198237631303175
55,38,3,8,14,5,0.007567551418691342,0.0004458633271217727,0.008013414745813114,0.007567551418691342
55,39,3,9,14,6,0.0014168406065602106,0.00032630151393837675,0.0017431421204985873,0.0014168406065602106
55,40,4,0,14,6,0.0003150412276989122,0.0001537550873570915,0.0004687963150560037,0.0003150412276989122
55,41,4,1,14,5,0.0038714363148128375,0.00030473540669683066,0.004176171721509668,0.0038714363148128375
55,42,4,2,14,4,0.014321835779521461,0.0001476290284506541,0.014469464807972116,0.014321835779521461
55,43,4,3,14,3,0.01434033084060688,0.0030477930428054033,0.017388123883412283,0.01434033084060688
55,44,4,4,14,2,0.13565793346617916,0.01740083533316419,0.15305876879934335,0.13565793346617916
55,45,4,5,14,1,0.7074239634113176,0.053728705067508244,0.7611526684788259,0.7074239634113176
55,46,4,6,14,2,0.13567797522783168,0.017402264607397744,0.15308023983522942,0.13567797522783168
55,47,4,7,14,3,0.014270793980753566,0.0030453202389093496,0.017316114219662913,0.014270793980753566
55,48,4,8,14,4,0.014224384607257098,0.00016995501002976959,0.014394339617286868,0.014224384607257098
55,49,4,9,14,5,0.004371078018294148,0.00042819862326618483,0.0047992766415603325,0.004371078018294148
55,50,5,0,14,5,0.0006900232025563407,0.00016947638194021646,0.0008594995844965572,0.0006900232025563407
55,51,5,1,14,4,0.004871868754614568,0.00024627592523662983,0.005118144679851199,0.004871868754614568
55,52,5,2,14,3,0.011090166747106698,0.0006989328296618711,0.01178909957676857,0.011090166747106698
55,53,5,3,14,2,0.05513868068398414,0.008814690592127566,0.06395337127611171,0.05513868068398414
55,54,5,4,14,1,0.7074239634113269,0.05372870506750761,0.7611526684788344,0.7074239634113269
55,55,5,5,14,0,4.362820407443135,0.273919729434517,4.636740136877652,4.362820407443135
55,56,5,6,14,1,0.7074458154901291,0.05372992752898227,0.7611757430191114,0.7074458154901291
55,57,5,7,14,2,0.05520952411218768,0.008810738327161872,0.06402026243934955,0.05520952411218768
55,58,5,8,14,3,0.011042787472690767,0.000663598716196965,0.011706386188887731,0.011042787472690767
55,59,5,9,14,4,0.005698873132738042,0.0003778392950614802,0.006076712427799522,0.005698873132738042
55,60,6,0,14,6,0.0003189973500693796,0.0001530705376903703,0.0004720678877597499,0.0003189973500693796
55,61,6,1,14,5,0.0038726319901073647,0.0003036495169824989,0.004176281507089864,0.0038726319901073647
55,62,6,2,14,4,0.014316879938957356,0.00014650456200463426,0.01446338450096199,0.014316879938957356
55,63,6,3,14,3,0.014327436341875341,0.003049478721835828,0.017376915063711168,0.014327436341875341
55,64,6,4,14,2,0.1356779752278156,0.017402264607403208,0.15308023983521882,0.1356779752278156
55,65,6,5,14,1,0.707445815490105,0.053729927528986525,0.7611757430190915,0.707445815490105
55,66,6,6,14,2,0.13569763766494344,0.017403678145391645,0.1531013158103351,0.13569763766494344
55,67,6,7,14,3,0.01425881921068846,0.0030470318346089136,0.017305851045297374,0.01425881921068846
55,68,6,8,14,4,0.014220945247443814,0.00016854686093331194,0.014389492108377127,0.014220945247443814
55,69,6,9,14,5,0.004373444967631624,0.0004265774700394534,0.0048000224376710775,0.004373444967631624
55,70,7,0,14,7,0.00020359478368460446,9.178920066310008e-05,0.00029538398434770456,0.00020359478368460446
55,71,7,1,14,6,0.0014033508401146274,0.00024204741708115312,0.0016453982571957805,0.0014033508401146274
55,72,7,2,14,5,0.007673047060761392,0.00042745842999824483,0.008100505490759637,0.007673047060761392
55,73,7,3,14,4,0.019823763130326143,0.00016059856301746983,0.019984361693343614,0.019823763130326143
55,74,7,4,14,3,0.014270793980722637,0.0030453202389005324,0.01731611421962317,0.014270793980722637
55,75,7,5,14,2,0.05520952411215694,0.008810738327166995,0.06402026243932393,0.05520952411215694
55,76,7,6,14,3,0.014258819210709962,0.003047031834613028,0.01730585104532299,0.014258819210709962
55,77,7,7,14,4,0.01976694501724941,0.00016055626057025758,0.01992750127781967,0.01976694501724941
55,78,7,8,14,5,0.007536076749240942,0.0004425517495093203,0.007978628498750261,0.007536076749240942
55,79,7,9,14,6,0.0014045230618732305,0.000322052851254588,0.0017265759131278185,0.0014045230618732305
55,80,8,0,14,8,0.0003500809365942087,2.8133684747949406e-05,0.00037821462134215815,0.0003500809365942087
55,81,8,1,14,7,4.40289212662146e-05,0.00011993693780896919,0.00016396585907518379,0.00011993693780896919
55,82,8,2,14,6,0.0019513855126261559,0.0003053887939419111,0.002256774306568067,0.0019513855126261559
55,83,8,3,14,5,0.007567551418673691,0.0004458633271253682,0.00801341474579906,0.007567551418673691
55,84,8,4,14,4,0.014224384607226725,0.0001699550100344892,0.014394339617261215,0.014224384607226725
55,85,8,5,14,3,0.011042787472706352,0.0006635987162007203,0.011706386188907071,0.011042787472706352
55,86,8,6,14,4,0.014220945247449624,0.00016854686093258802,0.014389492108382211,0.014220945247449624
55,87,8,7,14,5,0.007536076749251532,0.0004425517495068905,0.007978628498758423,0.007536076749251532
55,88,8,8,14,6,0.001837744798262293,0.0003066964052752756,0.0021444412035375687,0.001837744798262293
55,89,8,9,14,7,0.0002389531132647156,0.00015214038214026124,0.0003910934954049768,0.0002389531132647156
55,90,9,0,14,9,0.00029842954174402313,6.680667903478674e-06,0.0003051102096475018,0.00029842954174402313
55,91,9,1,14,8,0.000415400370357657,4.132360339612893e-05,0.0004567239737537859,0.000415400370357657
55,92,9,2,14,7,0.00016441632231795102,0.00015782823949760702,0.000322244561815558,0.00016441632231795102
55,93,9,3,14,6,0.001416840606569684,0.0003263015139339626,0.0017431421205036466,0.001416840606569684
55,94,9,4,14,5,0.004371078018258602,0.00042819862327230646,0.004799276641530908,0.004371078018258602
55,95,9,5,14,4,0.005698873132735761,0.00037783929505958656,0.0060767124277953475,0.005698873132735761
55,96,9,6,14,5,0.004373444967615015,0.0004265774700414619,0.004800022437656476,0.004373444967615015
55,97,9,7,14,6,0.0014045230618873448,0.00032205285125046413,0.001726575913137809,0.0014045230618873448
55,98,9,8,14,7,0.00023895311326992718,0.0001521403821412188,0.000391093495411146,0.00023895311326992718
55,99,9,9,14,8,0.0006336815229308109,4.659684388977647e-05,0.0006802783668205874,0.0006336815229308109
55,0,0,0,15,10,0.00011032311163357748,1.3793541334454539e-05,0.00012411665296803204,0.00011032311163357748
55,1,0,1,15,9,0.00023535800797071495,4.755653163547429e-06,0.00024011366113426238,0.00023535800797071495
55,2,0,2,15,8,0.00036023542788906905,2.64692593850341e-05,0.00038670468727410316,0.00036023542788906905
55,3,0,3,15,7,0.00020509696658535255,8.54732684018559e-05,0.00029057023498720843,0.00020509696658535255
55,4,0,4,15,6,0.0003834381542961637,0.00014721970031303508,0.0005306578546091988,0.0003834381542961637
55,5,0,5,15,5,0.0007855863180345459,0.0001663804262497352,0.0009519667442842811,0.0007855863180345459
55,6,0,6,15,6,0.0003878271074498837,0.0001466146973046309,0.0005344418047545146,0.0003878271074498837
55,7,0,7,15,7,0.00020248344151004282,8.326316563283578e-05,0.0002857466071428786,0.00020248344151004282
55,8,0,8,15,8,0.00038273522698738954,2.1480043481521797e-05,0.00040421527046891135,0.00038273522698738954
55,9,0,9,15,9,0.00033378829246722856,1.0971883084488288e-05,0.0003447601755517168,0.00033378829246722856
55,10,1,0,15,9,0.00023535800790364244,4.755653170167405e-06,0.00024011366107380984,0.00023535800790364244
55,11,1,1,15,8,0.00028543170817564947,2.9710739458822454e-05,0.00031514244763447194,0.00028543170817564947
55,12,1,2,15,7,7.502653140206196e-05,0.00011587077812392371,0.00019089730952598567,0.00011587077812392371
55,13,1,3,15,6,0.001621419854096182,0.0002453681676411717,0.0018667880217373538,0.001621419854096182
55,14,1,4,15,5,0.004260870338500432,0.00032944739628673907,0.00459031773478717,0.004260870338500432
55,15,1,5,15,4,0.005232819655686776,0.00029302076843715414,0.00552584042412393,0.005232819655686776
55,16,1,6,15,5,0.004262105196497588,0.0003284088444673189,0.004590514040964906,0.004262105196497588
55,17,1,7,15,6,0.0016100752493333793,0.00024251859545204962,0.001852593844785429,0.0016100752493333793
55,18,1,8,15,7,3.784198677268965e-05,0.00011185804592737021,0.00014970003270005984,0.00011185804592737021
55,19,1,9,15,8,0.0004526600969125183,3.313073466620757e-05,0.00048579083157872585,0.0004526600969125183
55,20,2,0,15,8,0.00036023542781396983,2.64692593835211e-05,0.00038670468719749094,0.00036023542781396983
55,21,2,1,15,7,7.50265314168684e-05,0.00011587077812556824,0.00019089730954243664,0.00011587077812556824
55,22,2,2,15,6,0.0023542309121266864,0.0003069464550266753,0.0026611773671533618,0.0023542309121266864
55,23,2,3,15,5,0.008431840612620544,0.0004900997462034739,0.008921940358824019,0.008431840612620544
55,24,2,4,15,4,0.015007554042186292,0.0003091108641334263,0.015316664906319718,0.015007554042186292
55,25,2,5,15,3,0.01105030503803765,0.00042287440657790573,0.011473179444615554,0.01105030503803765
55,26,2,6,15,4,0.015001830848811413,0.0003076067313039715,0.015309437580115383,0.015001830848811413
55,27,2,7,15,5,0.0083942457067101,0.00048706354966857404,0.008881309256378674,0.0083942457067101
55,28,2,8,15,6,0.0022314173871801454,0.00030812378339036613,0.0025395411705705115,0.0022314173871801454
55,29,2,9,15,7,0.0001430076104279575,0.00014609860097775627,0.0002891062114057138,0.00014609860097775627
55,30,3,0,15,7,0.00020509696650716975,8.547326840192944e-05,0.0002905702349090992,0.00020509696650716975
55,31,3,1,15,6,0.0016214198541286344,0.000245368167639734,0.0018667880217683684,0.0016214198541286344
55,32,3,2,15,5,0.008431840612598497,0.0004900997462079833,0.00892194035880648,0.008431840612598497
55,33,3,3,15,4,0.020689475676583143,0.0002706052580649688,0.02096008093464811,0.020689475676583143
55,34,3,4,15,3,0.012473091613921504,0.0023279872842430086,0.014801078898164514,0.012473091613921504
55,35,3,5,15,2,0.060380531395226054,0.007618224041490777,0.06799875543671684,0.060380531395226054
55,36,3,6,15,3,0.012458580681192424,0.002329805552232943,0.014788386233425366,0.012458580681192424
55,37,3,7,15,4,0.02062389270504241,0.00026913815797803336,0.020893030863020443,0.02062389270504241
55,38,3,8,15,5,0.008280881950573062,0.0005030634132231447,0.008783945363796206,0.008280881950573062
55,39,3,9,15,6,0.0016469267819547175,0.000322001601103413,0.0019689283830581304,0.0016469267819547175
55,40,4,0,15,6,0.0003834381543505936,0.00014721970031376935,0.000530657854664363,0.0003834381543505936
55,41,4,1,15,5,0.004260870338506588,0.0003294473962891281,0.0045903177347957165,0.004260870338506588
55,42,4,2,15,4,0.01500755404215273,0.00030911086413523247,0.015316664906287962,0.01500755404215273
55,43,4,3,15,3,0.012473091613900734,0.002327987284242588,0.014801078898143322,0.012473091613900734
55,44,4,4,15,2,0.14706975945360487,0.0153588403573159,0.16242859981092078,0.14706975945360487
55,45,4,5,15,1,0.722533899282935,0.050032695016096716,0.7725665942990317,0.722533899282935
55,46,4,6,15,2,0.14709229441774072,0.015360533661370983,0.1624528280791117,0.14709229441774072
55,47,4,7,15,3,0.012396709495451689,0.002326713753862274,0.014723423249313963,0.012396709495451689
55,48,4,8,15,4,0.014906587542007898,0.0003343192324409812,0.015240906774448879,0.014906587542007898
55,49,4,9,15,5,0.004842272868903289,0.00045102186989537147,0.00529329473879866,0.004842272868903289
55,50,5,0,15,5,0.0007855863180795942,0.00016638042624586688,0.0009519667443254611,0.0007855863180795942
55,51,5,1,15,4,0.005232819655695259,0.0002930207684333267,0.005525840424128585,0.005232819655695259
55,52,5,2,15,3,0.011050305037998589,0.0004228744065752993,0.011473179444573888,0.011050305037998589
55,53,5,3,15,2,0.06038053139523873,0.0076182240414939765,0.06799875543673271,0.06038053139523873
55,54,5,4,15,1,0.7225338992829448,0.050032695016096314,0.7725665942990411,0.7225338992829448
55,55,5,5,15,0,4.35134702059314,0.26576003999024966,4.61710706058339,4.35134702059314
55,56,5,6,15,1,0.722558416850577,0.05003422501158988,0.7725926418621669,0.722558416850577
55,57,5,7,15,2,0.06045846851145852,0.007615581565299699,0.06807405007675822,0.06045846851145852
55,58,5,8,15,3,0.01100524504084614,0.0003926268821947072,0.011397871923040847,0.01100524504084614
55,59,5,9,15,4,0.00616264622668374,0.00042614659478214673,0.006588792821465887,0.00616264622668374
55,60,6,0,15,6,0.00038782710741922666,0.0001466146973095672,0.0005344418047287939,0.00038782710741922666
55,61,6,1,15,5,0.004262105196475895,0.0003284088444671465,0.004590514040943042,0.004262105196475895
55,62,6,2,15,4,0.015001830848803521,0.000307606731300288,0.015309437580103809,0.015001830848803521
55,63,6,3,15,3,0.012458580681185206,0.002329805552232458,0.014788386233417664,0.012458580681185206
55,64,6,4,15,2,0.14709229441772317,0.015360533661376243,0.16245282807909942,0.14709229441772317
55,65,6,5,15,1,0.7225584168505506,0.050034225011593964,0.7725926418621445,0.7225584168505506
55,66,6,6,15,2,0.1471144015666658,0.015362205280098887,0.16247660684676468,0.1471144015666658
55,67,6,7,15,3,0.012383226287731775,0.0023285425101788335,0.01471176879791061,0.012383226287731775
55,68,6,8,15,4,0.014902552299401088,0.0003326437985134855,0.015235196097914573,0.014902552299401088
55,69,6,9,15,5,0.004844773290077611,0.0004494786573877864,0.005294251947465398,0.004844773290077611
55,70,7,0,15,7,0.00020248344154290176,8.326316563091512e-05,0.0002857466071738169,0.00020248344154290176
55,71,7,1,15,6,0.0016100752492796435,0.00024251859545749687,0.0018525938447371403,0.0016100752492796435
55,72,7,2,15,5,0.008394245706702927,0.00048706354966670753,0.008881309256369634,0.008394245706702927
55,73,7,3,15,4,0.0206238927050515,0.00026913815797382546,0.020893030863025328,0.0206238927050515
55,74,7,4,15,3,0.012396709495418495,0.002326713753853964,0.01472342324927246,0.012396709495418495
55,75,7,5,15,2,0.060458468511424994,0.007615581565304441,0.06807405007672944,0.060458468511424994
55,76,7,6,15,3,0.01238322628775521,0.002328542510182658,0.014711768797937867,0.01238322628775521
55,77,7,7,15,4,0.020560470461696546,0.0002675406295047342,0.02082801109120128,0.020560470461696546
55,78,7,8,15,5,0.008245303672227786,0.0004993678454494458,0.008744671517677232,0.008245303672227786
55,79,7,9,15,6,0.0016326563919262797,0.000317679240359035,0.0019503356322853147,0.0016326563919262797
55,80,8,0,15,8,0.00038273522702303366,2.148004347569799e-05,0.00040421527049873163,0.00038273522702303366
55,81,8,1,15,7,3.784198677053708e-05,0.00011185804592614213,0.00014970003269667922,0.00011185804592614213
55,82,8,2,15,6,0.002231417387167699,0.00030812378339005464,0.0025395411705577534,0.002231417387167699
55,83,8,3,15,5,0.008280881950553608,0.0005030634132266158,0.008783945363780224,0.008280881950553608
55,84,8,4,15,4,0.014906587541974376,0.00033431923244577896,0.015240906774420155,0.014906587541974376
55,85,8,5,15,3,0.011005245040863169,0.0003926268821977193,0.011397871923060889,0.011005245040863169
55,86,8,6,15,4,0.014902552299407875,0.00033264379851272066,0.015235196097920595,0.014902552299407875
55,87,8,7,15,5,0.008245303672239622,0.0004993678454471093,0.008744671517686731,0.008245303672239622
55,88,8,8,15,6,0.0021050043506094956,0.00030763615414726046,0.002412640504756756,0.0021050043506094956
55,89,8,9,15,7,0.00022588870850190392,0.00013942341693260125,0.00036531212543450514,0.00022588870850190392
55,90,9,0,15,9,0.0003337882925808353,1.0971883077942623e-05,0.0003447601756587779,0.0003337882925808353
55,91,9,1,15,8,0.00045266009697172,3.313073466816578e-05,0.0004857908316398858,0.00045266009697172
55,92,9,2,15,7,0.00014300761041202638,0.0001460986009714523,0.00028910621138347867,0.0001460986009714523
55,93,9,3,15,6,0.001646926781964885,0.00032200160109905967,0.0019689283830639447,0.001646926781964885
55,94,9,4,15,5,0.004842272868864163,0.00045102186990116083,0.005293294738765324,0.004842272868864163
55,95,9,5,15,4,0.006162646226681122,0.0004261465947802218,0.006588792821461344,0.006162646226681122
55,96,9,6,15,5,0.004844773290060087,0.00044947865738957914,0.005294251947449666,0.004844773290060087
55,97,9,7,15,6,0.001632656391941935,0.00031767924035506253,0.0019503356322969974,0.001632656391941935
55,98,9,8,15,7,0.0002258887085073128,0.00013942341693347585,0.00036531212544078863,0.0002258887085073128
55,99,9,9,15,8,0.0006954076385906836,3.499751712625277e-05,0.0007304051557169364,0.0006954076385906836
55,0,0,0,16,10,0.00012373378081003862,1.4718491553047666e-05,0.00013845227236308628,0.00012373378081003862
55,1,0,1,16,9,0.000259113103545526,7.734395071813301e-06,0.00026684749861733927,0.000259113103545526
55,2,0,2,16,8,0.00038687252149024104,1.9946048689601357e-05,0.0004068185701798424,0.00038687252149024104
55,3,0,3,16,7,0.00019790221043991082,7.625797765415937e-05,0.0002741601880940702,0.00019790221043991082
55,4,0,4,16,6,0.0004563487430175839,0.00013932800425915534,0.0005956767472767392,0.0004563487430175839
55,5,0,5,16,5,0.0008812537894125684,0.00016151792157007976,0.0010427717109826483,0.0008812537894125684
55,6,0,6,16,6,0.00046115432455765253,0.00013880743238887008,0.0005999617569465226,0.00046115432455765253
55,7,0,7,16,7,0.00019527086914197038,7.41684037582573e-05,0.0002694392729002277,0.00019527086914197038
55,8,0,8,16,8,0.00041244361124821786,1.4905774939068169e-05,0.000427349386187286,0.00041244361124821786
55,9,0,9,16,9,0.0003687195087149948,1.505565892247654e-05,0.00038377516763747133,0.0003687195087149948
55,10,1,0,16,9,0.0002591131034727018,7.734395077788331e-06,0.00026684749855049013,0.0002591131034727018
55,11,1,1,16,8,0.00030313266702783765,2.3891949260501163e-05,0.0003270246162883388,0.00030313266702783765
55,12,1,2,16,7,0.00011690056577274232,0.00010758106955246203,0.00022448163532520435,0.00011690056577274232
55,13,1,3,16,6,0.001830541864572664,0.00024322978212195495,0.002073771646694619,0.001830541864572664
55,14,1,4,16,5,0.004619946020813812,0.00034925139914788653,0.004969197419961699,0.004619946020813812
55,15,1,5,16,4,0.005548443966655665,0.00033368757873809287,0.0058821315453937584,0.005548443966655665
55,16,1,6,16,5,0.0046211883679431525,0.00034827054424916236,0.004969458912192315,0.0046211883679431525
55,17,1,7,16,6,0.001817617247157662,0.00024034083864669123,0.002057958085804353,0.001817617247157662
55,18,1,8,16,7,5.720327441841647e-05,0.00010289619470352651,0.00016009946912194298,0.00010289619470352651
55,19,1,9,16,8,0.00048598079911796213,2.49240116997763e-05,0.0005109048108177384,0.00048598079911796213
55,20,2,0,16,8,0.0003868725214086082,1.9946048688791556e-05,0.00040681857009739977,0.0003868725214086082
55,21,2,1,16,7,0.00011690056579054755,0.00010758106955421166,0.0002244816353447592,0.00011690056579054755
55,22,2,2,16,6,0.0026456295304398605,0.00030797946201467386,0.0029536089924545343,0.0026456295304398605
55,23,2,3,16,5,0.009085764222454565,0.0005417413687749347,0.009627505591229499,0.009085764222454565
55,24,2,4,16,4,0.015509243039923199,0.0004723290439010524,0.015981572083824253,0.015509243039923199
55,25,2,5,16,3,0.01088395421994354,0.00021999092110236524,0.011103945141045906,0.01088395421994354
55,26,2,6,16,4,0.015502703692669425,0.0004707564509951845,0.01597346014366461,0.015502703692669425
55,27,2,7,16,5,0.009043852095138553,0.0005383213674217792,0.009582173462560333,0.009043852095138553
55,28,2,8,16,6,0.002511029435464188,0.0003074114146682211,0.002818440850132409,0.002511029435464188
55,29,2,9,16,7,0.00011366888343519823,0.00013325765952221436,0.0002469265429574126,0.00013325765952221436
55,30,3,0,16,7,0.00019790221035575752,7.625797765504133e-05,0.00027416018801079884,0.00019790221035575752
55,31,3,1,16,6,0.0018305418646078124,0.00024322978212082606,0.0020737716467286384,0.0018305418646078124
55,32,3,2,16,5,0.009085764222430863,0.0005417413687792194,0.009627505591210082,0.009085764222430863
55,33,3,3,16,4,0.021222152510772196,0.0004983496212628715,0.02172050213203507,0.021222152510772196
55,34,3,4,16,3,0.010421026479117133,0.0016568481783229947,0.012077874657440127,0.010421026479117133
55,35,3,5,16,2,0.06498248692207127,0.006474316519589136,0.07145680344166042,0.06498248692207127
55,36,3,6,16,3,0.010404952771022534,0.0016587389558370567,0.012063691726859591,0.010404952771022534
55,37,3,7,16,4,0.021149862336089738,0.0004959687269906999,0.021645831063080438,0.021149862336089738
55,38,3,8,16,5,0.008924061192899738,0.0005518217738111058,0.009475882966710845,0.008924061192899738
55,39,3,9,16,6,0.0018827291955429112,0.00031438609671031694,0.002197115292253228,0.0018827291955429112
55,40,4,0,16,6,0.00045634874307656613,0.0001393280042604313,0.0005956767473369975,0.00045634874307656613
55,41,4,1,16,5,0.004619946020820683,0.00034925139915033666,0.00496919741997102,0.004619946020820683
55,42,4,2,16,4,0.01550924303988713,0.0004723290439025447,0.015981572083789676,0.01550924303988713
55,43,4,3,16,3,0.010421026479095138,0.0016568481783228,0.012077874657417938,0.010421026479095138
55,44,4,4,16,2,0.1568361277009922,0.013394192250429034,0.17023031995142124,0.1568361277009922
55,45,4,5,16,1,0.7323239395012187,0.04644819980600129,0.77877213930722,0.7323239395012187
55,46,4,6,16,2,0.15686116688691842,0.013396120171507684,0.1702572870584261,0.15686116688691842
55,47,4,7,16,3,0.010338557210810308,0.0016566936645119098,0.011995250875322218,0.010338557210810308
55,48,4,8,16,4,0.015406779105647363,0.0004951769029597756,0.015901956008607138,0.015406779105647363
55,49,4,9,16,5,0.005285316168350845,0.00046768786406991154,0.005753004032420757,0.005285316168350845
55,50,5,0,16,5,0.0008812537894611097,0.0001615179215666807,0.0010427717110277903,0.0008812537894611097
55,51,5,1,16,4,0.005548443966665081,0.0003336875787343063,0.005882131545399387,0.005548443966665081
55,52,5,2,16,3,0.010883954219901897,0.00021999092110140908,0.011103945141003305,0.010883954219901897
55,53,5,3,16,2,0.06498248692208472,0.006474316519592442,0.07145680344167717,0.06498248692208472
55,54,5,4,16,1,0.7323239395012288,0.04644819980600113,0.7787721393072299,0.7323239395012288
55,55,5,5,16,0,4.3279957613172275,0.25778258920513336,4.585778350522361,4.3279957613172275
55,56,5,6,16,1,0.7323511175892659,0.04645001042634096,0.7788011280156069,0.7323511175892659
55,57,5,7,16,2,0.0650671051522318,0.006472958601717728,0.07154006375394953,0.0650671051522318
55,58,5,8,16,3,0.010842926294685593,0.00020625907919406594,0.01104918537387966,0.010842926294685593
55,59,5,9,16,4,0.006579115078319567,0.00046677243684078903,0.007045887515160356,0.006579115078319567
55,60,6,0,16,6,0.0004611543245242009,0.00013880743239355118,0.0005999617569177521,0.0004611543245242009
55,61,6,1,16,5,0.004621188367919543,0.00034827054424883727,0.00496945891216838,0.004621188367919543
55,62,6,2,16,4,0.015502703692660963,0.00047075645099139225,0.015973460143652356,0.015502703692660963
55,63,6,3,16,3,0.01040495277101505,0.0016587389558366927,0.012063691726851743,0.01040495277101505
55,64,6,4,16,2,0.1568611668868994,0.013396120171512727,0.17025728705841214,0.1568611668868994
55,65,6,5,16,1,0.7323511175892368,0.046450010426344945,0.7788011280155818,0.7323511175892368
55,66,6,6,16,2,0.1568857288672472,0.013398020834234413,0.1702837497014816,0.1568857288672472
55,67,6,7,16,3,0.01032361640261757,0.001658580563229505,0.011982196965847075,0.01032361640261757
55,68,6,8,16,4,0.015402095639228456,0.00049346848439127,0.015895564123619726,0.015402095639228456
55,69,6,9,16,5,0.005287903776626697,0.00046623766735510785,0.005754141443981805,0.005287903776626697
55,70,7,0,16,7,0.00019527086917783652,7.416840375603269e-05,0.0002694392729338692,0.00019527086917783652
55,71,7,1,16,6,0.0018176172470993153,0.00024034083865164633,0.002057958085750962,0.0018176172470993153
55,72,7,2,16,5,0.009043852095130502,0.0005383213674198982,0.0095821734625504,0.009043852095130502
55,73,7,3,16,4,0.02114986233609923,0.0004959687269860333,0.021645831063085264,0.02114986233609923
55,74,7,4,16,3,0.010338557210775172,0.0016566936645043124,0.011995250875279483,0.010338557210775172
55,75,7,5,16,2,0.06506710515219553,0.0064729586017221,0.07154006375391764,0.06506710515219553
55,76,7,6,16,3,0.010323616402642703,0.001658580563232933,0.011982196965875635,0.010323616402642703
55,77,7,7,16,4,0.02107995183990865,0.0004934633567573262,0.021573415196665974,0.02107995183990865
55,78,7,8,16,5,0.008884309260396074,0.000547793811158108,0.009432103071554182,0.008884309260396074
55,79,7,9,16,6,0.0018663720114729108,0.00031003897851852635,0.002176410989991437,0.0018663720114729108
55,80,8,0,16,8,0.00041244361128745053,1.4905774933115468e-05,0.000427349386220566,0.00041244361128745053
55,81,8,1,16,7,5.7203274388015314e-05,0.00010289619470191388,0.0001600994690899292,0.00010289619470191388
55,82,8,2,16,6,0.0025110294354505195,0.00030741141466780715,0.0028184408501183266,0.0025110294354505195
55,83,8,3,16,5,0.00892406119287847,0.0005518217738144625,0.009475882966692934,0.00892406119287847
55,84,8,4,16,4,0.015406779105610705,0.000495176902964343,0.01590195600857505,0.015406779105610705
55,85,8,5,16,3,0.010842926294704038,0.00020625907919424126,0.01104918537389828,0.010842926294704038
55,86,8,6,16,4,0.015402095639236273,0.0004934684843905303,0.015895564123626804,0.015402095639236273
55,87,8,7,16,5,0.00888430926040918,0.0005477938111558684,0.009432103071565048,0.00888430926040918
55,88,8,8,16,6,0.002372223393713003,0.0003051914096654557,0.0026774148033784587,0.002372223393713003
55,89,8,9,16,7,0.00020329360857727156,0.00012569840467835207,0.00032899201325562366,0.00020329360857727156
55,90,9,0,16,9,0.0003687195088389167,1.5055658917019796e-05,0.00038377516775593647,0.0003687195088389167
55,91,9,1,16,8,0.0004859807991827595,2.4924011701174403e-05,0.000510904810883934,0.0004859807991827595
55,92,9,2,16,7,0.00011366888341950112,0.00013325765951607743,0.00024692654293557856,0.00013325765951607743
55,93,9,3,16,6,0.0018827291955537285,0.00031438609670603066,0.0021971152922597593,0.0018827291955537285
55,94,9,4,16,5,0.005285316168308164,0.0004676878640753788,0.005753004032383543,0.005285316168308164
55,95,9,5,16,4,0.006579115078316623,0.0004667724368388384,0.0070458875151554615,0.006579115078316623
55,96,9,6,16,5,0.0052879037766083836,0.0004662376673567075,0.005754141443965091,0.0052879037766083836
55,97,9,7,16,6,0.0018663720114901383,0.0003100389785147111,0.0021764109900048495,0.0018663720114901383
55,98,9,8,16,7,0.00020329360858280831,0.00012569840467915118,0.0003289920132619595,0.00020329360858280831
55,99,9,9,16,8,0.0007524545211347865,2.3582294871713227e-05,0.0007760368160064998,0.0007524545211347865
55,0,0,0,17,10,0.00013732584756991116,1.5463011408796414e-05,0.00015278885897870758,0.00013732584756991116
55,1,0,1,17,9,0.00028191688278546956,1.0587212839084106e-05,0.00029250409562455365,0.00028191688278546956
55,2,0,2,17,8,0.00040975175282326377,1.3520886367944248e-05,0.00042327263919120803,0.00040975175282326377
55,3,0,3,17,7,0.00018456066150622386,6.656859932274055e-05,0.00025112926082896444,0.00018456066150622386
55,4,0,4,17,6,0.0005323053802526702,0.00013025304178935395,0.0006625584220420242,0.0005323053802526702
55,5,0,5,17,5,0.0009753810495830627,0.0001550835646269937,0.0011304646142100564,0.0009753810495830627
55,6,0,6,17,6,0.0005375038281281619,0.00012982100062599198,0.0006673248287541539,0.0005375038281281619
55,7,0,7,17,7,0.0001819862019602586,6.461983162006819e-05,0.0002466060335803268,0.0001819862019602586
55,8,0,8,17,8,0.000438527914327062,8.632505945292324e-06,0.00044716042027235435,0.000438527914327062
55,9,0,9,17,9,0.0004026486650202011,1.8885047308684937e-05,0.000421533712328886,0.0004026486650202011
55,10,1,0,17,9,0.0002819168827070404,1.058721284444421e-05,0.0002925040955514846,0.0002819168827070404
55,11,1,1,17,8,0.00031708719797629304,1.8053014349644192e-05,0.00033514021232593726,0.00031708719797629304
55,12,1,2,17,7,0.0001666355690728373,9.847627001980623e-05,0.0002651118390926435,0.0001666355690728373
55,13,1,3,17,6,0.0020359329911149885,0.00023866338963526648,0.002274596380750255,0.0020359329911149885
55,14,1,4,17,5,0.004941969699713854,0.0003644987919188354,0.005306468491632689,0.004941969699713854
55,15,1,5,17,4,0.005815490120538251,0.00036861840172352345,0.006184108522261774,0.005815490120538251
55,16,1,6,17,5,0.004943183716634237,0.0003635851755180275,0.005306768892152264,0.004943183716634237
55,17,1,7,17,6,0.0020213543784493677,0.00023576705371459588,0.0022571214321639634,0.0020213543784493677
55,18,1,8,17,7,9.48714515226981e-05,9.318805177594077e-05,0.00018805950329863887,9.48714515226981e-05
55,19,1,9,17,8,0.0005145384281601315,1.6845839148656573e-05,0.0005313842673087881,0.0005145384281601315
55,20,2,0,17,8,0.0004097517527352948,1.3520886367753525e-05,0.00042327263910304835,0.0004097517527352948
55,21,2,1,17,7,0.000166635569092992,9.847627002164485e-05,0.00026511183911463683,0.000166635569092992
55,22,2,2,17,6,0.002929637478811147,0.0003058260875425253,0.0032354635663536723,0.002929637478811147
55,23,2,3,17,5,0.00965574548850932,0.0005854926087100903,0.010241238097219411,0.00965574548850932
55,24,2,4,17,4,0.015830909400216017,0.000624520363904527,0.016455429764120545,0.015830909400216017
55,25,2,5,17,3,0.010609603457164099,0.0002568652202070253,0.010866468677371123,0.010609603457164099
55,26,2,6,17,4,0.015823510571903097,0.0006229332839690068,0.016446443855872104,0.015823510571903097
55,27,2,7,17,5,0.009609522923127233,0.0005817346958062821,0.010191257618933516,0.009609522923127233
55,28,2,8,17,6,0.002783914033887317,0.00030356728894722707,0.0030874813228345442,0.002783914033887317
55,29,2,9,17,7,8.098414804722783e-05,0.00011948485195810191,0.00020046900000532974,0.00011948485195810191
55,30,3,0,17,7,0.00018456066141658376,6.656859932434813e-05,0.0002511292607409319,0.00018456066141658376
55,31,3,1,17,6,0.0020359329911527483,0.0002386633896344177,0.002274596380787166,0.0020359329911527483
55,32,3,2,17,5,0.009655745488484031,0.0005854926087141564,0.010241238097198188,0.009655745488484031
55,33,3,3,17,4,0.021491600238460095,0.0007226940148283634,0.02221429425328846,0.021491600238460095
55,34,3,4,17,3,0.008279862022368202,0.0010553850964149134,0.009335247118783115,0.008279862022368202
55,35,3,5,17,2,0.06890586912133358,0.005385734376038434,0.07429160349737202,0.06890586912133358
55,36,3,6,17,3,0.008262405275949977,0.0010571887305595388,0.009319594006509516,0.008262405275949977
55,37,3,7,17,4,0.02141283556119431,0.0007195041945621078,0.02213233975575642,0.02141283556119431
55,38,3,8,17,5,0.009484957931695532,0.000592666379360256,0.010077624311055787,0.009484957931695532
55,39,3,9,17,6,0.002119246876671251,0.00030379507702181453,0.002423041953693066,0.002119246876671251
55,40,4,0,17,6,0.0005323053803160049,0.00013025304179111548,0.0006625584221071204,0.0005323053803160049
55,41,4,1,17,5,0.00494196969972143,0.00036449879192133487,0.005306468491642765,0.00494196969972143
55,42,4,2,17,4,0.015830909400177586,0.0006245203639057038,0.01645542976408329,0.015830909400177586
55,43,4,3,17,3,0.008279862022345296,0.0010553850964148649,0.009335247118760161,0.008279862022345296
55,44,4,4,17,2,0.16489821407082314,0.01151098754207725,0.17640920161290038,0.16489821407082314
55,45,4,5,17,1,0.7372808805913275,0.042980101828022345,0.7802609824193498,0.7372808805913275
55,46,4,6,17,2,0.16492573381031803,0.011513118424256025,0.17643885223457406,0.16492573381031803
55,47,4,7,17,3,0.008192647382788514,0.0010561165159144771,0.00924876389870299,0.008192647382788514
55,48,4,8,17,4,0.015729047819142642,0.0006441807078929586,0.0163732285270356,0.015729047819142642
55,49,4,9,17,5,0.00569179712088925,0.0004786760477119874,0.006170473168601237,0.00569179712088925
55,50,5,0,17,5,0.0009753810496349463,0.0001550835646240314,0.0011304646142589777,0.0009753810496349463
55,51,5,1,17,4,0.005815490120548623,0.00036861840171978556,0.006184108522268408,0.005815490120548623
55,52,5,2,17,3,0.010609603457120064,0.00025686522020854405,0.010866468677328609,0.010609603457120064
55,53,5,3,17,2,0.06890586912134766,0.00538573437604181,0.07429160349738947,0.06890586912134766
55,54,5,4,17,1,0.7372808805913381,0.04298010182802241,0.7802609824193605,0.7372808805913381
55,55,5,5,17,0,4.294577953198892,0.2499946647046359,4.544572617903528,4.294577953198892
55,56,5,6,17,1,0.7373106763719364,0.04298216513229142,0.7802928415042278,0.7373106763719364
55,57,5,7,17,2,0.06899663488144084,0.005385618624234542,0.07438225350567539,0.06899663488144084
55,58,5,8,17,3,0.010574288001090804,0.0002725185031438257,0.01084680650423463,0.010574288001090804
55,59,5,9,17,4,0.006943257898960716,0.0005002166073237394,0.007443474506284456,0.006943257898960716
55,60,6,0,17,6,0.0005375038280919456,0.00012982100063042571,0.0006673248287223714,0.0005375038280919456
55,61,6,1,17,5,0.004943183716608762,0.00036358517551756737,0.005306768892126329,0.004943183716608762
55,62,6,2,17,4,0.015823510571894125,0.0006229332839651773,0.0164464438558593,0.015823510571894125
55,63,6,3,17,3,0.008262405275942325,0.001057188730559301,0.009319594006501626,0.008262405275942325
55,64,6,4,17,2,0.16492573381029757,0.011513118424260846,0.1764388522345584,0.16492573381029757
55,65,6,5,17,1,0.7373106763719048,0.04298216513229526,0.7802928415042001,0.7373106763719048
55,66,6,6,17,2,0.16495272655010715,0.011515216918055272,0.1764679434681624,0.16495272655010715
55,67,6,7,17,3,0.008176422239227543,0.0010579058754827313,0.009234328114710274,0.008176422239227543
55,68,6,8,17,4,0.01572366656995977,0.0006424891930570572,0.016366155763016827,0.01572366656995977
55,69,6,9,17,5,0.005694418425680541,0.00047733272670738867,0.006171751152387929,0.005694418425680541
55,70,7,0,17,7,0.00018198620199897742,6.461983161757817e-05,0.0002466060336165556,0.00018198620199897742
55,71,7,1,17,6,0.0020213543783865113,0.00023576705371909057,0.0022571214321056017,0.0020213543783865113
55,72,7,2,17,5,0.009609522923118296,0.0005817346958043974,0.010191257618922693,0.009609522923118296
55,73,7,3,17,4,0.021412835561204154,0.0007195041945575114,0.022132339755761666,0.021412835561204154
55,74,7,4,17,3,0.008192647382752032,0.0010561165159082688,0.0092487638986603,0.008192647382752032
55,75,7,5,17,2,0.06899663488140192,0.0053856186242385385,0.07438225350564047,0.06899663488140192
55,76,7,6,17,3,0.008176422239253908,0.001057905875485421,0.009234328114739329,0.008176422239253908
55,77,7,7,17,4,0.021336662691782766,0.0007162211297899319,0.022052883821572698,0.021336662691782766
55,78,7,8,17,5,0.009441015666142956,0.0005883575718105307,0.010029373237953486,0.009441015666142956
55,79,7,9,17,6,0.00210068145289804,0.0002994702869350168,0.0024001517398330565,0.00210068145289804
55,80,8,0,17,8,0.00043852791436982023,8.632505939841327e-06,0.0004471604203096616,0.00043852791436982023
55,81,8,1,17,7,9.487145148060561e-05,9.318805177398331e-05,0.0001880595032545889,9.487145148060561e-05
55,82,8,2,17,6,0.0027839140338724233,0.00030356728894672405,0.0030874813228191473,0.0027839140338724233
55,83,8,3,17,5,0.009484957931672441,0.0005926663793635055,0.010077624311035947,0.009484957931672441
55,84,8,4,17,4,0.015729047819102875,0.0006441807078972882,0.016373228527000162,0.015729047819102875
55,85,8,5,17,3,0.01057428800111063,0.0002725185031403125,0.010846806504250942,0.01057428800111063
55,86,8,6,17,4,0.015723666569968663,0.000642489193056355,0.01636615576302502,0.015723666569968663
55,87,8,7,17,5,0.009441015666157345,0.0005883575718083904,0.010029373237965735,0.009441015666157345
55,88,8,8,17,6,0.002633324722893624,0.0002996868069500126,0.0029330115298436365,0.002633324722893624
55,89,8,9,17,7,0.00017182502465009478,0.00011114784974973836,0.0002829728743998331,0.00017182502465009478
55,90,9,0,17,9,0.0004026486651542531,1.8885047304231664e-05,0.00042153371245848476,0.0004026486651542531
55,91,9,1,17,8,0.0005145384282304469,1.6845839149509173e-05,0.000531384267379956,0.0005145384282304469
55,92,9,2,17,7,8.098414803462919e-05,0.00011948485195214342,0.00020046899998677262,0.00011948485195214342
55,93,9,3,17,6,0.0021192468766826735,0.00030379507701760127,0.002423041953700275,0.0021192468766826735
55,94,9,4,17,5,0.005691797120843053,0.00047867604771714207,0.0061704731685601946,0.005691797120843053
55,95,9,5,17,4,0.006943257898957465,0.0005002166073217691,0.007443474506279234,0.006943257898957465
55,96,9,6,17,5,0.0056944184256615595,0.00047733272670881564,0.0061717511523703755,0.0056944184256615595
55,97,9,7,17,6,0.002100681452916866,0.00029947028693136444,0.0024001517398482305,0.002100681452916866
55,98,9,8,17,7,0.00017182502465566088,0.00011114784975046864,0.0002829728744061295,0.00017182502465566088
55,99,9,9,17,8,0.0008035504876901766,1.2858191362933095e-05,0.0008164086790531098,0.0008035504876901766
55,0,0,0,18,10,0.0001509279385263851,1.6030399132444344e-05,0.00016695833765882945,0.0001509279385263851
55,1,0,1,18,9,0.00030335533759809087,1.327635920067602e-05,0.0003166316967987669,0.00030335533759809087
55,2,0,2,18,8,0.00042832584844941236,7.505048480054751e-06,0.0004358308969294671,0.00042832584844941236
55,3,0,3,18,7,0.00016537468484652642,5.6520056205619885e-05,0.0002218947410521463,0.00016537468484652642
55,4,0,4,18,6,0.0006097293305931213,0.00012016174765898856,0.0007298910782521099,0.0006097293305931213
55,5,0,5,18,5,0.0010663705895762017,0.00014726512164412703,0.0012136357112203287,0.0010663705895762017
55,6,0,6,18,6,0.0006152895207671308,0.00011982154606585276,0.0007351110668329836,0.0006152895207671308
55,7,0,7,18,7,0.000162938391807335,5.473082478668488e-05,0.00021766921659401988,0.000162938391807335
55,8,0,8,18,8,0.00046041232102075164,4.0518200744101135e-06,0.00046446414109516175,0.00046041232102075164
55,9,0,9,18,9,0.0004349994232516441,2.2439249922055652e-05,0.0004574386731736998,0.0004349994232516441
55,10,1,0,18,9,0.0003033553375142304,1.3276359205467011e-05,0.0003166316967196974,0.0003033553375142304
55,11,1,1,18,8,0.0003269123604482577,1.2300993972853578e-05,0.0003392133544211113,0.0003269123604482577
55,12,1,2,18,7,0.00022259129382021893,8.868696428930689e-05,0.00031127825810952584,0.00022259129382021893
55,13,1,3,18,6,0.0022330660419114705,0.00023191649128985803,0.0024649825332013287,0.0022330660419114705
55,14,1,4,18,5,0.005221628225748602,0.0003755332140594024,0.005597161439808004,0.005221628225748602
55,15,1,5,18,4,0.006031914954678714,0.0003981607508701958,0.00643007570554891,0.006031914954678714
55,16,1,6,18,5,0.005222774641338229,0.00037469553438560535,0.005597470175723835,0.005222774641338229
55,17,1,7,18,6,0.0022167741779423574,0.0002290433969781205,0.002445817574920478,0.0022167741779423574
55,18,1,8,18,7,0.0001419843536075583,8.28661184768222e-05,0.0002248504720843805,0.0001419843536075583
55,19,1,9,18,8,0.000537646193526373,9.2990477783359e-06,0.0005469452413047089,0.000537646193526373
55,20,2,0,18,8,0.00042832584835534487,7.5050484803035595e-06,0.00043583089683564845,0.00042832584835534487
55,21,2,1,18,7,0.0002225912938424591,8.868696429121869e-05,0.0003112782581336778,0.0002225912938424591
55,22,2,2,18,6,0.003199934895778965,0.00030078550678399105,0.003500720402562956,0.003199934895778965
55,23,2,3,18,5,0.010132589048699273,0.0006218512761679423,0.010754440324867215,0.010132589048699273
55,24,2,4,18,4,0.015980978018533376,0.0007641278184901166,0.016745105837023492,0.015980978018533376
55,25,2,5,18,3,0.010245338331583618,0.0004508878138990631,0.010696226145482681,0.010245338331583618
55,26,2,6,18,4,0.015972683382463576,0.0007625528036394974,0.016735236186103074,0.015972683382463576
55,27,2,7,18,5,0.010082124249487815,0.0006178014685837472,0.010699925718071563,0.010082124249487815
55,28,2,8,18,6,0.0030439718297813447,0.00029689921757446397,0.0033408710473558085,0.0030439718297813447
55,29,2,9,18,7,6.296732967199331e-05,0.00010495515019940383,0.00016792247987139716,0.00010495515019940383
55,30,3,0,18,7,0.0001653746847520978,5.652005620787088e-05,0.0002218947409599687,0.0001653746847520978
55,31,3,1,18,6,0.0022330660419517413,0.0002319164912892627,0.002464982533241004,0.0022330660419517413
55,32,3,2,18,5,0.010132589048672466,0.0006218512761717941,0.01075444032484426,0.010132589048672466
55,33,3,3,18,4,0.021515289809932465,0.0009324855906970243,0.022447775400629488,0.021515289809932465
55,34,3,4,18,3,0.00614865303411645,0.0006179295037422327,0.006766582537858682,0.00614865303411645
55,35,3,5,18,2,0.07213197839616398,0.004356726042718135,0.07648870443888212,0.07213197839616398
55,36,3,6,18,3,0.006130309993639968,0.0006189106331499127,0.006749220626789881,0.006130309993639968
55,37,3,7,18,4,0.021430395525651277,0.000928545922885838,0.022358941448537114,0.021430395525651277
55,38,3,8,18,5,0.009954598188185691,0.0006261178769446716,0.010580716065130363,0.009954598188185691
55,39,3,9,18,6,0.0023513936492947063,0.00029055929486332833,0.0026419529441580347,0.0023513936492947063
55,40,4,0,18,6,0.0006097293306605822,0.00012016174766118222,0.0007298910783217644,0.0006097293306605822
55,41,4,1,18,5,0.005221628225756868,0.00037553321406193994,0.005597161439818808,0.005221628225756868
55,42,4,2,18,4,0.01598097801849274,0.0007641278184909986,0.016745105836983736,0.01598097801849274
55,43,4,3,18,3,0.006148653034093265,0.000617929503742087,0.006766582537835352,0.006148653034093265
55,44,4,4,18,2,0.1712454111324293,0.00971416294462868,0.18095957407705798,0.1712454111324293
55,45,4,5,18,1,0.7378747021992749,0.039632553245758526,0.7775072554450334,0.7378747021992749
55,46,4,6,18,2,0.17127535199772323,0.00971646165690836,0.1809918136546316,0.17127535199772323
55,47,4,7,18,3,0.006059435026987559,0.0006184387724257281,0.006677873799413287,0.006059435026987559
55,48,4,8,18,4,0.015881827673872598,0.0007803033628152902,0.01666213103668789,0.015881827673872598
55,49,4,9,18,5,0.006054656502626919,0.0004844543700256396,0.006539110872652559,0.006054656502626919
55,50,5,0,18,5,0.0010663705896312625,0.0001472651216415706,0.0012136357112728332,0.0010663705896312625
55,51,5,1,18,4,0.006031914954690065,0.00039816075086651447,0.00643007570555658,0.006031914954690065
55,52,5,2,18,3,0.01024533833153739,0.0004508878139007299,0.01069622614543812,0.01024533833153739
55,53,5,3,18,2,0.07213197839617859,0.0043567260427215294,0.07648870443890012,0.07213197839617859
55,54,5,4,18,1,0.7378747021992857,0.03963255324575878,0.7775072554450445,0.7378747021992857
55,55,5,5,18,0,4.2526336851378685,0.24240191686255125,4.49503560200042,4.2526336851378685
55,56,5,6,18,1,0.737907034569982,0.03963484050512352,0.7775418750751055,0.737907034569982
55,57,5,7,18,2,0.07222824845739127,0.004357784532578567,0.07658603298996984,0.07222824845739127
55,58,5,8,18,3,0.010217330668764017,0.0004702853927448159,0.010687616061508833,0.010217330668764017
55,59,5,9,18,4,0.00725137103397597,0.0005269720093737549,0.007778343043349725,0.00725137103397597
55,60,6,0,18,6,0.0006152895207281893,0.00011982154607004648,0.0007351110667982358,0.0006152895207281893
55,61,6,1,18,5,0.005222774641310951,0.00037469553438502807,0.005597470175695979,0.005222774641310951
55,62,6,2,18,4,0.01597268338245416,0.0007625528036356612,0.01673523618608982,0.01597268338245416
55,63,6,3,18,3,0.006130309993632319,0.0006189106331498588,0.0067492206267821785,0.006130309993632319
55,64,6,4,18,2,0.17127535199770133,0.009716461656912924,0.18099181365461425,0.17127535199770133
55,65,6,5,18,1,0.7379070345699482,0.03963484050512721,0.7775418750750754,0.7379070345699482
55,66,6,6,18,2,0.17130471618485216,0.009718723388301523,0.18102343957315367,0.17130471618485216
55,67,6,7,18,3,0.006042411398991806,0.0006194168958410849,0.006661828294832891,0.006042411398991806
55,68,6,8,18,4,0.01587570340028328,0.0007786553772415435,0.016654358777524823,0.01587570340028328
55,69,6,9,18,5,0.0060572517085170224,0.0004832305266599902,0.006540482235177013,0.0060572517085170224
55,70,7,0,18,7,0.0001629383918486447,5.4730824783970836e-05,0.00021766921663261555,0.0001629383918486447
55,71,7,1,18,6,0.0022167741778751134,0.0002290433969821844,0.002445817574857298,0.0022167741778751134
55,72,7,2,18,5,0.010082124249477997,0.000617801468581868,0.010699925718059864,0.010082124249477997
55,73,7,3,18,4,0.021430395525661436,0.0009285459228813977,0.022358941448542835,0.021430395525661436
55,74,7,4,18,3,0.006059435026951064,0.0006184387724237839,0.0066778737993748475,0.006059435026951064
55,75,7,5,18,2,0.07222824845734978,0.004357784532582187,0.07658603298993197,0.07222824845734978
55,76,7,6,18,3,0.006042411399018325,0.0006194168958416712,0.006661828294859996,0.006042411399018325
55,77,7,7,18,4,0.021348295015718378,0.0009245490397202543,0.022272844055438633,0.021348295015718378
55,78,7,8,18,5,0.009906506109775807,0.0006215792869059011,0.010528085396681708,0.009906506109775807
55,79,7,9,18,6,0.0023305149412307584,0.00028630177842157485,0.002616816719652333,0.0023305149412307584
55,80,8,0,18,8,0.00046041232106694153,4.0518200740427265e-06,0.00046446414114098425,0.00046041232106694153
55,81,8,1,18,7,0.00014198435355923856,8.286611847455947e-05,0.00022485047203379803,0.00014198435355923856
55,82,8,2,18,6,0.0030439718297652295,0.0002968992175738853,0.003340871047339115,0.0030439718297652295
55,83,8,3,18,5,0.009954598188160779,0.0006261178769478196,0.010580716065108598,0.009954598188160779
55,84,8,4,18,4,0.015881827673829774,0.0007803033628193916,0.016662131036649167,0.015881827673829774
55,85,8,5,18,3,0.01021733066878518,0.00047028539274097096,0.010687616061526151,0.01021733066878518
55,86,8,6,18,4,0.015875703400293293,0.0007786553772408825,0.016654358777534177,0.015875703400293293
55,87,8,7,18,5,0.00990650610979149,0.0006215792869038631,0.010528085396695353,0.00990650610979149
55,88,8,8,18,6,0.002882431798696766,0.0002914379298701192,0.003173869728566885,0.002882431798696766
55,89,8,9,18,7,0.00013327596736752265,9.59502421350847e-05,0.00022922620950260734,0.00013327596736752265
55,90,9,0,18,9,0.0004349994233955856,2.24392499185271e-05,0.0004574386733141127,0.0004349994233955856
55,91,9,1,18,8,0.0005376461936020948,9.299047778596106e-06,0.0005469452413806909,0.0005376461936020948
55,92,9,2,18,7,6.296732967228847e-05,0.00010495515019363742,0.0001679224798659259,0.00010495515019363742
55,93,9,3,18,6,0.0023513936493066894,0.00029055929485919394,0.0026419529441658834,0.0023513936493066894
55,94,9,4,18,5,0.006054656502577262,0.0004844543700304916,0.006539110872607754,0.006054656502577262
55,95,9,5,18,4,0.007251371033972436,0.0005269720093717701,0.007778343043344207,0.007251371033972436
55,96,9,6,18,5,0.006057251708497497,0.00048323052666126383,0.006540482235158761,0.006057251708497497
55,97,9,7,18,6,0.0023305149412512043,0.0002863017784180896,0.002616816719669294,0.0023305149412512043
55,98,9,8,18,7,0.00013327596737291978,9.595024213575214e-05,0.00022922620950867193,0.00013327596737291978
55,99,9,9,18,8,0.0008475725199290848,6.706611674741717e-06,0.0008542791316038266,0.0008475725199290848
55,0,0,0,19,10,0.0001643556846091741,1.6425259949293224e-05,0.00018078094455846732,0.0001643556846091741
55,1,0,1,19,9,0.00032303187442760166,1.57857815411469e-05,0.00033881765596874855,0.00032303187442760166
55,2,0,2,19,8,0.0004421695875596738,4.0873668082067674e-06,0.00044625695436788053,0.0004421695875596738
55,3,0,3,19,7,0.00014095579317741286,4.6230226984877776e-05,0.00018718602016229064,0.00014095579317741286
55,4,0,4,19,6,0.0006869960373167986,0.00010921499104538923,0.0007962110283621878,0.0006869960373167986
55,5,0,5,19,5,0.0011527021851915227,0.0001382431354356515,0.0012909453206271743,0.0011527021851915227
55,6,0,6,19,6,0.0006928797923269914,0.00010896913557996501,0.0008018489279069564,0.0006928797923269914
55,7,0,7,19,7,0.00013874310782417435,4.461796371049914e-05,0.0001833610715346735,0.00013874310782417435
55,8,0,8,19,8,0.0004776379132186108,6.603730579986367e-06,0.00048424164379859717,0.0004776379132186108
55,9,0,9,19,9,0.00046520682232619495,2.57058358087844e-05,0.0004909126581349794,0.00046520682232619495
55,10,1,0,19,9,0.00032303187433850675,1.578578154540969e-05,0.00033881765588391645,0.00032303187433850675
55,11,1,1,19,8,0.0003323570439034675,6.937454484755164e-06,0.00033929449838822264,0.0003323570439034675
55,12,1,2,19,7,0.0002832787378615808,7.834042265465891e-05,0.0003616191605162397,0.0002832787378615808
55,13,1,3,19,6,0.002417685439466638,0.00022322911420020878,0.002640914553666847,0.002417685439466638
55,14,1,4,19,5,0.005454971557044216,0.0003826889357196108,0.005837660492763827,0.005454971557044216
55,15,1,5,19,4,0.006196739051959698,0.000422659378253713,0.006619398430213411,0.006196739051959698
55,16,1,6,19,5,0.005456008462456612,0.00038193502575371787,0.00583794348821033,0.005456008462456612
55,17,1,7,19,6,0.002399638609510128,0.00022040837120630138,0.0026200469807164295,0.002399638609510128
55,18,1,8,19,7,0.00019512137616907072,7.205984617434573e-05,0.0002671812223434165,0.00019512137616907072
55,19,1,9,19,8,0.0005547732310172159,5.145258513559174e-06,0.0005599184895307751,0.0005547732310172159
55,20,2,0,19,8,0.00044216958745978027,4.087366807819867e-06,0.0004462569542676001,0.00044216958745978027
55,21,2,1,19,7,0.0002832787378857549,7.834042265662823e-05,0.00036161916054238313,0.0002832787378857549
55,22,2,2,19,6,0.003450646228103622,0.00029314893885000503,0.003743795166953627,0.003450646228103622
55,23,2,3,19,5,0.0105101893016493,0.000651305762513516,0.011161495064162816,0.0105101893016493
55,24,2,4,19,4,0.015971104554213484,0.0008910822125738301,0.016862186766787315,0.015971104554213484
55,25,2,5,19,3,0.009808420122099716,0.0006594964360850444,0.01046791655818476,0.009808420122099716
55,26,2,6,19,4,0.015961886361732493,0.0008895389991026997,0.01685142536083519,0.015961886361732493
55,27,2,7,19,5,0.010455614439191085,0.0006470097924027292,0.011102624231593814,0.010455614439191085
55,28,2,8,19,6,0.0032855328591146504,0.00028770596795305194,0.0035732388270677024,0.0032855328591146504
55,29,2,9,19,7,8.89644486607276e-05,8.98415277604721e-05,0.0001788059764211997,8.98415277604721e-05
55,30,3,0,19,7,0.00014095579307934371,4.6230226987686666e-05,0.0001871860200670304,0.00014095579307934371
55,31,3,1,19,6,0.002417685439509309,0.00022322911419984167,0.0026409145537091504,0.002417685439509309
55,32,3,2,19,5,0.010510189301621047,0.0006513057625171595,0.011161495064138207,0.010510189301621047
55,33,3,3,19,4,0.02131515640271174,0.001125946707912604,0.022441103110624343,0.02131515640271174
55,34,3,4,19,3,0.004157504355928544,0.0006434667512688762,0.0048009711071974204,0.004157504355928544
55,35,3,5,19,2,0.07465805702130524,0.003395087670172808,0.07805314469147805,0.07465805702130524
55,36,3,6,19,3,0.004139841046558214,0.0006423672220650482,0.004782208268623262,0.004139841046558214
55,37,3,7,19,4,0.021224585800422295,0.0011213125801600294,0.022345898380582326,0.021224585800422295
55,38,3,8,19,5,0.0103270436243752,0.0006526853108867865,0.010979728935261987,0.0103270436243752
55,39,3,9,19,6,0.002574194060338481,0.00027499919633294946,0.0028491932566714305,0.002574194060338481
55,40,4,0,19,6,0.0006869960373881379,0.00010921499104796319,0.000796211028436101,0.0006869960373881379
55,41,4,1,19,5,0.005454971557053149,0.0003826889357221758,0.005837660492775325,0.005454971557053149
55,42,4,2,19,4,0.015971104554170806,0.0008910822125744388,0.016862186766745245,0.015971104554170806
55,43,4,3,19,3,0.004157504355906818,0.0006434667512682917,0.00480097110717511,0.004157504355906818
55,44,4,4,19,2,0.17590459197793784,0.008010630052521764,0.1839152220304596,0.17590459197793784
55,45,4,5,19,1,0.7345528726163233,0.036409091419962625,0.7709619640362859,0.7345528726163233
55,46,4,6,19,2,0.17593685839092021,0.008013054954698806,0.18394991334561903,0.17593685839092021
55,47,4,7,19,3,0.004073731504478938,0.000641244889737145,0.0047149763942160835,0.004073731504478938
55,48,4,8,19,4,0.015876715702807836,0.0009036248248421272,0.016780340527649963,0.015876715702807836
55,49,4,9,19,5,0.006368232427537826,0.00048547736808989846,0.006853709795627725,0.006368232427537826
55,50,5,0,19,5,0.0011527021852495841,0.00013824313543347146,0.0012909453206830556,0.0011527021852495841
55,51,5,1,19,4,0.0061967390519720444,0.0004226593782500949,0.0066193984302221395,0.0061967390519720444
55,52,5,2,19,3,0.009808420122051499,0.0006594964360864366,0.010467916558137936,0.009808420122051499
55,53,5,3,19,2,0.07465805702132024,0.003395087670176135,0.07805314469149638,0.07465805702132024
55,54,5,4,19,1,0.7345528726163343,0.03640909141996307,0.7709619640362974,0.7345528726163343
55,55,5,5,19,0,4.20348038612414,0.23500855629694883,4.438488942421088,4.20348038612414
55,56,5,6,19,1,0.7345876224179972,0.036411573316069965,0.7709991957340672,0.7345876224179972
55,57,5,7,19,2,0.07475909195490454,0.003397203064648478,0.07815629501955303,0.07475909195490454
55,58,5,8,19,3,0.00978918299067698,0.0006767922548195889,0.01046597524549657,0.00978918299067698
55,59,5,9,19,4,0.007500951611253444,0.0005475210795015275,0.008048472690754972,0.007500951611253444
55,60,6,0,19,6,0.000692879792285373,0.0001089691355839251,0.0008018489278692981,0.000692879792285373
55,61,6,1,19,5,0.005456008462427601,0.00038193502575303867,0.005837943488180639,0.005456008462427601
55,62,6,2,19,4,0.015961886361722695,0.0008895389990988766,0.01685142536082157,0.015961886361722695
55,63,6,3,19,3,0.004139841046551027,0.0006423672220651843,0.004782208268616211,0.004139841046551027
55,64,6,4,19,2,0.1759368583908969,0.008013054954703114,0.1839499133456,0.1759368583908969
55,65,6,5,19,1,0.7345876224179612,0.03641157331607354,0.7709991957340347,0.7345876224179612
55,66,6,6,19,2,0.175968499102196,0.008015438981877532,0.18398393808407354,0.175968499102196
55,67,6,7,19,3,0.004057468402917001,0.0006401854207312685,0.004697653823648269,0.004057468402917001
55,68,6,8,19,4,0.01586980910328463,0.0009020405222003218,0.01677184962548495,0.01586980910328463
55,69,6,9,19,5,0.006370736549926147,0.00048438431262455355,0.006855120862550701,0.006370736549926147
55,70,7,0,19,7,0.00013874310786759396,4.46179637076086e-05,0.00018336107157520257,0.00013874310786759396
55,71,7,1,19,6,0.0023996386094386354,0.00022040837120996395,0.0026200469806485992,0.0023996386094386354
55,72,7,2,19,5,0.01045561443918039,0.000647009792400864,0.011102624231581254,0.01045561443918039
55,73,7,3,19,4,0.021224585800432724,0.0011213125801557704,0.022345898380588494,0.021224585800432724
55,74,7,4,19,3,0.004073731504446259,0.0006412448897426332,0.004714976394188892,0.004073731504446259
55,75,7,5,19,2,0.07475909195486058,0.0033972030646516904,0.07815629501951227,0.07475909195486058
55,76,7,6,19,3,0.004057468402940575,0.0006401854207284818,0.004697653823669057,0.004057468402940575
55,77,7,7,19,4,0.021136997474242438,0.0011166589048305742,0.022253656379073013,0.021136997474242438
55,78,7,8,19,5,0.01027490238858655,0.0006479671090455288,0.01092286949763208,0.01027490238858655
55,79,7,9,19,6,0.0025509175181714677,0.0002708515081968295,0.0028217690263682973,0.0025509175181714677
55,80,8,0,19,8,0.00047763791326811044,6.603730587045755e-06,0.0004842416438551562,0.00047763791326811044
55,81,8,1,19,7,0.0001951213761161608,7.205984617181801e-05,0.0002671812222879788,0.0001951213761161608
55,82,8,2,19,6,0.0032855328590973227,0.00028770596795240955,0.0035732388270497324,0.0032855328590973227
55,83,8,3,19,5,0.010327043624348468,0.0006526853108898385,0.010979728935238306,0.010327043624348468
55,84,8,4,19,4,0.015876715702761997,0.0009036248248460087,0.016780340527608007,0.015876715702761997
55,85,8,5,19,3,0.009789182990699438,0.0006767922548158554,0.010465975245515293,0.009789182990699438
55,86,8,6,19,4,0.01586980910329579,0.0009020405221997055,0.016771849625495498,0.01586980910329579
55,87,8,7,19,5,0.010274902388603534,0.000647967109043595,0.010922869497647128,0.010274902388603534
55,88,8,8,19,6,0.0031140840127566742,0.0002807501577401509,0.003394834170496825,0.0031140840127566742
55,89,8,9,19,7,9.259963644654725e-05,8.028440566772115e-05,0.0001728840421142684,9.259963644654725e-05
55,90,9,0,19,9,0.0004652068224797364,2.5705835806107432e-05,0.0004909126582858438,0.0004652068224797364
55,91,9,1,19,8,0.0005547732310982015,5.145258513160938e-06,0.0005599184896113625,0.0005547732310982015
55,92,9,2,19,7,8.89644486756043e-05,8.98415277549156e-05,0.00017880597643051991,8.98415277549156e-05
55,93,9,3,19,6,0.0025741940603509796,0.00027499919632889964,0.002849193256679879,0.0025741940603509796
55,94,9,4,19,5,0.006368232427484778,0.00048547736809445715,0.006853709795579236,0.006368232427484778
55,95,9,5,19,4,0.007500951611249657,0.000547521079499534,0.008048472690749191,0.007500951611249657
55,96,9,6,19,5,0.006370736549906198,0.0004843843126256909,0.006855120862531889,0.006370736549906198
55,97,9,7,19,6,0.0025509175181935495,0.0002708515081935146,0.002821769026387064,0.0025509175181935495
55,98,9,8,19,7,9.259963645112749e-05,8.028440566833091e-05,0.00017288404211945841,9.259963645112749e-05
55,99,9,9,19,8,0.000883576477777941,1.3454221698849466e-05,0.0008970306994767904,0.000883576477777941
55,0,0,0,20,10,0.00017741456372380362,1.6653361717326815e-05,0.00019406792544113044,0.00017741456372380362
55,1,0,1,20,9,0.00034057745375214323,1.8106005205945324e-05,0.00035868345895808854,0.00034057745375214323
55,2,0,2,20,8,0.00045098853367715654,7.754000944971217e-06,0.00045874253462212776,0.00045098853367715654
55,3,0,3,20,7,0.00011234100108604107,3.583240362083524e-05,0.0001481734047068763,0.00011234100108604107
55,4,0,4,20,6,0.0007624929390433473,9.756794748504213e-05,0.0008600608865283895,0.0007624929390433473
55,5,0,5,20,5,0.001232958358029999,0.00012819075154648025,0.0013611491095764793,0.001232958358029999
55,6,0,6,20,6,0.0007686554554697561,9.741811511809855e-05,0.0008660735705878547,0.0007686554554697561
55,7,0,7,20,7,0.00011043801556922354,3.441420424519595e-05,0.0001448522198144195,0.00011043801556922354
55,8,0,8,20,8,0.000489871474568326,1.2244378035296572e-05,0.0005021158526036225,0.000489871474568326
55,9,0,9,20,9,0.0004927305878238233,2.8677047636242332e-05,0.0005214076354600656,0.0004927305878238233
55,10,1,0,20,9,0.0003405774536580305,1.810600520971666e-05,0.0003586834588677472,0.0003405774536580305
55,11,1,1,20,8,0.0003333050052435095,3.926744179088836e-06,0.0003372317494225983,0.0003333050052435095
55,12,1,2,20,7,0.00034716175322879847,6.75620460412795e-05,0.00041472379927007794,0.00034716175322879847
55,13,1,3,20,6,0.002585936722517562,0.0002128330097974706,0.0027987697323150324,0.002585936722517562
55,14,1,4,20,5,0.00563934446476868,0.0003862895645052571,0.006025634029273938,0.00563934446476868
55,15,1,5,20,4,0.006309910301108498,0.00044245246197210903,0.006752362763080607,0.006309910301108498
55,16,1,6,20,5,0.005640228252849842,0.00038562637538469476,0.006025854628234537,0.005640228252849842
55,17,1,7,20,6,0.0025661134996415188,0.00021009204699985897,0.002776205546641378,0.0025661134996415188
55,18,1,8,20,7,0.00025226005547515705,6.0898198795930616e-05,0.00031315825427108765,0.00025226005547515705
55,19,1,9,20,8,0.0005655556179431376,9.878026604752356e-06,0.0005754336445478899,0.0005655556179431376
55,20,2,0,20,8,0.00045098853357173935,7.754000943463661e-06,0.00045874253451520303,0.00045098853357173935
55,21,2,1,20,7,0.00034716175325479075,6.756204604328995e-05,0.0004147237992980807,0.00034716175325479075
55,22,2,2,20,6,0.0036765167318455485,0.00028319845986352434,0.003959715191709073,0.0036765167318455485
55,23,2,3,20,5,0.01078530106059484,0.0006743318719501576,0.011459632932544999,0.01078530106059484
55,24,2,4,20,4,0.015815152795955627,0.0010056825508734386,0.016820835346829065,0.015815152795955627
55,25,2,5,20,3,0.009315018488322016,0.0008591805460449966,0.010174199034367013,0.009315018488322016
55,26,2,6,20,4,0.015804993444085546,0.0010041879769877365,0.016809181421073283,0.015804993444085546
55,27,2,7,20,5,0.01072681360895469,0.0006698348216165348,0.011396648430571225,0.01072681360895469
55,28,2,8,20,6,0.003503527505901928,0.0002762761676346498,0.003779803673536578,0.003503527505901928
55,29,2,9,20,7,0.00014491472581375583,7.432079899825535e-05,0.0002192355248120112,0.00014491472581375583
55,30,3,0,20,7,0.00011234100098667136,3.58324036241025e-05,0.00014817340461077385,0.00011234100098667136
55,31,3,1,20,6,0.002585936722562509,0.00021283300979730712,0.002798769732359816,0.002585936722562509
55,32,3,2,20,5,0.010785301060565217,0.0006743318719535975,0.011459632932518815,0.010785301060565217
55,33,3,3,20,4,0.02091593185110145,0.0013029120056057438,0.022218843856707193,0.02091593185110145
55,34,3,4,20,3,0.002595884874780881,0.0010413196064060258,0.003637204481186907,0.002595884874780881
55,35,3,5,20,2,0.07649394443758023,0.0025178830919961393,0.07901182752957638,0.07649394443758023
55,36,3,6,20,3,0.002585066656698358,0.0010394079269607315,0.0036244745836590897,0.002585066656698358
55,37,3,7,20,4,0.020820240253967795,0.0012976392929932878,0.022117879546961084,0.020820240253967795
55,38,3,8,20,5,0.010599159268065433,0.0006728632878045615,0.011272022555869995,0.010599159268065433
55,39,3,9,20,6,0.0027829495481671873,0.0002574241226273712,0.0030403736707945586,0.0027829495481671873
55,40,4,0,20,6,0.0007624929391182999,9.756794748794675e-05,0.0008600608866062466,0.0007624929391182999
55,41,4,1,20,5,0.005639344464778252,0.000386289564507839,0.00602563402928609,0.005639344464778252
55,42,4,2,20,4,0.015815152795911076,0.0010056825508737949,0.01682083534678487,0.015815152795911076
55,43,4,3,20,3,0.0025958848747672536,0.001041319606405209,0.0036372044811724628,0.0025958848747672536
55,44,4,4,20,2,0.17893114147667175,0.006411806202717043,0.18534294767938878,0.17893114147667175
55,45,4,5,20,1,0.727737309420385,0.0333127660138488,0.7610500754342338,0.727737309420385
55,46,4,6,20,2,0.17896560201617426,0.006414301484216989,0.18537990350039124,0.17896560201617426
55,47,4,7,20,3,0.0025453016508289175,0.0010372289660330108,0.0035825306168619283,0.0025453016508289175
55,48,4,8,20,4,0.015727456559672195,0.0010145145465751057,0.0167419711062473,0.015727456559672195
55,49,4,9,20,5,0.006628245084331092,0.0004821845658544149,0.007110429650185507,0.006628245084331092
55,50,5,0,20,5,0.0012329583580908763,0.00012819075154464835,0.0013611491096355247,0.0012329583580908763
55,51,5,1,20,4,0.006309910301121852,0.0004424524619685612,0.0067523627630904125,0.006309910301121852
55,52,5,2,20,3,0.009315018488272023,0.0008591805460460798,0.010174199034318102,0.009315018488272023
55,53,5,3,20,2,0.07649394443759548,0.0025178830919992527,0.07901182752959474,0.07649394443759548
55,54,5,4,20,1,0.7277373094203958,0.03331276601384939,0.7610500754342452,0.7277373094203958
55,55,5,5,20,0,4.148251295021579,0.22781752566408395,4.376068820685663,4.148251295021579
55,56,5,6,20,1,0.7277743203027262,0.03331541278258667,0.7610897330853128,0.7277743203027262
55,57,5,7,20,2,0.07659892363600025,0.0025208131448254414,0.07911973678082569,0.07659892363600025
55,58,5,8,20,3,0.009305840482378128,0.0008732185938412455,0.010179059076219374,0.009305840482378128
55,59,5,9,20,4,0.0076905823976992325,0.0005623334578390965,0.008252915855538329,0.0076905823976992325
55,60,6,0,20,6,0.0007686554554255162,9.741811512183097e-05,0.0008660735705473472,0.0007686554554255162
55,61,6,1,20,5,0.005640228252819177,0.0003856263753839285,0.006025854628203106,0.005640228252819177
55,62,6,2,20,4,0.015804993444075436,0.0010041879769839424,0.016809181421059378,0.015804993444075436
55,63,6,3,20,3,0.002585066656693442,0.001039407926960866,0.003624474583654308,0.002585066656693442
55,64,6,4,20,2,0.1789656020161495,0.006414301484220972,0.18537990350037048,0.1789656020161495
55,65,6,5,20,1,0.7277743203026877,0.033315412782590106,0.7610897330852778,0.7277743203026877
55,66,6,6,20,2,0.17899938904084578,0.006416753024311123,0.1854161420651569,0.17899938904084578
55,67,6,7,20,3,0.0025359879727287747,0.0010353793144225977,0.0035713672871513723,0.0025359879727287747
55,68,6,8,20,4,0.01571973592418912,0.0010130110656638043,0.016732746989852925,0.01571973592418912
55,69,6,9,20,5,0.00663058926454894,0.00048123229226410474,0.007111821556813045,0.00663058926454894
55,70,7,0,20,7,0.0001104380156136995,3.441420424219459e-05,0.0001448522198558941,0.0001104380156136995
55,71,7,1,20,6,0.002566113499565932,0.0002100920470031475,0.0027762055465690794,0.002566113499565932
55,72,7,2,20,5,0.010726813608943135,0.0006698348216146907,0.011396648430557826,0.010726813608943135
55,73,7,3,20,4,0.02082024025397846,0.0012976392929892222,0.022117879546967683,0.02082024025397846
55,74,7,4,20,3,0.002545301650813933,0.0010372289660403836,0.0035825306168543163,0.002545301650813933
55,75,7,5,20,2,0.0765989236359539,0.002520813144828175,0.07911973678078207,0.0765989236359539
55,76,7,6,20,3,0.0025359879727383456,0.0010353793144191018,0.0035713672871574473,0.0025359879727383456
55,77,7,7,20,4,0.020727702754047807,0.0012923853284006364,0.022020088082448444,0.020727702754047807
55,78,7,8,20,5,0.010543131496057177,0.0006680143895969707,0.011211145885654148,0.010543131496057177
55,79,7,9,20,6,0.0027572152577437095,0.0002534262091186107,0.00301064146686232,0.0027572152577437095
55,80,8,0,20,8,0.0004898714746209884,1.2244378043136448e-05,0.0005021158526641248,0.0004898714746209884
55,81,8,1,20,7,0.00025226005541833943,6.0898198793180815e-05,0.00031315825421152023,0.00025226005541833943
55,82,8,2,20,6,0.0035035275058834044,0.0002762761676339549,0.003779803673517359,0.0035035275058834044
55,83,8,3,20,5,0.010599159268036895,0.0006728632878075222,0.011272022555844417,0.010599159268036895
55,84,8,4,20,4,0.015727456559623407,0.0010145145465787744,0.01674197110620218,0.015727456559623407
55,85,8,5,20,3,0.00930584048240183,0.0008732185938376694,0.010179059076239498,0.00930584048240183
55,86,8,6,20,4,0.015719735924201454,0.0010130110656632369,0.01673274698986469,0.015719735924201454
55,87,8,7,20,5,0.01054313149607546,0.0006680143895951425,0.011211145885670602,0.01054313149607546
55,88,8,8,20,6,0.0033234022421049178,0.00026791767699438146,0.003591319919099299,0.0033234022421049178
55,89,8,9,20,7,6.749745202515341e-05,6.434048252883882e-05,0.00013183793455399224,6.749745202515341e-05
55,90,9,0,20,9,0.0004927305879866323,2.8677047634348302e-05,0.0005214076356209806,0.0004927305879866323
55,91,9,1,20,8,0.0005655556180292162,9.878026604739253e-06,0.0005754336446339555,0.0005655556180292162
55,92,9,2,20,7,0.00014491472583358023,7.432079899293596e-05,0.0002192355248265162,0.00014491472583358023
55,93,9,3,20,6,0.0027829495481801582,0.0002574241226234115,0.0030403736708035697,0.0027829495481801582
55,94,9,4,20,5,0.006628245084274732,0.0004821845658586899,0.007110429650133422,0.006628245084274732
55,95,9,5,20,4,0.007690582397695224,0.0005623334578371005,0.008252915855532323,0.007690582397695224
55,96,9,6,20,5,0.00663058926452868,0.00048123229226512205,0.007111821556793802,0.00663058926452868
55,97,9,7,20,6,0.002757215257767439,0.0002534262091154693,0.0030106414668829083,0.002757215257767439
55,98,9,8,20,7,6.749745202640517e-05,6.434048252939452e-05,0.00013183793455579968,6.749745202640517e-05
55,99,9,9,20,8,0.0009108191332557339,2.353539064544138e-05,0.0009343545239011754,0.0009108191332557339
55,0,0,0,21,10,0.00018990339259069384,1.6721493472268803e-05,0.00020662488606296265,0.00018990339259069384
55,1,0,1,21,9,0.00035565978850624975,2.023096765455003e-05,0.00037589075616079975,0.00035565978850624975
55,2,0,2,21,8,0.0004546219723889772,1.3450165811708805e-05,0.000468072138200686,0.0004546219723889772
55,3,0,3,21,7,8.148648272370019e-05,2.5517681339530537e-05,0.00010700416406323073,8.148648272370019e-05
55,4,0,4,21,6,0.0008346684990160572,8.537111185852396e-05,0.0009200396108745812,0.0008346684990160572
55,5,0,5,21,5,0.0013058454500256811,0.00011727370936643177,0.0014231191593921128,0.0013058454500256811
55,6,0,6,21,6,0.0008410588973912468,8.531808514560229e-05,0.0009263769825368491,0.0008410588973912468
55,7,0,7,21,7,7.997463509507102e-05,2.4314492145628908e-05,0.00010428912724069993,7.997463509507102e-05
55,8,0,8,21,8,0.0004969087132315608,1.8101104826912164e-05,0.000515009818058473,0.0004969087132315608
55,9,0,9,21,9,0.0005170678947742211,3.134854474341891e-05,0.0005484164395176401,0.0005170678947742211
55,10,1,0,21,9,0.00035565978840735213,2.023096765786356e-05,0.0003758907560652157,0.00035565978840735213
55,11,1,1,21,8,0.0003297717217492035,7.103302869223114e-06,0.00033687502461842664,0.0003297717217492035
55,12,1,2,21,7,0.00041264347542244417,5.647881334777512e-05,0.0004691222887702193,0.00041264347542244417
55,13,1,3,21,6,0.002734460680353136,0.00020095099918575172,0.0029354116795388876,0.002734460680353136
55,14,1,4,21,5,0.005773284074972372,0.00038664703086985604,0.006159931105842228,0.005773284074972372
55,15,1,5,21,4,0.006372176381984595,0.0004578694895334402,0.0068300458715180356,0.006372176381984595
55,16,1,6,21,5,0.005773970483931429,0.00038608062097458606,0.006160051104906015,0.005773970483931429
55,17,1,7,21,6,0.0027128624772582905,0.00019831543040471435,0.0029111779076630047,0.0027128624772582905
55,18,1,8,21,7,0.0003116934782083266,4.9515998691931856e-05,0.00036120947690025846,0.0003116934782083266
55,19,1,9,21,8,0.0005697999019606102,1.7048990696487916e-05,0.0005868488926570981,0.0005697999019606102
55,20,2,0,21,8,0.0004546219722783646,1.3450165809682931e-05,0.0004680721380880475,0.0004546219722783646
55,21,2,1,21,7,0.00041264347545014944,5.6478813349808725e-05,0.00046912228879995816,0.00041264347545014944
55,22,2,2,21,6,0.0038730378939204205,0.00027120598984808534,0.004144243883768506,0.0038730378939204205
55,23,2,3,21,5,0.010957237985267257,0.000691390657317517,0.011648628642584773,0.010957237985267257
55,24,2,4,21,4,0.015528340765177244,0.001108349862940747,0.01663669062811799,0.015528340765177244
55,25,2,5,21,3,0.008780051692971254,0.0010454474378633815,0.009825499130834636,0.008780051692971254
55,26,2,6,21,4,0.015517234289619212,0.0011069189451242177,0.01662415323474343,0.015517234289619212
55,27,2,7,21,5,0.010895100700906699,0.0006867366344206142,0.011581837335327312,0.010895100700906699
55,28,2,8,21,6,0.0036936071442366532,0.00026288738919684457,0.0039564945334334975,0.0036936071442366532
55,29,2,9,21,7,0.0002127917553757407,5.858916385307951e-05,0.0002713809192288202,0.0002127917553757407
55,30,3,0,21,7,8.1486482629493e-05,2.551768134310233e-05,0.00010700416397259533,8.1486482629493e-05
55,31,3,1,21,6,0.002734460680400227,0.00020095099918576948,0.002935411679585996,0.002734460680400227
55,32,3,2,21,5,0.01095723798523634,0.0006913906573207588,0.011648628642557099,0.01095723798523634
55,33,3,3,21,4,0.02034377174091218,0.00146366747180784,0.02180743921272002,0.02034377174091218
55,34,3,4,21,3,0.0022393119426675962,0.0015085694295933886,0.003747881372260985,0.0022393119426675962
55,35,3,5,21,2,0.07765931963719354,0.0017695286870811682,0.0794288483242747,0.07765931963719354
55,36,3,6,21,3,0.0022487477579480014,0.0015064473519677188,0.00375519510991572,0.0022487477579480014
55,37,3,7,21,4,0.020243607812674154,0.0014578129273978286,0.021701420740071982,0.020243607812674154
55,38,3,8,21,5,0.010770311489159808,0.0006871299976169024,0.01145744148677671,0.010770311489159808
55,39,3,9,21,6,0.0029733713519601006,0.0002381317643381302,0.0032115031162982307,0.0029733713519601006
55,40,4,0,21,6,0.0008346684990943443,8.537111186171036e-05,0.0009200396109560546,0.0008346684990943443
55,41,4,1,21,5,0.005773284074982549,0.0003866470308724452,0.0061599311058549945,0.005773284074982549
55,42,4,2,21,4,0.015528340765130991,0.0011083498629408711,0.01663669062807186,0.015528340765130991
55,43,4,3,21,3,0.0022393119426764962,0.001508569429592417,0.0037478813722689134,0.0022393119426764962
55,44,4,4,21,2,0.18040156720127937,0.004939885378558086,0.18534145257983745,0.18040156720127937
55,45,4,5,21,1,0.7178230682541804,0.030346284313689506,0.7481693525678699,0.7178230682541804
55,46,4,6,21,2,0.18043805560303067,0.0049423600922026524,0.1853804156952333,0.18043805560303067
55,47,4,7,21,3,0.002278358727192186,0.001503285485339692,0.003781644212531878,0.002278358727192186
55,48,4,8,21,4,0.015449097228816301,0.0011134393496415587,0.01656253657845786,0.015449097228816301
55,49,4,9,21,5,0.006831736581942045,0.00047499916930537905,0.007306735751247424,0.006831736581942045
55,50,5,0,21,5,0.0013058454500891826,0.00011727370936492104,0.0014231191594541036,0.0013058454500891826
55,51,5,1,21,4,0.0063721763819989665,0.00045786948952996774,0.006830045871528934,0.0063721763819989665
55,52,5,2,21,3,0.008780051692919696,0.0010454474378641682,0.009825499130783864,0.008780051692919696
55,53,5,3,21,2,0.07765931963720893,0.0017695286870836914,0.07942884832429262,0.07765931963720893
55,54,5,4,21,1,0.7178230682541914,0.030346284313690224,0.7481693525678816,0.7178230682541914
55,55,5,5,21,0,4.087926124896707,0.22083065007115832,4.308756774967865,4.087926124896707
55,56,5,6,21,1,0.7178621481841225,0.030349065820499354,0.7482112140046219,0.7178621481841225
55,57,5,7,21,2,0.07776735743813427,0.0017726374916763976,0.07953999492981068,0.07776735743813427
55,58,5,8,21,3,0.0087820121913743,0.0010558482673584547,0.009837860458732755,0.0087820121913743
55,59,5,9,21,4,0.007819820167478501,0.0005718643205093744,0.008391684487987876,0.007819820167478501
55,60,6,0,21,6,0.0008410588973444473,8.53180851491113e-05,0.0009263769824935586,0.0008410588973444473
55,61,6,1,21,5,0.005773970483899193,0.00038608062097374656,0.00616005110487294,0.005773970483899193
55,62,6,2,21,4,0.015517234289608864,0.0011069189451204705,0.016624153234729336,0.015517234289608864
55,63,6,3,21,3,0.002248747757949559,0.001506447351967819,0.0037551951099173784,0.002248747757949559
55,64,6,4,21,2,0.18043805560300455,0.004942360092206208,0.18538041569521074,0.18043805560300455
55,65,6,5,21,1,0.717862148184082,0.03034906582050264,0.7482112140045847,0.717862148184082
55,66,6,6,21,2,0.18047382445497864,0.004944790024018591,0.18541861447899724,0.18047382445497864
55,67,6,7,21,3,0.0022882200455653597,0.0015012411631596739,0.003789461208725034,0.0022882200455653597
55,68,6,8,21,4,0.015440540055567366,0.0011120318127908354,0.0165525718683582,0.015440540055567366
55,69,6,9,21,5,0.006833849577857779,0.0004741963393415926,0.007308045917199372,0.006833849577857779
55,70,7,0,21,7,7.997463513758321e-05,2.4314492142641704e-05,0.00010428912728022491,7.997463513758321e-05
55,71,7,1,21,6,0.002712862477178776,0.0001983154304076549,0.002911177907586431,0.002712862477178776
55,72,7,2,21,5,0.010895100700894307,0.000686736634418798,0.011581837335313105,0.010895100700894307
55,73,7,3,21,4,0.020243607812685024,0.0014578129273939617,0.021701420740078987,0.020243607812685024
55,74,7,4,21,3,0.002278358727218743,0.0015032854853471592,0.003781644212565902,0.002278358727218743
55,75,7,5,21,2,0.07776735743808562,0.0017726374916784205,0.07953999492976403,0.07776735743808562
55,76,7,6,21,3,0.00228822004554293,0.0015012411631562317,0.003789461208699162,0.00228822004554293
55,77,7,7,21,4,0.020146750040114788,0.0014520155354322127,0.021598765575547,0.020146750040114788
55,78,7,8,21,5,0.010710622339100254,0.0006821977406675436,0.011392820079767798,0.010710622339100254
55,79,7,9,21,6,0.0029451480574605262,0.00023432077876090512,0.0031794688362214315,0.0029451480574605262
55,80,8,0,21,8,0.0004969087132872165,1.8101104834948748e-05,0.0005150098181221653,0.0004969087132872165
55,81,8,1,21,7,0.0003116934781479906,4.951599868901032e-05,0.0003612094768370009,0.0003116934781479906
55,82,8,2,21,6,0.003693607144216952,0.00026288738919610845,0.003956494533413061,0.003693607144216952
55,83,8,3,21,5,0.01077031148912948,0.0006871299976197755,0.011457441486749254,0.01077031148912948
55,84,8,4,21,4,0.01544909722876465,0.0011134393496450223,0.016562536578409674,0.01544909722876465
55,85,8,5,21,3,0.00878201219139919,0.0010558482673550388,0.00983786045875423,0.00878201219139919
55,86,8,6,21,4,0.015440540055580885,0.0011120318127903204,0.016552571868371203,0.015440540055580885
55,87,8,7,21,5,0.010710622339119825,0.0006821977406658232,0.011392820079785648,0.010710622339119825
55,88,8,8,21,6,0.0035062047997272794,0.0002532226839834523,0.0037594274837107317,0.0035062047997272794
55,89,8,9,21,7,8.96493465803406e-05,4.835271333898299e-05,0.0001380020599193236,8.96493465803406e-05
55,90,9,0,21,9,0.0005170678949459277,3.134854474224275e-05,0.0005484164396881705,0.0005170678949459277
55,91,9,1,21,8,0.0005697999020515855,1.704899069690433e-05,0.0005868488927484899,0.0005697999020515855
55,92,9,2,21,7,0.00021279175539751813,5.8589163848046104e-05,0.0002713809192455642,0.00021279175539751813
55,93,9,3,21,6,0.002973371351973504,0.00023813176433426628,0.0032115031163077704,0.002973371351973504
55,94,9,4,21,5,0.006831736581882465,0.00047499916930937976,0.007306735751191845,0.006831736581882465
55,95,9,5,21,4,0.007819820167474305,0.0005718643205073797,0.008391684487981685,0.007819820167474305
55,96,9,6,21,5,0.006833849577837323,0.0004741963393425043,0.007308045917179827,0.006833849577837323
55,97,9,7,21,6,0.002945148057485909,0.000234320778757939,0.003179468836243848,0.002945148057485909
55,98,9,8,21,7,8.9649346577181e-05,4.8352713339485036e-05,0.00013800205991666603,8.9649346577181e-05
55,99,9,9,21,8,0.0009287716094631442,3.3759886838424596e-05,0.0009625314963015688,0.0009287716094631442
55,0,0,0,22,10,0.00020161831660094187,1.6637327480460643e-05,0.00021825564408140251,0.00020161831660094187
55,1,0,1,22,9,0.00036799118617706565,2.2156970562245e-05,0.00039014815673931065,0.00036799118617706565
55,2,0,2,22,8,0.00045304055669820916,1.9283744843427406e-05,0.0004723243015416366,0.00045304055669820916
55,3,0,3,22,7,5.3673690189681414e-05,1.5735782433624836e-05,6.940947262330625e-05,5.3673690189681414e-05
55,4,0,4,22,6,0.0009020720613417176,7.27726991270152e-05,0.0009748447604687328,0.0009020720613417176
55,5,0,5,22,5,0.0013702105471377964,0.00010565058858650461,0.001475861135724301,0.0013702105471377964
55,6,0,6,22,6,0.0009086340575495001,7.281620967069364e-05,0.0009814502672201937,0.0009086340575495001
55,7,0,7,22,7,5.262214286872282e-05,1.4798183943918021e-05,6.742032681264083e-05,5.262214286872282e-05
55,8,0,8,22,8,0.0004986724031699973,2.383028389307141e-05,0.0005225026870630688,0.0004986724031699973
55,9,0,9,22,9,0.0005377650012410927,3.371878192065016e-05,0.0005714837831617428,0.0005377650012410927
55,10,1,0,22,9,0.0003679911860736296,2.215697056513196e-05,0.0003901481566387616,0.0003679911860736296
55,11,1,1,22,8,0.0003218960155082801,1.220481436055195e-05,0.00033410082986883206,0.0003218960155082801
55,12,1,2,22,7,0.00047810163498469496,4.522819921156907e-05,0.000523329834196264,0.00047810163498469496
55,13,1,3,22,6,0.0028604542199133914,0.00018779649174310972,0.0030482507116565013,0.0028604542199133914
55,14,1,4,22,5,0.0058563967878459125,0.00038406081361416853,0.006240457601460081,0.0058563967878459125
55,15,1,5,22,4,0.006384966169393758,0.000469229935030145,0.0068541961044239035,0.006384966169393758
55,16,1,6,22,5,0.0058568420223477895,0.00038359634332182555,0.006240438365669615,0.0058568420223477895
55,17,1,7,22,6,0.0028371075225856806,0.000185290002704937,0.0030223975252906174,0.0028371075225856806
55,18,1,8,22,7,0.000371808236083244,3.807189583055221e-05,0.0004098801319137962,0.000371808236083244
55,19,1,9,22,8,0.000567479791554822,2.437739466230219e-05,0.0005918571862171242,0.000567479791554822
55,20,2,0,22,8,0.00045304055658275134,1.9283744840985054e-05,0.0004723243014237364,0.00045304055658275134
55,21,2,1,22,7,0.0004781016350140087,4.5228199213603114e-05,0.0005233298342276118,0.0004781016350140087
55,22,2,2,22,6,0.004036525010523029,0.00025743247127585134,0.00429395748179888,0.004036525010523029
55,23,2,3,22,5,0.011027532124780262,0.0007029269163725712,0.011730459041152833,0.011027532124780262
55,24,2,4,22,4,0.015126547045135948,0.0011995514331160826,0.01632609847825203,0.015126547045135948
55,25,2,5,22,3,0.008217102409334542,0.0012172035042162005,0.009434305913550742,0.008217102409334542
55,26,2,6,22,4,0.015114500474557412,0.0011981977248890358,0.016312698199446446,0.015114500474557412
55,27,2,7,22,5,0.010962071585316025,0.0006981587677056721,0.011660230353021698,0.010962071585316025
55,28,2,8,22,6,0.0038522179048154585,0.0002478054381360853,0.004100023342951543,0.0038522179048154585
55,29,2,9,22,7,0.00028632530637272285,4.2911849375677224e-05,0.0003292371557484001,0.00028632530637272285
55,30,3,0,22,7,5.3673690125507664e-05,1.573578243707972e-05,6.940947256258738e-05,5.3673690125507664e-05
55,31,3,1,22,6,0.0028604542199624867,0.00018779649174328737,0.003048250711705774,0.0028604542199624867
55,32,3,2,22,5,0.011027532124748128,0.0007029269163756183,0.011730459041123747,0.011027532124748128
55,33,3,3,22,4,0.0196251613969352,0.0016086628531494103,0.021233824250084608,0.0196251613969352
55,34,3,4,22,3,0.0032203124660135926,0.001969955633146999,0.005190268099160592,0.0032203124660135926
55,35,3,5,22,2,0.07818143417911518,0.0012757279680266408,0.07945716214714181,0.07818143417911518
55,36,3,6,22,3,0.0032426372620147624,0.001967769363103343,0.005210406625118106,0.0032426372620147624
55,37,3,7,22,4,0.01952125643503721,0.0016022838617799158,0.021123540296817123,0.01952125643503721
55,38,3,8,22,5,0.010842029283603262,0.0006959458299436803,0.011537975113546942,0.010842029283603262
55,39,3,9,22,6,0.0031416797714486225,0.0002174079777570395,0.003359087749205662,0.0031416797714486225
55,40,4,0,22,6,0.0009020720614230507,7.277269913043403e-05,0.0009748447605534848,0.0009020720614230507
55,41,4,1,22,5,0.005856396787856653,0.0003840608136167558,0.006240457601473409,0.005856396787856653
55,42,4,2,22,4,0.01512654704508817,0.0011995514331159954,0.016326098478204164,0.01512654704508817
55,43,4,3,22,3,0.0032203124660364025,0.0019699556331458945,0.005190268099182297,0.0032203124660364025
55,44,4,4,22,2,0.18040748098280598,0.0036450973389804677,0.18405257832178645,0.18040748098280598
55,45,4,5,22,1,0.705178144011933,0.027512184880354007,0.732690328892287,0.705178144011933
55,46,4,6,22,2,0.1804457978048018,0.0036473628174257455,0.18409316062222755,0.1804457978048018
55,47,4,7,22,3,0.0033118437178172202,0.0019636759561358244,0.005275519673953045,0.0033118437178172202
55,48,4,8,22,4,0.015057302709427432,0.001200901908004297,0.01625820461743173,0.015057302709427432
55,49,4,9,22,5,0.0069769796947728255,0.0004643270376180562,0.007441306732390881,0.0069769796947728255
55,50,5,0,22,5,0.001370210547203727,0.00010565058858528996,0.001475861135789017,0.001370210547203727
55,51,5,1,22,4,0.006384966169409152,0.00046922993502675415,0.006854196104435906,0.006384966169409152
55,52,5,2,22,3,0.008217102409281639,0.0012172035042167153,0.009434305913498354,0.008217102409281639
55,53,5,3,22,2,0.07818143417913057,0.001275727968027605,0.07945716214715817,0.07818143417913057
55,54,5,4,22,1,0.7051781440119438,0.027512184880354843,0.7326903288922987,0.7051781440119438
55,55,5,5,22,0,4.0233556713891785,0.21404876953939894,4.237404440928578,4.0233556713891785
55,56,5,6,22,1,0.7052190674016364,0.027515070605889008,0.7327341380075254,0.7052190674016364
55,57,5,7,22,2,0.07829159663994807,0.0012771865358100017,0.07956878317575808,0.07829159663994807
55,58,5,8,22,3,0.00823104326080128,0.001223811252609128,0.009454854513410408,0.00823104326080128
55,59,5,9,22,4,0.007889088030402289,0.0005765531340390229,0.008465641164441312,0.007889088030402289
55,60,6,0,22,6,0.0009086340575002095,7.281620967398136e-05,0.0009814502671741908,0.0009086340575002095
55,61,6,1,22,5,0.005856842022314074,0.00038359634332092425,0.006240438365634999,0.005856842022314074
55,62,6,2,22,4,0.015114500474546905,0.0011981977248853492,0.016312698199432252,0.015114500474546905
55,63,6,3,22,3,0.0032426372620203833,0.0019677693631034135,0.005210406625123797,0.0032426372620203833
55,64,6,4,22,2,0.18044579780477427,0.0036473628174286303,0.1840931606222029,0.18044579780477427
55,65,6,5,22,1,0.7052190674015938,0.02751507060589214,0.7327341380074859,0.7052190674015938
55,66,6,6,22,2,0.18048335139573785,0.0036495865267103644,0.1841329379224482,0.18048335139573785
55,67,6,7,22,3,0.0033330268884576406,0.001961581209945344,0.005294608098402985,0.0033330268884576406
55,68,6,8,22,4,0.015047897223592278,0.0011996037693477156,0.016247500992939992,0.015047897223592278
55,69,6,9,22,5,0.006978789514474311,0.0004636809730272481,0.00744247048750156,0.006978789514474311
55,70,7,0,22,7,5.2622142897492266e-05,1.4798183941341221e-05,6.742032683883349e-05,5.2622142897492266e-05
55,71,7,1,22,6,0.002837107522502416,0.00018529000270755435,0.0030223975252099706,0.002837107522502416
55,72,7,2,22,5,0.010962071585302824,0.0006981587677038904,0.011660230353006715,0.010962071585302824
55,73,7,3,22,4,0.019521256435048245,0.00160228386177625,0.021123540296824495,0.019521256435048245
55,74,7,4,22,3,0.0033118437178654148,0.0019636759561431003,0.005275519674008515,0.0033118437178654148
55,75,7,5,22,2,0.07829159663989725,0.0012771865358107398,0.079568783175708,0.07829159663989725
55,76,7,6,22,3,0.0033330268884190738,0.001961581209942054,0.0052946080983611275,0.0033330268884190738
55,77,7,7,22,4,0.01942078702599494,0.0015960001795864097,0.02101678720558135,0.01942078702599494
55,78,7,8,22,5,0.01077896567408144,0.0006909756919482624,0.011469941366029702,0.01077896567408144
55,79,7,9,22,6,0.0031109686085032625,0.00021381812812364942,0.003324786736626912,0.0031109686085032625
55,80,8,0,22,8,0.0004986724032284572,2.3830283901212e-05,0.0005225026871296691,0.0004986724032284572
55,81,8,1,22,7,0.0003718082360196719,3.807189582753005e-05,0.00040988013184720194,0.0003718082360196719
55,82,8,2,22,6,0.0038522179047946075,0.0002478054381353174,0.004100023342929925,0.0038522179047946075
55,83,8,3,22,5,0.010842029283571166,0.0006959458299464698,0.011537975113517635,0.010842029283571166
55,84,8,4,22,4,0.015057302709372994,0.0012009019080075605,0.016258204617380555,0.015057302709372994
55,85,8,5,22,3,0.008231043260827298,0.0012238112526058668,0.009454854513433164,0.008231043260827298
55,86,8,6,22,4,0.015047897223606993,0.0011996037693472546,0.016247500992954248,0.015047897223606993
55,87,8,7,22,5,0.010778965674102293,0.0006909756919466497,0.011469941366048942,0.010778965674102293
55,88,8,8,22,6,0.003659077419691803,0.00023693480835144286,0.003896012228043246,0.003659077419691803
55,89,8,9,22,7,0.0001441780996398334,3.272526069532791e-05,0.0001769033603351613,0.0001441780996398334
55,90,9,0,22,9,0.000537765001421294,3.3718781920130265e-05,0.0005714837833414243,0.000537765001421294
55,91,9,1,22,8,0.0005674797916504735,2.4377394663064786e-05,0.0005918571863135384,0.0005674797916504735
55,92,9,2,22,7,0.00028632530639565384,4.291184937103965e-05,0.0003292371557666935,0.00028632530639565384
55,93,9,3,22,6,0.0031416797714624183,0.0002174079777532775,0.0033590877492156957,0.0031416797714624183
55,94,9,4,22,5,0.006976979694710124,0.00046432703762179197,0.0074413067323319156,0.006976979694710124
55,95,9,5,22,4,0.007889088030397947,0.0005765531340370355,0.008465641164434982,0.007889088030397947
55,96,9,6,22,5,0.006978789514453763,0.00046368097302806796,0.007442470487481831,0.006978789514453763
55,97,9,7,22,6,0.003110968608530301,0.0002138181281208603,0.0033247867366511617,0.003110968608530301
55,98,9,8,22,7,0.0001441780996352462,3.2725260695766314e-05,0.00017690336033101252,0.0001441780996352462
55,99,9,9,22,8,0.000937124407944098,4.371658223846046e-05,0.0009808409901825585,0.000937124407944098
55,0,0,0,23,10,0.00021235712052991134,1.6409285558751817e-05,0.00022876640608866317,0.00021235712052991134
55,1,0,1,23,9,0.0003773347467151162,2.3882191489161427e-05,0.0004012169382042776,0.0003773347467151162
55,2,0,2,23,8,0.0004463394129667121,2.499200414273072e-05,0.00047133141710944287,0.0004463394129667121
55,3,0,3,23,7,4.59356586975767e-05,8.660899967034054e-06,5.459655866461075e-05,4.59356586975767e-05
55,4,0,4,23,6,0.0009633847724900797,5.9924452402564965e-05,0.0010233092248926447,0.0009633847724900797
55,5,0,5,23,5,0.001425054417045588,9.347350123859408e-05,0.001518527918284182,0.001425054417045588
55,6,0,6,23,6,0.0009700574652626558,6.0062779415471754e-05,0.0010301202446781276,0.0009700574652626558
55,7,0,7,23,7,4.528097128672047e-05,8.277735942289105e-06,5.355870722900958e-05,4.528097128672047e-05
55,8,0,8,23,8,0.000495206179397858,2.9340549815653486e-05,0.0005245467292135115,0.000495206179397858
55,9,0,9,23,9,0.0005544272868267403,3.5788603718508416e-05,0.0005902158905452487,0.0005544272868267403
55,10,1,0,23,9,0.00037733474660739933,2.388219149165118e-05,0.0004012169380990505,0.00037733474660739933
55,11,1,1,23,8,0.0003099276112345135,1.74738767304673e-05,0.0003274014879649808,0.0003099276112345135
55,12,1,2,23,7,0.0005419357798902107,3.3984965915872696e-05,0.0005759207458060834,0.0005419357798902107
55,13,1,3,23,6,0.002961701655605924,0.00017357321467992846,0.0031352748702858525,0.002961701655605924
55,14,1,4,23,5,0.005889225079510283,0.0003788173758520001,0.006268042455362282,0.005889225079510283
55,15,1,5,23,4,0.006350279834006414,0.0004768423773857579,0.006827122211392172,0.006350279834006414
55,16,1,6,23,5,0.005889386977844873,0.00037845910777012685,0.006267846085615,0.005889386977844873
55,17,1,7,23,6,0.0029366598258148803,0.0001712174697145497,0.00310787729552943,0.0029366598258148803
55,18,1,8,23,7,0.00043105412740761625,2.6811237987318696e-05,0.00045786536539493497,0.00043105412740761625
55,19,1,9,23,8,0.000558726989379338,3.1543135485415285e-05,0.0005902701248647532,0.000558726989379338
55,20,2,0,23,8,0.0004463394128467786,2.4992004139924037e-05,0.0004713314169867026,0.0004463394128467786
55,21,2,1,23,7,0.0005419357799210262,3.398496591786945e-05,0.0005759207458388957,0.0005419357799210262
55,22,2,2,23,6,0.004164152429912883,0.0002421272576339021,0.004406279687546785,0.004164152429912883
55,23,2,3,23,5,0.010999580322868664,0.0007093681737277474,0.011708948496596412,0.010999580322868664
55,24,2,4,23,4,0.014625762177369682,0.0012797720730278093,0.01590553425039749,0.014625762177369682
55,25,2,5,23,3,0.007638387012223346,0.001374302371831184,0.00901268938405453,0.007638387012223346
55,26,2,6,23,4,0.014612796689774436,0.0012785077966507865,0.01589130448642522,0.014612796689774436
55,27,2,7,23,5,0.010931184013897048,0.0007045272360878177,0.011635711249984866,0.010931184013897048
55,28,2,8,23,6,0.0039766331980767775,0.0002312838707437648,0.004207917068820542,0.0039766331980767775
55,29,2,9,23,7,0.0003623484745988374,2.7833457681399164e-05,0.0003901819322802366,0.0003623484745988374
55,30,3,0,23,7,4.593565872843501e-05,8.660899968073443e-06,5.4596558696508454e-05,4.593565872843501e-05
55,31,3,1,23,6,0.002961701655656877,0.000173573214680246,0.003135274870337123,0.002961701655656877
55,32,3,2,23,5,0.01099958032283539,0.0007093681737306057,0.011708948496565997,0.01099958032283539
55,33,3,3,23,4,0.018786073260268207,0.0017384171142797802,0.020524490374547986,0.018786073260268207
55,34,3,4,23,3,0.004556620951292297,0.0024085080126047065,0.006965128963897003,0.004556620951292297
55,35,3,5,23,2,0.07809325150966445,0.0012536642978611052,0.07934691580752555,0.07809325150966445
55,36,3,6,23,3,0.004583455000232936,0.002406315281997674,0.00698977028223061,0.004583455000232936
55,37,3,7,23,4,0.01867922886427527,0.001731571323167818,0.020410800187443085,0.01867922886427527
55,38,3,8,23,5,0.010817654252581712,0.0006997524441343459,0.011517406696716057,0.010817654252581712
55,39,3,9,23,6,0.00328467155461653,0.00019552716546760715,0.003480198720084137,0.00328467155461653
55,40,4,0,23,6,0.0009633847725741635,5.992445240616295e-05,0.0010233092249803265,0.0009633847725741635
55,41,4,1,23,5,0.005889225079521544,0.00037881737585457727,0.006268042455376122,0.005889225079521544
55,42,4,2,23,4,0.014625762177320553,0.0012797720730275263,0.015905534250348078,0.014625762177320553
55,43,4,3,23,3,0.0045566209513193635,0.002408508012603485,0.006965128963922849,0.0045566209513193635
55,44,4,4,23,2,0.17905074598866239,0.0026535559436222677,0.18170430193228465,0.17905074598866239
55,45,4,5,23,1,0.6901439753012621,0.024813055122760937,0.714957030424023,0.6901439753012621
55,46,4,6,23,2,0.17909066089540826,0.0026551530426978144,0.18174581393810607,0.17909066089540826
55,47,4,7,23,3,0.004663433195353511,0.0024013362790038587,0.00706476947435737,0.004663433195353511
55,48,4,8,23,4,0.01456781698495798,0.0012774168013199808,0.01584523378627796,0.01456781698495798
55,49,4,9,23,5,0.007063366791758065,0.00045055591070960717,0.007513922702467672,0.007063366791758065
55,50,5,0,23,5,0.00142505441711375,9.347350123765187e-05,0.0015185279183514019,0.00142505441711375
55,51,5,1,23,4,0.0063502798340228294,0.00047684237738245287,0.006827122211405282,0.0063502798340228294
55,52,5,2,23,3,0.007638387012169313,0.001374302371831448,0.00901268938400076,0.007638387012169313
55,53,5,3,23,2,0.07809325150967972,0.0012536642978596606,0.07934691580753937,0.07809325150967972
55,54,5,4,23,1,0.6901439753012727,0.0248130551227619,0.7149570304240346,0.6901439753012727
55,55,5,5,23,0,3.9552816979301944,0.20747185626554743,4.162753554195742,3.9552816979301944
55,56,5,6,23,1,0.6901864857149681,0.024816014025814355,0.7150024997407824,0.6901864857149681
55,57,5,7,23,2,0.07820457340294593,0.0012510710598067458,0.07945564446275268,0.07820457340294593
55,58,5,8,23,3,0.007664890979094977,0.0013770583762670323,0.00904194935536201,0.007664890979094977
55,59,5,9,23,4,0.00789957188667383,0.0005768227182633179,0.008476394604937147,0.00789957188667383
55,60,6,0,23,6,0.0009700574652109476,6.006277941853591e-05,0.0010301202446294836,0.0009700574652109476
55,61,6,1,23,5,0.0058893869778097714,0.0003784591077691759,0.006267846085578947,0.0058893869778097714
55,62,6,2,23,4,0.014612796689763846,0.0012785077966471722,0.015891304486411018,0.014612796689763846
55,63,6,3,23,3,0.004583455000239691,0.0024063152819977225,0.006989770282237413,0.004583455000239691
55,64,6,4,23,2,0.17909066089537937,0.0026551530426994602,0.18174581393807882,0.17909066089537937
55,65,6,5,23,1,0.6901864857149235,0.02481601402581735,0.7150024997407408,0.6901864857149235
55,66,6,6,23,2,0.17912977182208145,0.002656721610010593,0.18178649343209205,0.17912977182208145
55,67,6,7,23,3,0.004688629209248981,0.0023992476692380068,0.007087876878486988,0.004688629209248981
55,68,6,8,23,4,0.014557563500277667,0.0012762399833796526,0.01583380348365732,0.014557563500277667
55,69,6,9,23,5,0.00706480243054385,0.00045007259296614194,0.0075148750235099916,0.00706480243054385
55,70,7,0,23,7,4.528097127120363e-05,8.27773594218123e-06,5.355870721338486e-05,4.528097127120363e-05
55,71,7,1,23,6,0.002936659825728053,0.00017121746971686738,0.0031078772954449205,0.002936659825728053
55,72,7,2,23,5,0.010931184013883072,0.000704527236086076,0.011635711249969148,0.010931184013883072
55,73,7,3,23,4,0.01867922886428645,0.001731571323164352,0.0204108001874508,0.01867922886428645
55,74,7,4,23,3,0.004663433195408442,0.0024013362790108834,0.007064769474419325,0.004663433195408442
55,75,7,5,23,2,0.07820457340289301,0.0012510710598058511,0.07945564446269886,0.07820457340289301
55,76,7,6,23,3,0.004688629209205285,0.002399247669234883,0.007087876878440168,0.004688629209205285
55,77,7,7,23,4,0.018575924091635915,0.0017248584644086646,0.02030078255604458,0.018575924091635915
55,78,7,8,23,5,0.010751562715655806,0.0006947878001750922,0.011446350515830898,0.010751562715655806
55,79,7,9,23,6,0.0032515093274019455,0.0001921895950611436,0.0034436989224630892,0.0032515093274019455
55,80,8,0,23,8,0.0004952061794589155,2.934054982385473e-05,0.0005245467292827702,0.0004952061794589155
55,81,8,1,23,7,0.0004310541273410478,2.6811237984335768e-05,0.00045786536532538356,0.0004310541273410478
55,82,8,2,23,6,0.003976633198054808,0.00023128387074297462,0.004207917068797783,0.003976633198054808
55,83,8,3,23,5,0.010817654252547871,0.0006997524441370549,0.011517406696684926,0.010817654252547871
55,84,8,4,23,4,0.014567816984900854,0.0012774168013230482,0.015845233786223902,0.014567816984900854
55,85,8,5,23,3,0.007664890979122057,0.0013770583762639217,0.009041949355385978,0.007664890979122057
55,86,8,6,23,4,0.014557563500293585,0.001276239983379249,0.015833803483672835,0.014557563500293585
55,87,8,7,23,5,0.01075156271567792,0.0006947878001735886,0.01144635051585151,0.01075156271567792
55,88,8,8,23,6,0.0037794030275353674,0.00021931079819445355,0.0039987138257298206,0.0037794030275353674
55,89,8,9,23,7,0.00020925497375100225,1.8744351930444722e-05,0.00022799932568144698,0.00020925497375100225
55,90,9,0,23,9,0.0005544272870150065,3.5788603718586316e-05,0.0005902158907335928,0.0005544272870150065
55,91,9,1,23,8,0.000558726989479423,3.154313548647249e-05,0.0005902701249658955,0.000558726989479423
55,92,9,2,23,7,0.0003623484746226271,2.7833457677497703e-05,0.00039018193230012477,0.0003623484746226271
55,93,9,3,23,6,0.00328467155463068,0.00019552716546395384,0.003480198720094634,0.00328467155463068
55,94,9,4,23,5,0.00706336679169235,0.000450555910713087,0.007513922702405437,0.00706336679169235
55,95,9,5,23,4,0.007899571886669378,0.0005768227182613424,0.00847639460493072,0.007899571886669378
55,96,9,6,23,5,0.007064802430523308,0.0004500725929668821,0.0075148750234901905,0.007064802430523308
55,97,9,7,23,6,0.0032515093274306365,0.00019218959505853245,0.003443698922489169,0.0032515093274306365
55,98,9,8,23,7,0.0002092549737460708,1.8744351930753855e-05,0.00022799932567682467,0.0002092549737460708
55,99,9,9,23,8,0.0009357846772590672,5.3276861509796156e-05,0.0009890615387688634,0.0009357846772590672
55,0,0,0,24,10,0.00022192367217580922,1.604641050984307e-05,0.0002379700826856523,0.00022192367217580922
55,1,0,1,24,9,0.00038350875704884035,2.540638662544308e-05,0.00040891514367428345,0.00038350875704884035
55,2,0,2,24,8,0.0004347276085824723,3.0493181594979255e-05,0.0004652207901774516,0.0004347276085824723
55,3,0,3,24,7,6.948587537744111e-05,1.1335217754468991e-05,8.08210931319101e-05,6.948587537744111e-05
55,4,0,4,24,6,0.0010174421993740684,4.699721973484852e-05,0.001064439419108917,0.0010174421993740684
55,5,0,5,24,5,0.0014695406140024768,8.088966242391136e-05,0.001550430276426388,0.0014695406140024768
55,6,0,6,24,6,0.0010241609641811794,4.7226030414365116e-05,0.0010713869945955445,0.0010241609641811794
55,7,0,7,24,7,6.863280115284982e-05,1.159294272941905e-05,8.022574388226886e-05,6.863280115284982e-05
55,8,0,8,24,8,0.00048666485430078586,3.4587791048378995e-05,0.0005212526453491649,0.00048666485430078586
55,9,0,9,24,9,0.0005667273627065017,3.756092926068725e-05,0.000604288291967189,0.0005667273627065017
55,10,1,0,24,9,0.00038350875693710947,2.540638662756315e-05,0.0004089151435646726,0.00038350875693710947
55,11,1,1,24,8,0.00029421187584594715,2.2648639569147176e-05,0.0003168605154150943,0.00029421187584594715
55,12,1,2,24,7,0.0006026138406045054,2.3063418630585058e-05,0.0006256772592350905,0.0006026138406045054
55,13,1,3,24,6,0.0030365809273906912,0.00015847521775006325,0.0031950561451407544,0.0030365809273906912
55,14,1,4,24,5,0.005873112026285623,0.00037118978617214373,0.006244301812457767,0.005873112026285623
55,15,1,5,24,4,0.006270587426975466,0.00048100390096484123,0.006751591327940307,0.006270587426975466
55,16,1,6,24,5,0.005872951239343089,0.00037094109055970075,0.00624389232990279,0.005872951239343089
55,17,1,7,24,6,0.0030099254789286577,0.00015628978409580244,0.0031662152630244603,0.0030099254789286577
55,18,1,8,24,7,0.00048796186045018124,1.6371484698165643e-05,0.0005043333451483469,0.00048796186045018124
55,19,1,9,24,8,0.0005438173468921977,3.844527605682502e-05,0.0005822626229490227,0.0005438173468921977
55,20,2,0,24,8,0.0004347276084584495,3.0493181591851454e-05,0.00046522079005030097,0.0004347276084584495
55,21,2,1,24,7,0.0006026138406367123,2.3063418632451735e-05,0.000625677259269164,0.0006026138406367123
55,22,2,2,24,6,0.004253953132408231,0.00022552773639378528,0.004479480868802016,0.004253953132408231
55,23,2,3,24,5,0.010878296439889162,0.0007111240414308442,0.011589420481320006,0.010878296439889162
55,24,2,4,24,4,0.01404166710246835,0.0013495015572977816,0.015391168659766133,0.01404166710246835
55,25,2,5,24,3,0.00705476305024604,0.0015169462382177094,0.00857170928846375,0.00705476305024604
55,26,2,6,24,4,0.014027818933106622,0.0013483376543634365,0.015376156587470059,0.014027818933106622
55,27,2,7,24,5,0.010807408444832176,0.0007062499280915631,0.011513658372923738,0.010807408444832176
55,28,2,8,24,6,0.004064951712650711,0.00021356378304929926,0.00427851549570001,0.004064951712650711
55,29,2,9,24,7,0.00043850385626416523,1.5515398888155904e-05,0.00045401925515232115,0.00043850385626416523
55,30,3,0,24,7,6.94858754748123e-05,1.1335217750696203e-05,8.082109322550851e-05,6.94858754748123e-05
55,31,3,1,24,6,0.0030365809274433527,0.00015847521775050186,0.0031950561451938547,0.0030365809274433527
55,32,3,2,24,5,0.010878296439854825,0.0007111240414335194,0.011589420481288346,0.010878296439854825
55,33,3,3,24,4,0.01785134299291714,0.0018534811641909908,0.01970482415710813,0.01785134299291714
55,34,3,4,24,3,0.005838793452016861,0.00281911283609852,0.00865790628811538,0.005838793452016861
55,35,3,5,24,2,0.07743192124821748,0.0016506750788583668,0.07908259632707584,0.07743192124821748
55,36,3,6,24,3,0.005867914160171692,0.0028169473926611425,0.008684861552832834,0.005867914160171692
55,37,3,7,24,4,0.017742417535209342,0.0018462261064668365,0.01958864364167618,0.017742417535209342
55,38,3,8,24,5,0.010701997826414619,0.0006989722005212663,0.011400970026935886,0.010701997826414619
55,39,3,9,24,6,0.003399758566412737,0.00017275363568097852,0.003572512202093716,0.003399758566412737
55,40,4,0,24,6,0.0010174421994606038,4.699721973855871e-05,0.0010644394191991625,0.0010174421994606038
55,41,4,1,24,5,0.0058731120262973556,0.0003711897861747026,0.006244301812472058,0.0058731120262973556
55,42,4,2,24,4,0.014041667102418045,0.001349501557297323,0.015391168659715368,0.014041667102418045
55,43,4,3,24,3,0.005838793452045639,0.002819112836097196,0.008657906288142836,0.005838793452045639
55,44,4,4,24,2,0.17643960101017148,0.002232177747276342,0.17867177875744783,0.17643960101017148
55,45,4,5,24,1,0.6730363807144311,0.022251816925749908,0.695288197640181,0.6730363807144311
55,46,4,6,24,2,0.17648085561348464,0.0022323058057044194,0.17871316141918905,0.17648085561348464
55,47,4,7,24,3,0.0059508287012505065,0.0028111298358118935,0.0087619585370624,0.0059508287012505065
55,48,4,8,24,4,0.01399605083484827,0.0013434998480700954,0.015339550682918365,0.01399605083484827
55,49,4,9,24,5,0.007091287863531937,0.00043405487440680344,0.0075253427379387405,0.007091287863531937
55,50,5,0,24,5,0.0014695406140726708,8.088966242322018e-05,0.001550430276495891,0.0014695406140726708
55,51,5,1,24,4,0.006270587426992899,0.00048100390096162613,0.006751591327954525,0.006270587426992899
55,52,5,2,24,3,0.007054763050191095,0.001516946238217748,0.008571709288408842,0.007054763050191095
55,53,5,3,24,2,0.07743192124823248,0.0016506750788555587,0.07908259632708804,0.07743192124823248
55,54,5,4,24,1,0.6730363807144413,0.02225181692575094,0.6952881976401922,0.6730363807144413
55,55,5,5,24,0,3.88435311645074,0.20109911890072657,4.085452235351466,3.88435311645074
55,56,5,6,24,1,0.6730801940980378,0.02225481713125604,0.6953350112292938,0.6730801940980378
55,57,5,7,24,2,0.07754342287971881,0.001644893128330756,0.07918831600804957,0.07754342287971881
55,58,5,8,24,3,0.007094138749243163,0.0015158484911859769,0.00860998724042914,0.007094138749243163
55,59,5,9,24,4,0.007853121170028165,0.0005730785553221553,0.00842619972535032,0.007853121170028165
55,60,6,0,24,6,0.0010241609641271324,4.722603041719321e-05,0.0010713869945443255,0.0010241609641271324
55,61,6,1,24,5,0.0058729512393067,0.00037094109055871066,0.00624389232986541,0.0058729512393067
55,62,6,2,24,4,0.014027818933096025,0.001348337654359905,0.01537615658745593,0.014027818933096025
55,63,6,3,24,3,0.005867914160178738,0.0028169473926611824,0.00868486155283992,0.005867914160178738
55,64,6,4,24,2,0.17648085561345442,0.00223230580570398,0.1787131614191584,0.17648085561345442
55,65,6,5,24,1,0.673080194097991,0.02225481713125887,0.6953350112292499,0.673080194097991
55,66,6,6,24,2,0.17652126899609966,0.002232435758109335,0.178753704754209,0.17652126899609966
55,67,6,7,24,3,0.005978117877889873,0.0028090801373413976,0.00878719801523127,0.005978117877889873
55,68,6,8,24,4,0.01398496290642833,0.0013424548013928153,0.015327417707821145,0.01398496290642833
55,69,6,9,24,5,0.007092281098749582,0.0004337389511972741,0.007526020049946856,0.007092281098749582
55,70,7,0,24,7,6.863280110635882e-05,1.1592942732699949e-05,8.022574383905877e-05,6.863280110635882e-05
55,71,7,1,24,6,0.003009925478838463,0.000156289784097842,0.0031662152629363047,0.003009925478838463
55,72,7,2,24,5,0.010807408444817462,0.0007062499280898662,0.011513658372907328,0.010807408444817462
55,73,7,3,24,4,0.017742417535220642,0.0018462261064635722,0.019588643641684216,0.017742417535220642
55,74,7,4,24,3,0.005950828701308892,0.00281112983581866,0.008761958537127551,0.005950828701308892
55,75,7,5,24,2,0.0775434228796639,0.001644893128329134,0.07918831600799303,0.0775434228796639
55,76,7,6,24,3,0.005978117877843377,0.0028090801373384386,0.008787198015181815,0.005978117877843377
55,77,7,7,24,4,0.017637108061971933,0.0018391408238043652,0.019476248885776298,0.017637108061971933
55,78,7,8,24,5,0.010633281030939029,0.0006940541184601776,0.011327335149399206,0.010633281030939029
55,79,7,9,24,6,0.003364220417044506,0.00016969633929917182,0.0035339167563436776,0.003364220417044506
55,80,8,0,24,8,0.0004866648543642194,3.4587791056606666e-05,0.0005212526454208261,0.0004866648543642194
55,81,8,1,24,7,0.0004879618603808381,1.6371484695678175e-05,0.0005043333450765162,0.0004879618603808381
55,82,8,2,24,6,0.0040649517126276615,0.00021356378304849565,0.004278515495676157,0.0040649517126276615
55,83,8,3,24,5,0.010701997826379065,0.0006989722005238979,0.011400970026902964,0.010701997826379065
55,84,8,4,24,4,0.013996050834788557,0.001343499848072972,0.01533955068286153,0.013996050834788557
55,85,8,5,24,3,0.00709413874927123,0.0015158484911830124,0.008609987240454243,0.00709413874927123
55,86,8,6,24,4,0.01398496290644544,0.0013424548013924696,0.01532741770783791,0.01398496290644544
55,87,8,7,24,5,0.010633281030962385,0.000694054118458782,0.011327335149421167,0.010633281030962385
55,88,8,8,24,6,0.003865358057771152,0.00020059453639795883,0.004065952594169111,0.003865358057771152
55,89,8,9,24,7,0.0002776638029469288,1.325251603002924e-05,0.0002909163189769581,0.0002776638029469288
55,90,9,0,24,9,0.0005667273629023786,3.756092926130744e-05,0.000604288292163686,0.0005667273629023786
55,91,9,1,24,8,0.0005438173469964518,3.844527605813707e-05,0.0005822626230545889,0.0005438173469964518
55,92,9,2,24,7,0.0004385038562886704,1.5515398886580958e-05,0.0004540192551752514,0.0004385038562886704
55,93,9,3,24,6,0.0033997585664272078,0.00017275363567744226,0.00357251220210465,0.0033997585664272078
55,94,9,4,24,5,0.007091287863463325,0.00043405487441003604,0.007525342737873361,0.007091287863463325
55,95,9,5,24,4,0.007853121170023646,0.0005730785553201949,0.008426199725343841,0.007853121170023646
55,96,9,6,24,5,0.00709228109872914,0.00043373895119794536,0.0075260200499270855,0.00709228109872914
55,97,9,7,24,6,0.0033642204170748393,0.0001696963392967395,0.003533916756371579,0.0033642204170748393
55,98,9,8,24,7,0.00027766380294196605,1.3252516029912451e-05,0.0002909163189718785,0.00027766380294196605
55,99,9,9,24,8,0.0009248667118363105,6.237292688987726e-05,0.0009872396387261878,0.0009248667118363105
55,0,0,0,25,10,0.0002301323140221417,1.555824358790224e-05,0.00024569055761004393,0.0002301323140221417
55,1,0,1,25,9,0.0003863892419762988,2.673067364220903e-05,0.00041311991561850787,0.0003863892419762988
55,2,0,2,25,8,0.00041851494659823983,3.574462805172398e-05,0.00045425957464996383,0.00041851494659823983
55,3,0,3,25,7,0.0001059306760421191,1.9935000945707046e-05,0.00012586567698782617,0.0001059306760421191
55,4,0,4,25,6,0.0010632494967558548,3.423091609997338e-05,0.0010974804128558282,0.0010632494967558548
55,5,0,5,25,5,0.0015030009319530544,6.804492555723078e-05,0.0015710458575102853,0.0015030009319530544
55,6,0,6,25,6,0.001069946972322138,3.453918253453915e-05,0.0011044861548566772,0.001069946972322138
55,7,0,7,25,7,0.00010445719006210602,2.0142614647488388e-05,0.0001245998047095944,0.00010445719006210602
55,8,0,8,25,8,0.00047330216943916137,3.9543479927638386e-05,0.0005128456493667998,0.00047330216943916137
55,9,0,9,25,9,0.0005744110548229982,3.904048390681274e-05,0.0006134515387298109,0.0005744110548229982
55,10,1,0,25,9,0.000386389241860828,2.6730673643985476e-05,0.0004131199155048135,0.000386389241860828
55,11,1,1,25,8,0.0002751729960598737,2.764778244914131e-05,0.000302820778509015,0.0002751729960598737
55,12,1,2,25,7,0.0006587130510443295,1.3475964096595965e-05,0.0006721890151409254,0.0006587130510443295
55,13,1,3,25,6,0.003084049504961088,0.00014268727545794298,0.0032267367804190306,0.003084049504961088
55,14,1,4,25,5,0.005810069176998436,0.00036143750254704894,0.006171506679545485,0.005810069176998436
55,15,1,5,25,4,0.006148735816417206,0.00048199969715846636,0.006630735513575673,0.006148735816417206
55,16,1,6,25,5,0.005809550323676583,0.000361300867573153,0.006170851191249736,0.005809550323676583
55,17,1,7,25,6,0.003055890781499325,0.00014068956182037437,0.003196580343319699,0.003055890781499325
55,18,1,8,25,7,0.0005411711110228809,9.82419736720063e-06,0.0005509953083900816,0.0005411711110228809
55,19,1,9,25,8,0.0005231536041098514,4.503082679160432e-05,0.0005681844309014557,0.0005231536041098514
55,20,2,0,25,8,0.0004185149464705303,3.574462804831448e-05,0.00045425957451884476,0.0004185149464705303
55,21,2,1,25,7,0.0006587130510778135,1.3475964097940674e-05,0.0006721890151757542,0.0006587130510778135
55,22,2,2,25,6,0.004304789673197757,0.0002078592267745657,0.0045126488999723225,0.004304789673197757
55,23,2,3,25,5,0.010669782609316402,0.0007085858824814409,0.011378368491797844,0.010669782609316402
55,24,2,4,25,4,0.013389320140804573,0.0014092285250498985,0.01479854866585447,0.013389320140804573
55,25,2,5,25,3,0.00647576418074836,0.0016454916006089896,0.00812125578135735,0.00647576418074836
55,26,2,6,25,4,0.013374641202814754,0.0014081746775221006,0.014782815880336855,0.013374641202814754
55,27,2,7,25,5,0.010596898016292109,0.0007037163036597933,0.011300614319951902,0.010596898016292109
55,28,2,8,25,6,0.004116067890692104,0.00019487394423144285,0.0043109418349235465,0.004116067890692104
55,29,2,9,25,7,0.0005127505917445698,1.5243286853754676e-05,0.0005279938785983244,0.0005127505917445698
55,30,3,0,25,7,0.00010593067615953502,1.9935000940746746e-05,0.00012586567710028176,0.00010593067615953502
55,31,3,1,25,6,0.0030840495050153014,0.00014268727545848478,0.0032267367804737863,0.0030840495050153014
55,32,3,2,25,5,0.01066978260928108,0.0007085858824839371,0.011378368491765017,0.01066978260928108
55,33,3,3,25,4,0.016844230717241646,0.001954421155020849,0.018798651872262494,0.016844230717241646
55,34,3,4,25,3,0.006956346920948047,0.003200069423268364,0.010156416344216412,0.006956346920948047
55,35,3,5,25,2,0.07623752937076053,0.00220587384029108,0.07844340321105162,0.07623752937076053
55,36,3,6,25,3,0.00698698288593422,0.0031979558866179277,0.010184938772552148,0.00698698288593422
55,37,3,7,25,4,0.016734125055212642,0.0019468138977002305,0.018680938952912875,0.016734125055212642
55,38,3,8,25,5,0.010501018540225136,0.0006940078843320763,0.011195026424557213,0.010501018540225136
55,39,3,9,25,6,0.003484981643402055,0.0001493448736793537,0.0036343265170814087,0.003484981643402055
55,40,4,0,25,6,0.0010632494968445406,3.423091610368272e-05,0.0010974804129482234,0.0010632494968445406
55,41,4,1,25,5,0.005810069177010592,0.00036143750254958245,0.006171506679560175,0.005810069177010592
55,42,4,2,25,4,0.013389320140753261,0.0014092285250492768,0.014798548665802538,0.013389320140753261
55,43,4,3,25,3,0.006956346920977711,0.0032000694232669482,0.010156416344244659,0.006956346920977711
55,44,4,4,25,2,0.1726855959255841,0.002543469924460149,0.17522906585004425,0.1726855959255841
55,45,4,5,25,1,0.654146747486935,0.019832117827661262,0.6739788653145963,0.654146747486935
55,46,4,6,25,2,0.1727279071076853,0.00254209508160933,0.17527000218929462,0.1727279071076853
55,47,4,7,25,3,0.007069968109322333,0.0031913491057567384,0.010261317215079072,0.007069968109322333
55,48,4,8,25,4,0.013356777663369722,0.0013996628645522983,0.014756440527922021,0.013356777663369722
55,49,4,9,25,5,0.007062004476770097,0.0004151740461461818,0.007477178522916278,0.007062004476770097
55,50,5,0,25,5,0.001503000932025083,6.804492555677115e-05,0.0015710458575818541,0.001503000932025083
55,51,5,1,25,4,0.0061487358164356515,0.0004819996971553441,0.006630735513590996,0.0061487358164356515
55,52,5,2,25,3,0.006475764180692721,0.001645491600608825,0.008121255781301547,0.006475764180692721
55,53,5,3,25,2,0.07623752937077516,0.0022058738402878073,0.07844340321106297,0.07623752937077516
55,54,5,4,25,1,0.6541467474869449,0.01983211782766235,0.6739788653146073,0.6541467474869449
55,55,5,5,25,0,3.8111392454792927,0.19492909565290129,4.006068341132194,3.8111392454792927
55,56,5,6,25,1,0.6541915558514463,0.019835126057029702,0.674026681908476,0.6541915558514463
55,57,5,7,25,2,0.07634823286061139,0.002198292522994644,0.07854652538360603,0.07634823286061139
55,58,5,8,25,3,0.006528037007345517,0.0016405780158507306,0.008168615023196248,0.006528037007345517
55,59,5,9,25,4,0.00775215414292696,0.000565708305184788,0.008317862448111748,0.00775215414292696
55,60,6,0,25,6,0.0010699469722658347,3.453918253708986e-05,0.0011044861548029246,0.0010699469722658347
55,61,6,1,25,5,0.005809550323639007,0.0003613008675721331,0.0061708511912111404,0.005809550323639007
55,62,6,2,25,4,0.013374641202804224,0.0014081746775186613,0.014782815880322885,0.013374641202804224
55,63,6,3,25,3,0.006986982885941259,0.003197955886617964,0.010184938772559222,0.006986982885941259
55,64,6,4,25,2,0.17272790710765373,0.0025420950816071436,0.17527000218926087,0.17272790710765373
55,65,6,5,25,1,0.6541915558513975,0.019835126057032373,0.67402668190843,0.6541915558513975
55,66,6,6,25,2,0.17276934390478005,0.0025407520784626043,0.17531009598324265,0.17276934390478005
55,67,6,7,25,3,0.00709866781466035,0.0031893620146609654,0.010288029829321315,0.00709866781466035
55,68,6,8,25,4,0.0133448829907196,0.0013987585990969775,0.014743641589816578,0.0133448829907196
55,69,6,9,25,5,0.00706249167145922,0.0004150288436668908,0.0074775205151261116,0.00706249167145922
55,70,7,0,25,7,0.00010445719000581849,2.014261465134448e-05,0.00012459980465716298,0.00010445719000581849
55,71,7,1,25,6,0.0030558907814059624,0.00014068956182215612,0.0031965803432281188,0.0030558907814059624
55,72,7,2,25,5,0.010596898016276701,0.000703716303658146,0.011300614319934846,0.010596898016276701
55,73,7,3,25,4,0.016734125055224043,0.001946813897697164,0.01868093895292121,0.016734125055224043
55,74,7,4,25,3,0.007069968109383299,0.0031913491057632424,0.010261317215146542,0.007069968109383299
55,75,7,5,25,2,0.0763482328605546,0.002198292522992928,0.07854652538354753,0.0763482328605546
55,76,7,6,25,3,0.0070986678146116545,0.003189362014658175,0.01028802982926983,0.0070986678146116545
55,77,7,7,25,4,0.016627681977175096,0.0019394122570121485,0.018567094234187245,0.016627681977175096
55,78,7,8,25,5,0.010430130581901946,0.0006891749566518363,0.011119305538553783,0.010430130581901946
55,79,7,9,25,6,0.003447182984995153,0.0001465926597147508,0.003593775644709904,0.003447182984995153
55,80,8,0,25,8,0.0004733021695047365,3.9543479935861293e-05,0.0005128456494405978,0.0004733021695047365
55,81,8,1,25,7,0.000541171110950978,9.82419736734576e-06,0.0005509953083183238,0.000541171110950978
55,82,8,2,25,6,0.004116067890668015,0.00019487394423063398,0.004310941834898649,0.004116067890668015
55,83,8,3,25,5,0.01050101854018791,0.0006940078843346326,0.011195026424522542,0.01050101854018791
55,84,8,4,25,4,0.01335677766330753,0.001399662864554991,0.014756440527862522,0.01335677766330753
55,85,8,5,25,3,0.006528037007374485,0.0016405780158479095,0.008168615023222395,0.006528037007374485
55,86,8,6,25,4,0.013344882990737893,0.0013987585990966926,0.014743641589834586,0.013344882990737893
55,87,8,7,25,5,0.010430130581926522,0.0006891749566505484,0.01111930553857707,0.010430130581926522
55,88,8,8,25,6,0.003915882296992602,0.0001810175198578792,0.0040968998168504816,0.003915882296992602
55,89,8,9,25,7,0.0003461559146050926,2.2923364026542753e-05,0.00036907927863163536,0.0003461559146050926
55,90,9,0,25,9,0.0005744110550260109,3.904048390792263e-05,0.0006134515389339335,0.0005744110550260109
55,91,9,1,25,8,0.0005231536042179878,4.503082679313711e-05,0.0005681844310111249,0.0005231536042179878
55,92,9,2,25,7,0.0005127505917697067,1.5243286857220675e-05,0.0005279938786269273,0.0005127505917697067
55,93,9,3,25,6,0.0034849816434168145,0.00014934487367594576,0.0036343265170927603,0.0034849816434168145
55,94,9,4,25,5,0.007062004476698709,0.0004151740461491763,0.007477178522847886,0.007062004476698709
55,95,9,5,25,4,0.007752154142922415,0.0005657083051828473,0.008317862448105262,0.007752154142922415
55,96,9,6,25,5,0.0070624916714389675,0.00041502884366750414,0.007477520515106472,0.0070624916714389675
55,97,9,7,25,6,0.0034471829850271146,0.00014659265971249838,0.003593775644739613,0.0034471829850271146
55,98,9,8,25,7,0.00034615591460022613,2.292336402620099e-05,0.00036907927862642713,0.00034615591460022613
55,99,9,9,25,8,0.0009046768833139426,7.095893814119702e-05,0.0009756358214551396,0.0009046768833139426
55,0,0,0,26,10,0.00023681203252095875,1.4954708988426197e-05,0.00025176674150938493,0.00023681203252095875
55,1,0,1,26,9,0.0003859107336346061,2.785735522581754e-05,0.0004137680888604236,0.0003859107336346061
55,2,0,2,26,8,0.00039809705671170367,4.071757326169254e-05,0.0004388146299733962,0.00039809705671170367
55,3,0,3,26,7,0.0001454172318452142,2.9430261879276637e-05,0.00017484749372449084,0.0001454172318452142
55,4,0,4,26,6,0.0010999900769294065,2.214602740775589e-05,0.0011221361043371625,0.0010999900769294065
55,5,0,5,26,5,0.001524937436090273,5.5092362166347205e-05,0.00158002979825662,0.001524937436090273
55,6,0,6,26,6,0.0011065972269978304,2.2496434572913363e-05,0.0011290936615707438,0.0011065972269978304
55,7,0,7,26,7,0.0001431596617063669,2.9443529679210695e-05,0.0001726031913855776,0.0001431596617063669
55,8,0,8,26,8,0.00045545688254550545,4.4186648964765105e-05,0.0004996435315102706,0.00045545688254550545
55,9,0,9,26,9,0.000577301189378926,4.02335607291009e-05,0.0006175347501080269,0.000577301189378926
55,10,1,0,26,9,0.000385910733515676,2.785735522727494e-05,0.00041376808874295094,0.000385910733515676
55,11,1,1,26,8,0.00025329683220485556,3.2429386969329794e-05,0.00028572621917418535,0.00025329683220485556
55,12,1,2,26,7,0.0007089532040569569,1.0059383289533059e-05,0.0007190125873464899,0.0007089532040569569
55,13,1,3,26,6,0.003103614606681677,0.0001263859393582817,0.0032300005460399587,0.003103614606681677
55,14,1,4,26,5,0.005702651635515995,0.00034980629891559494,0.00605245793443159,0.005702651635515995
55,15,1,5,26,4,0.005987863928419454,0.0004801028196593145,0.0064679667480787685,0.005987863928419454
55,16,1,6,26,5,0.0057017443999921825,0.0003497833453447519,0.006051527745336935,0.0057017443999921825
55,17,1,7,26,6,0.0030740918152538333,0.00012459114291541695,0.00319868295816925,0.0030740918152538333
55,18,1,8,26,7,0.0005894571481114437,1.4003180535859841e-05,0.0006034603286473036,0.0005894571481114437
55,19,1,9,26,8,0.0004972459828888152,5.126396407890649e-05,0.0005485099469677217,0.0004972459828888152
55,20,2,0,26,8,0.0003980970565807264,4.071757325803809e-05,0.0004388146298387645,0.0003980970565807264
55,21,2,1,26,7,0.0007089532040916012,1.0059383288894333e-05,0.0007190125873804955,0.0007089532040916012
55,22,2,2,26,6,0.004316303311117381,0.00018933522801842123,0.004505638539135802,0.004316303311117381
55,23,2,3,26,5,0.01038102813012066,0.0007021267185079505,0.01108315484862861,0.01038102813012066
55,24,2,4,26,4,0.012682934946992058,0.0014594372715849224,0.01414237221857698,0.012682934946992058
55,25,2,5,26,3,0.005909654849770947,0.0017603728175153825,0.007670027667286329,0.005909654849770947
55,26,2,6,26,4,0.012667493140010791,0.0014585019138300688,0.01412599505384086,0.012667493140010791
55,27,2,7,26,5,0.010306686318385681,0.0006972973340593857,0.011003983652445067,0.010306686318385681
55,28,2,8,26,6,0.004129621622017238,0.0001754314181236366,0.004305053040140875,0.004129621622017238
55,29,2,9,26,7,0.0005832517866259303,2.6994120874546672e-05,0.000610245907500477,0.0005832517866259303
55,30,3,0,26,7,0.0001454172319707795,2.9430261873926648e-05,0.00017484749384470615,0.0001454172319707795
55,31,3,1,26,6,0.003103614606737286,0.00012638593935890996,0.003230000546096196,0.003103614606737286
55,32,3,2,26,5,0.01038102813008443,0.0007021267185102734,0.011083154848594703,0.01038102813008443
55,33,3,3,26,4,0.015786135441063297,0.0020418102262673575,0.017827945667330654,0.015786135441063297
55,34,3,4,26,3,0.007871750928244789,0.0035509592969766753,0.011422710225221464,0.007871750928244789
55,35,3,5,26,2,0.0745520760930287,0.0027915882432204132,0.07734366433624912,0.0745520760930287
55,36,3,6,26,3,0.007903480594351702,0.003548917679987654,0.011452398274339356,0.007903480594351702
55,37,3,7,26,4,0.015675778300189822,0.002033907051502262,0.017709685351692084,0.015675778300189822
55,38,3,8,26,5,0.010221527571512712,0.0006852426673673879,0.0109067702388801,0.010221527571512712
55,39,3,9,26,6,0.0035390038291739086,0.0001255590516616374,0.003664562880835546,0.0035390038291739086
55,40,4,0,26,6,0.0010999900770199424,2.214602741115311e-05,0.0011221361044310954,0.0010999900770199424
55,41,4,1,26,5,0.005702651635528521,0.000349806298918096,0.006052457934446617,0.005702651635528521
55,42,4,2,26,4,0.012682934946939915,0.001459437271584154,0.014142372218524069,0.012682934946939915
55,43,4,3,26,3,0.007871750928274954,0.003550959296975181,0.011422710225250134,0.007871750928274954
55,44,4,4,26,2,0.16790119589399438,0.0033022499537077657,0.17120344584770214,0.16790119589399438
55,45,4,5,26,1,0.6337433548384342,0.01755888574642764,0.6513022405848619,0.6337433548384342
55,46,4,6,26,2,0.16794425953043196,0.003300123535999414,0.1712443830664314,0.16794425953043196
55,47,4,7,26,3,0.007984970844019706,0.0035415733094758665,0.011526544153495572,0.007984970844019706
55,48,4,8,26,4,0.012663919541668737,0.0014464108897527493,0.014110330431421486,0.012663919541668737
55,49,4,9,26,5,0.00697752473894244,0.0003942444672167488,0.007371769206159189,0.00697752473894244
55,50,5,0,26,5,0.0015249374361639388,5.509236216610285e-05,0.0015800297983300418,0.0015249374361639388
55,51,5,1,26,4,0.005987863928438897,0.00048010281965628847,0.006467966748095186,0.005987863928438897
55,52,5,2,26,3,0.005909654849714832,0.0017603728175150358,0.007670027667229868,0.005909654849714832
55,53,5,3,26,2,0.07455207609304285,0.002791588243216999,0.07734366433625985,0.07455207609304285
55,54,5,4,26,1,0.6337433548384436,0.017558885746428797,0.6513022405848724,0.6337433548384436
55,55,5,5,26,0,3.736140748773245,0.18895973769489752,3.9251004864681427,3.736140748773245
55,56,5,6,26,1,0.6337888303188423,0.017561866360063915,0.6513506966789062,0.6337888303188423
55,57,5,7,26,2,0.07466102080744026,0.002782804140715057,0.07744382494815531,0.07466102080744026
55,58,5,8,26,3,0.005974563149224974,0.0017517126918335881,0.0077262758410585625,0.005974563149224974
55,59,5,9,26,4,0.007599568125244781,0.0005550814993489533,0.008154649624593734,0.007599568125244781
55,60,6,0,26,6,0.0011065972269393581,2.249643457503396e-05,0.0011290936615143922,0.0011065972269393581
55,61,6,1,26,5,0.005701744399953521,0.00034978334534371087,0.006051527745297231,0.005701744399953521
55,62,6,2,26,4,0.012667493140000402,0.0014585019138267327,0.014125995053827134,0.012667493140000402
55,63,6,3,26,3,0.007903480594358582,0.0035489176799876894,0.011452398274346272,0.007903480594358582
55,64,6,4,26,2,0.16794425953039913,0.003300123535996564,0.1712443830663957,0.16794425953039913
55,65,6,5,26,1,0.6337888303187917,0.017561866360066417,0.6513506966788581,0.6337888303187917
55,66,6,6,26,2,0.16798642024729948,0.0032980443310873836,0.17128446457838686,0.16798642024729948
55,67,6,7,26,3,0.00801469902079524,0.003539667919236632,0.011554366940031872,0.00801469902079524
55,68,6,8,26,4,0.012651260593800789,0.0014456549977489284,0.014096915591549717,0.012651260593800789
55,69,6,9,26,5,0.006977448604063484,0.00039427200706879264,0.007371720611132277,0.006977448604063484
55,70,7,0,26,7,0.00014315966164566855,2.9443529683188525e-05,0.00017260319132885707,0.00014315966164566855
55,71,7,1,26,6,0.003074091815157511,0.0001245911429169595,0.0031986829580744705,0.003074091815157511
55,72,7,2,26,5,0.010306686318369626,0.0006972973340577909,0.011003983652427418,0.010306686318369626
55,73,7,3,26,4,0.015675778300201303,0.002033907051499392,0.017709685351700696,0.015675778300201303
55,74,7,4,26,3,0.007984970844082931,0.003541573309482113,0.011526544153565044,0.007984970844082931
55,75,7,5,26,2,0.0746610208073817,0.0027828041407134446,0.07744382494809514,0.0746610208073817
55,76,7,6,26,3,0.008014699020744562,0.0035396679192339926,0.011554366939978555,0.008014699020744562
55,77,7,7,26,4,0.015569098904490203,0.0020262441336873524,0.017595343038177554,0.015569098904490203
55,78,7,8,26,5,0.010148968172111432,0.0006805308775975081,0.010829499049708941,0.010148968172111432
55,79,7,9,26,6,0.0034991014432445952,0.00012313358392426958,0.003622235027168865,0.0034991014432445952
55,80,8,0,26,8,0.0004554568826129763,4.4186648972954017e-05,0.0004996435315859302,0.0004554568826129763
55,81,8,1,26,7,0.0005894571480371931,1.4003180539092647e-05,0.0006034603285762858,0.0005894571480371931
55,82,8,2,26,6,0.004129621621992156,0.00017543141812282985,0.004305053040114986,0.004129621621992156
55,83,8,3,26,5,0.010221527571473854,0.0006852426673698714,0.010906770238843726,0.010221527571473854
55,84,8,4,26,4,0.012663919541604193,0.001446410889755262,0.014110330431359456,0.012663919541604193
55,85,8,5,26,3,0.0059745631492547505,0.0017517126918309056,0.007726275841085656,0.0059745631492547505
55,86,8,6,26,4,0.012651260593820242,0.0014456549977487046,0.014096915591568946,0.012651260593820242
55,87,8,7,26,5,0.01014896817213719,0.0006805308775963275,0.010829499049733517,0.01014896817213719
55,88,8,8,26,6,0.003930628917833686,0.00016080007179449662,0.004091428989628183,0.003930628917833686
55,89,8,9,26,7,0.00041254555757365354,3.701000442077313e-05,0.00044955556199442666,0.00041254555757365354
55,90,9,0,26,9,0.000577301189588582,4.02335607306508e-05,0.0006175347503192328,0.000577301189588582
55,91,9,1,26,8,0.0004972459830005231,5.126396408062939e-05,0.0005485099470811525,0.0004972459830005231
55,92,9,2,26,7,0.000583251786651643,2.6994120879093935e-05,0.000610245907530737,0.000583251786651643
55,93,9,3,26,6,0.003539003829188926,0.00012555905165837422,0.0036645628808473,0.003539003829188926
55,94,9,4,26,5,0.006977524738868405,0.00039424446721951387,0.0073717692060879195,0.006977524738868405
55,95,9,5,26,4,0.00759956812524025,0.0005550814993470357,0.008154649624587285,0.00759956812524025
55,96,9,6,26,5,0.0069774486040435,0.0003942720070693559,0.007371720611112856,0.0069774486040435
55,97,9,7,26,6,0.0034991014432781643,0.00012313358392219888,0.003622235027200363,0.0034991014432781643
55,98,9,8,26,7,0.00041254555756895265,3.7010004420416195e-05,0.00044955556198936886,0.00041254555756895265
55,99,9,9,26,8,0.0008756943168059943,7.900041476271644e-05,0.0009546947315687107,0.0008756943168059943
55,0,0,0,27,10,0.00024181025778836925,1.4246006493229254e-05,0.0002560562642815985,0.00024181025778836925
55,1,0,1,27,9,0.00038206540431856654,2.8789767436167846e-05,0.00041085517175473436,0.00038206540431856654
55,2,0,2,27,8,0.000373939723983109,4.539025436103533e-05,0.00041932997834414433,0.000373939723983109
55,3,0,3,27,7,0.00018479561623683174,3.892213267290922e-05,0.00022371774890974096,0.00018479561623683174
55,4,0,4,27,6,0.0011270287536107122,1.2815521626151129e-05,0.0011398442752368633,0.0011270287536107122
55,5,0,5,27,5,0.0015350213587657252,4.2216178710556855e-05,0.001577237537476282,0.0015350213587657252
55,6,0,6,27,6,0.0011334759835821483,1.3014730584472945e-05,0.0011464907141666212,0.0011334759835821483
55,7,0,7,27,7,0.00018166621216396468,3.8710800844988056e-05,0.00022037701300895273,0.00018166621216396468
55,8,0,8,27,8,0.00043353803601768446,4.850114388769483e-05,0.0004820391799053793,0.00043353803601768446
55,9,0,9,27,9,0.0005752992232028919,4.114780456707388e-05,0.0006164470277699657,0.0005752992232028919
55,10,1,0,27,9,0.0003820654041964632,2.8789767437329426e-05,0.00041085517163379264,0.0003820654041964632
55,11,1,1,27,8,0.00022911471921836083,3.6965401054235085e-05,0.0002660801202725959,0.00022911471921836083
55,12,1,2,27,7,0.0007522216353947732,1.6754245467419912e-05,0.0007689758808621932,0.0007522216353947732
55,13,1,3,27,6,0.003095291997549754,0.00010974180194127918,0.003205033799491033,0.003095291997549754
55,14,1,4,27,5,0.0055538428643527515,0.00033652831674588717,0.005890371181098639,0.0055538428643527515
55,15,1,5,27,4,0.005791326309072422,0.00047557406263045246,0.006266900371702874,0.005791326309072422
55,16,1,6,27,5,0.0055525230033461066,0.00033661981656875735,0.005889142819914864,0.0055525230033461066
55,17,1,7,27,6,0.003064572579021829,0.00010816285259517324,0.003172735431617002,0.003064572579021829
55,18,1,8,27,7,0.0006317520467373161,2.348999346428941e-05,0.0006552420402016055,0.0006317520467373161
55,19,1,9,27,8,0.00046669186227461264,5.7117593986993376e-05,0.000523809456261606,0.00046669186227461264
55,20,2,0,27,8,0.0003739397238493021,4.539025435717023e-05,0.00041932997820647234,0.0003739397238493021
55,21,2,1,27,7,0.0007522216354304578,1.675424546562102e-05,0.0007689758808960788,0.0007522216354304578
55,22,2,2,27,6,0.004288847598814254,0.0001701581695925109,0.0044590057684067656,0.004288847598814254
55,23,2,3,27,5,0.01001964104272686,0.0006921013336389119,0.010711742376365772,0.01001964104272686
55,24,2,4,27,4,0.011935733592493563,0.0015006059423654673,0.01343633953485903,0.011935733592493563
55,25,2,5,27,3,0.005363498857919452,0.0018620673893822903,0.0072255662473017426,0.005363498857919452
55,26,2,6,27,4,0.011919612790141353,0.0014997962730428484,0.013419409063184201,0.011919612790141353
55,27,2,7,27,5,0.009944418047864343,0.0006873456360606864,0.010631763683925028,0.009944418047864343
55,28,2,8,27,6,0.004105933308043174,0.00015544297198002104,0.0042613762800231955,0.004105933308043174
55,29,2,9,27,7,0.0006483574577610292,4.119251319967525e-05,0.0006895499709607044,0.0006483574577610292
55,30,3,0,27,7,0.0001847956163669902,3.8922132667340395e-05,0.0002237177490343306,0.0001847956163669902
55,31,3,1,27,6,0.0030952919976066,0.00010974180194197805,0.0032050337995485783,0.0030952919976066
55,32,3,2,27,5,0.010019641042689797,0.0006921013336410655,0.010711742376330862,0.010019641042689797
55,33,3,3,27,4,0.014696433807771964,0.0021162240617489452,0.01681265786952091,0.014696433807771964
55,34,3,4,27,3,0.008571438527365855,0.0038719484476433105,0.012443386975009164,0.008571438527365855
55,35,3,5,27,2,0.07241864254218365,0.003364883610013551,0.0757835261521972,0.07241864254218365
55,36,3,6,27,3,0.008603940614524215,0.003869995829722585,0.0124739364442468,0.008603940614524215
55,37,3,7,27,4,0.01458676723732623,0.0021080801830351587,0.01669484742036139,0.01458676723732623
55,38,3,8,27,5,0.00987092723072778,0.0006730402618558926,0.010543967492583673,0.00987092723072778
55,39,3,9,27,6,0.0035610871537027585,0.00010167333357517784,0.0036627604872779365,0.0035610871537027585
55,40,4,0,27,6,0.0011270287537028007,1.2815521627778096e-05,0.0011398442753305787,0.0011270287537028007
55,41,4,1,27,5,0.005553842864365591,0.00033652831674834966,0.005890371181113941,0.005553842864365591
55,42,4,2,27,4,0.011935733592440751,0.001500605942364568,0.01343633953480532,0.011935733592440751
55,43,4,3,27,3,0.008571438527396285,0.0038719484476417536,0.012443386975038039,0.008571438527396285
55,44,4,4,27,2,0.1621979345471502,0.004211829865272263,0.16640976441242247,0.1621979345471502
55,45,4,5,27,1,0.6120727557811781,0.015439134786390911,0.6275118905675691,0.6120727557811781
55,46,4,6,27,2,0.16224142954245127,0.004209403624375994,0.16645083316682727,0.16224142954245127
55,47,4,7,27,3,0.008682831445506335,0.003861967533533717,0.012544798979040053,0.008682831445506335
55,48,4,8,27,4,0.011930407444832319,0.0014842406228997899,0.01341464806773211,0.011930407444832319
55,49,4,9,27,5,0.006840482952729589,0.0003715781927018101,0.007212061145431399,0.006840482952729589
55,50,5,0,27,5,0.0015350213588408341,4.221617871051651e-05,0.0015772375375513507,0.0015350213588408341
55,51,5,1,27,4,0.005791326309092847,0.0004755740626275258,0.006266900371720373,0.005791326309092847
55,52,5,2,27,3,0.005363498857863085,0.0018620673893817818,0.007225566247244866,0.005363498857863085
55,53,5,3,27,2,0.0724186425421972,0.003364883610010112,0.0757835261522073,0.0724186425421972
55,54,5,4,27,1,0.6120727557811872,0.015439134786392094,0.6275118905675794,0.6120727557811872
55,55,5,5,27,0,3.6597987221857378,0.18318848410344815,3.842987206289186,3.6597987221857378
55,56,5,6,27,1,0.6121185549861393,0.015442048240308237,0.6275606032264476,0.6121185549861393
55,57,5,7,27,2,0.07252489941617278,0.0033551679483611653,0.07588006736453394,0.07252489941617278
55,58,5,8,27,3,0.005440494436648627,0.0018497561630080677,0.007290250599656694,0.005440494436648627
55,59,5,9,27,4,0.007398655134821012,0.0005415493904577041,0.007940204525278716,0.007398655134821012
55,60,6,0,27,6,0.0011334759835215985,1.3014730585421773e-05,0.0011464907141070203,0.0011334759835215985
55,61,6,1,27,5,0.005552523003306468,0.00033661981656770345,0.005889142819874172,0.005552523003306468
55,62,6,2,27,4,0.011919612790131177,0.0014997962730396203,0.013419409063170797,0.011919612790131177
55,63,6,3,27,3,0.00860394061453084,0.003869995829722633,0.012473936444253472,0.00860394061453084
55,64,6,4,27,2,0.16224142954241716,0.0042094036243730095,0.16645083316679016,0.16224142954241716
55,65,6,5,27,1,0.6121185549860869,0.015442048240310542,0.6275606032263975,0.6121185549860869
55,66,6,6,27,2,0.16228399824559409,0.004207031769945558,0.16649103001553964,0.16228399824559409
55,67,6,7,27,3,0.008713292221642964,0.0038601599944481386,0.012573452216091102,0.008713292221642964
55,68,6,8,27,4,0.011917041793654652,0.0014836393017765837,0.013400681095431235,0.011917041793654652
55,69,6,9,27,5,0.006839794219136244,0.00037177921170641415,0.007211573430842657,0.006839794219136244
55,70,7,0,27,7,0.00018166621210046225,3.8710800849007126e-05,0.00022037701294946939,0.00018166621210046225
55,71,7,1,27,6,0.003064572578922758,0.00010816285259649263,0.0031727354315192508,0.003064572578922758
55,72,7,2,27,5,0.009944418047847691,0.0006873456360591488,0.01063176368390684,0.009944418047847691
55,73,7,3,27,4,0.01458676723733778,0.0021080801830324824,0.01669484742037026,0.01458676723733778
55,74,7,4,27,3,0.008682831445571665,0.003861967533539712,0.012544798979111376,0.008682831445571665
55,75,7,5,27,2,0.07252489941611258,0.0033551679483597155,0.0758800673644723,0.07252489941611258
55,76,7,6,27,3,0.008713292221590417,0.0038601599944456466,0.012573452216036063,0.008713292221590417
55,77,7,7,27,4,0.014480760874683843,0.002100209817985926,0.01658097069266977,0.014480760874683843
55,78,7,8,27,5,0.009797235023958949,0.0006684828835242502,0.010465717907483199,0.009797235023958949
55,79,7,9,27,6,0.0035192793859314705,9.959337312673648e-05,0.003618872759058207,0.0035192793859314705
55,80,8,0,27,8,0.0004335380360867947,4.850114389582239e-05,0.0004820391799826171,0.0004335380360867947
55,81,8,1,27,7,0.0006317520466609296,2.3489993468107718e-05,0.0006552420401290374,0.0006317520466609296
55,82,8,2,27,6,0.004105933308017149,0.00015544297197922355,0.004261376279996372,0.004105933308017149
55,83,8,3,27,5,0.009870927230687342,0.0006730402618583054,0.010543967492545648,0.009870927230687342
55,84,8,4,27,4,0.011930407444765553,0.0014842406229021246,0.013414648067667678,0.011930407444765553
55,85,8,5,27,3,0.0054404944366791014,0.0018497561630055222,0.007290250599684624,0.0054404944366791014
55,86,8,6,27,4,0.011917041793675236,0.0014836393017764195,0.013400681095451656,0.011917041793675236
55,87,8,7,27,5,0.009797235023985855,0.0006684828835231758,0.01046571790750903,0.009797235023985855
55,88,8,8,27,6,0.003909900738313195,0.00014015388089072772,0.004050054619203923,0.003909900738313195
55,89,8,9,27,7,0.0004750833261819225,5.1636842961214196e-05,0.0005267201691431367,0.0004750833261819225
55,90,9,0,27,9,0.0005752992234186833,4.114780456901675e-05,0.0006164470279877,0.0005752992234186833
55,91,9,1,27,8,0.0004666918623895534,5.7117593988878295e-05,0.0005238094563784317,0.0004666918623895534
55,92,9,2,27,7,0.0006483574577872782,4.1192513204166055e-05,0.0006895499709914442,0.0006483574577872782
55,93,9,3,27,6,0.003561087153718007,0.00010167333357208815,0.003662760487290095,0.003561087153718007
55,94,9,4,27,5,0.0068404829526530425,0.00037157819270435357,0.007212061145357396,0.0068404829526530425
55,95,9,5,27,4,0.0073986551348165334,0.0005415493904558135,0.007940204525272348,0.0073986551348165334
55,96,9,6,27,5,0.0068397942191166,0.00037177921170693587,0.0072115734308235355,0.0068397942191166
55,97,9,7,27,6,0.003519279385966623,9.959337312485269e-05,0.003618872759091476,0.003519279385966623
55,98,9,8,27,7,0.0004750833261774324,5.163684296086952e-05,0.0005267201691383019,0.0004750833261774324
55,99,9,9,27,8,0.0008385486584459143,8.647041821708387e-05,0.0009250190766629981,0.0008385486584459143
55,0,0,0,28,10,0.00024499617559316,1.3442513671025822e-05,0.0002584386892641858,0.00024499617559316
55,1,0,1,28,9,0.00037490076983850187,2.9532145788254022e-05,0.00040443291562675587,0.00037490076983850187
55,2,0,2,28,8,0.000346563370954403,4.9745469630413475e-05,0.00039630884058481643,0.000346563370954403
55,3,0,3,28,7,0.00022251512208925768,4.817402287486452e-05,0.0002706891449641222,0.00022251512208925768
55,4,0,4,28,6,0.0011439103000105174,1.3517380852542221e-05,0.0011574276808630597,0.0011439103000105174
55,5,0,5,28,5,0.0015330891984771165,2.9714057705584615e-05,0.0015628032561827011,0.0015330891984771165
55,6,0,6,28,6,0.0011501286059124594,1.3145227918601835e-05,0.001163273833831061,0.0011501286059124594
55,7,0,7,28,7,0.00021845885699946446,4.7728809269888815e-05,0.00026618766626935325,0.00021845885699946446
55,8,0,8,28,8,0.0004080101851643139,5.247445210526659e-05,0.00046048463726958047,0.0004080101851643139
55,9,0,9,28,9,0.0005683848576291851,4.179201532002344e-05,0.0006101768729492086,0.0005683848576291851
55,10,1,0,28,9,0.0003749007697135169,2.953214578914173e-05,0.00040443291550265863,0.0003749007697135169
55,11,1,1,28,8,0.00020318971020962976,4.123467242547311e-05,0.0002444243826351029,0.00020318971020962976
55,12,1,2,28,7,0.0007875901034380522,2.65320699207442e-05,0.0008141221733587964,0.0007875901034380522
55,13,1,3,28,6,0.0030595571425369203,9.292433081812984e-05,0.00315248147335505,0.0030595571425369203
55,14,1,4,28,5,0.005366950728281599,0.00032182222649120555,0.005688772954772804,0.005366950728281599
55,15,1,5,28,4,0.0055626250705745894,0.0004686619397062311,0.00603128701028082,0.0055626250705745894
55,16,1,6,28,5,0.005365200960926019,0.0003220281249218781,0.005687229085847897,0.005365200960926019
55,17,1,7,28,6,0.0030278354872910534,9.157180832418846e-05,0.0031194072956152417,0.0030278354872910534
55,18,1,8,28,7,0.0006671593427398597,3.380703820376732e-05,0.000700966380943627,0.0006671593427398597
55,19,1,9,28,8,0.00043215572479963354,6.257033467990848e-05,0.000494726059479542,0.00043215572479963354
55,20,2,0,28,8,0.0003465633708182299,4.9745469626369835e-05,0.0003963088404445997,0.0003465633708182299
55,21,2,1,28,7,0.0007875901034746555,2.6532069918760515e-05,0.000814122173393416,0.0007875901034746555
55,22,2,2,28,6,0.004223411979493609,0.00015052098161652563,0.004373932961110135,0.004223411979493609
55,23,2,3,28,5,0.009593614835710397,0.0006788465345769748,0.010272461370287372,0.009593614835710397
55,24,2,4,28,4,0.011159861035897773,0.001533205448948283,0.012693066484846055,0.011159861035897773
55,25,2,5,28,3,0.0048432369404567055,0.001951078235642919,0.006794315176099625,0.0048432369404567055
55,26,2,6,28,4,0.011143160759877086,0.0015325274467311932,0.012675688206608278,0.011143160759877086
55,27,2,7,28,5,0.00951811501726687,0.0006741957602604207,0.010192310777527292,0.00951811501726687
55,28,2,8,28,6,0.004045929686468433,0.0001351079361108481,0.004181037622579281,0.004045929686468433
55,29,2,9,28,7,0.0007066126769879939,5.5622364456975196e-05,0.0007622350414449691,0.0007066126769879939
55,30,3,0,28,7,0.00022251512222248404,4.817402286915074e-05,0.0002706891450916348,0.00022251512222248404
55,31,3,1,28,6,0.003059557142594843,9.292433081888394e-05,0.003152481473413727,0.003059557142594843
55,32,3,2,28,5,0.009593614835672575,0.0006788465345789651,0.01027246137025154,0.009593614835672575
55,33,3,3,28,4,0.013592418112226626,0.002178238285508006,0.01577065639773463,0.013592418112226626
55,34,3,4,28,3,0.009052864690528857,0.00416351215864903,0.013216376849177886,0.009052864690528857
55,35,3,5,28,2,0.06988071511411915,0.003910136659230847,0.07379085177335,0.06988071511411915
55,36,3,6,28,3,0.009085847516706826,0.004161663400403612,0.013247510917110437,0.009085847516706826
55,37,3,7,28,4,0.013484383373966841,0.002169907597971496,0.015654290971938337,0.013484383373966841
55,38,3,8,28,5,0.009456984536578688,0.000657745228151872,0.01011472976473056,0.009456984536578688
55,39,3,9,28,6,0.003551056881783584,7.803464990166234e-05,0.0036290915316852463,0.003551056881783584
55,40,4,0,28,6,0.001143910300103865,1.351738084998106e-05,0.0011574276809538462,0.001143910300103865
55,41,4,1,28,5,0.005366950728294693,0.00032182222649362326,0.005688772954788317,0.005366950728294693
55,42,4,2,28,4,0.011159861035844468,0.0015332054489472643,0.012693066484791732,0.011159861035844468
55,43,4,3,28,3,0.009052864690559378,0.004163512158647418,0.013216376849206797,0.009052864690559378
55,44,4,4,28,2,0.15568501730973514,0.005144935027836879,0.16082995233757202,0.15568501730973514
55,45,4,5,28,1,0.5893611691512209,0.013483144976789653,0.6028443141280106,0.5893611691512209
55,46,4,6,28,2,0.15572860985727116,0.005142401570809528,0.1608710114280807,0.15572860985727116
55,47,4,7,28,3,0.009161255254766939,0.004153006522601534,0.013314261777368473,0.009161255254766939
55,48,4,8,28,4,0.011168101816830278,0.001513639492473458,0.012681741309303737,0.011168101816830278
55,49,4,9,28,5,0.006654026554631913,0.0003474685786925713,0.007001495133324484,0.006654026554631913
55,50,5,0,28,5,0.0015330891985534765,2.9714057705744965e-05,0.0015628032562592215,0.0015330891985534765
55,51,5,1,28,4,0.005562625070595972,0.0004686619397034046,0.0060312870102993766,0.005562625070595972
55,52,5,2,28,3,0.004843236940400315,0.0019510782356422685,0.006794315176042584,0.004843236940400315
55,53,5,3,28,2,0.06988071511413198,0.003910136659227434,0.07379085177335941,0.06988071511413198
55,54,5,4,28,1,0.5893611691512294,0.013483144976790788,0.6028443141280202,0.5893611691512294
55,55,5,5,28,0,3.5825022933957524,0.17761232935047114,3.7601146227462237,3.5825022933957524
55,56,5,6,28,1,0.5894069377161074,0.01348594541875948,0.6028928831348669,0.5894069377161074
55,57,5,7,28,2,0.0699833996629309,0.00389964881809528,0.07388304848102618,0.0699833996629309
55,58,5,8,28,3,0.004931488944872816,0.0019352337533616315,0.006866722698234447,0.004931488944872816
55,59,5,9,28,4,0.007153023489990194,0.0005254449393317622,0.007678468429321956,0.007153023489990194
55,60,6,0,28,6,0.0011501286058499258,1.3145227917226706e-05,0.0011632738337671526,0.0011501286058499258
55,61,6,1,28,5,0.005365200960885509,0.00032202812492081883,0.0056872290858063276,0.005365200960885509
55,62,6,2,28,4,0.011143160759867191,0.0015325274467280793,0.01267568820659527,0.011143160759867191
55,63,6,3,28,3,0.009085847516713123,0.004161663400403675,0.013247510917116798,0.009085847516713123
55,64,6,4,28,2,0.1557286098572358,0.00514240157080657,0.16087101142804236,0.1557286098572358
55,65,6,5,28,1,0.5894069377160533,0.013485945418761558,0.6028928831348149,0.5894069377160533
55,66,6,6,28,2,0.15577125840605185,0.005139926116636915,0.16091118452268877,0.15577125840605185
55,67,6,7,28,3,0.00919217770233725,0.004151310753684078,0.013343488456021329,0.00919217770233725
55,68,6,8,28,4,0.01115410218067566,0.0015131975717286447,0.012667299752404304,0.01115410218067566
55,69,6,9,28,5,0.006652685509924928,0.00034784254915551426,0.007000528059080443,0.006652685509924928
55,70,7,0,28,7,0.00021845885693384877,4.7728809273918875e-05,0.00026618766620776764,0.00021845885693384877
55,71,7,1,28,6,0.0030278354871894502,9.15718083252981e-05,0.0031194072955147483,0.0030278354871894502
55,72,7,2,28,5,0.009518115017249678,0.0006741957602589423,0.01019231077750862,0.009518115017249678
55,73,7,3,28,4,0.01348438337397845,0.002169907597969014,0.015654290971947465,0.01348438337397845
55,74,7,4,28,3,0.00916125525483427,0.004153006522607283,0.013314261777441553,0.00916125525483427
55,75,7,5,28,2,0.06998339966286918,0.0038996488180940087,0.07388304848096319,0.06998339966286918
55,76,7,6,28,3,0.009192177702282917,0.0041513107536817325,0.013343488455964649,0.009192177702282917
55,77,7,7,28,4,0.01337995780010829,0.0021618821311352914,0.01554183993124358,0.01337995780010829
55,78,7,8,28,5,0.00938272964226407,0.0006533727540350562,0.010036102396299125,0.00938272964226407
55,79,7,9,28,6,0.0035075829053894565,7.63169856761205e-05,0.003583899891065577,0.0035075829053894565
55,80,8,0,28,8,0.0004080101852347973,5.247445211330709e-05,0.00046048463734810435,0.0004080101852347973
55,81,8,1,28,7,0.0006671593426615489,3.3807038207721495e-05,0.0007009663808692704,0.0006671593426615489
55,82,8,2,28,6,0.00404592968644152,0.00013510793611006688,0.004181037622551587,0.00404592968644152
55,83,8,3,28,5,0.009456984536536728,0.0006577452281542166,0.010114729764690945,0.009456984536536728
55,84,8,4,28,4,0.011168101816761434,0.001513639492475622,0.012681741309237056,0.011168101816761434
55,85,8,5,28,3,0.004931488944903864,0.0019352337533592176,0.0068667226982630815,0.004931488944903864
55,86,8,6,28,4,0.011154102180697335,0.0015131975717285423,0.012667299752425877,0.011154102180697335
55,87,8,7,28,5,0.009382729642292082,0.0006533727540340867,0.010036102396326168,0.009382729642292082
55,88,8,8,28,6,0.003854577954167603,0.0001192872787064307,0.0039738652328740335,0.003854577954167603
55,89,8,9,28,7,0.0005322950525803132,6.606421966483997e-05,0.0005983592722451531,0.0005322950525803132
55,90,9,0,28,9,0.0005683848578505896,4.1792015322315054e-05,0.0006101768731729047,0.0005683848578505896
55,91,9,1,28,8,0.0004321557249174328,6.257033468192957e-05,0.0004947260595993624,0.0004321557249174328
55,92,9,2,28,7,0.00070661267701475,5.56223644612785e-05,0.0007622350414760286,0.00070661267701475
55,93,9,3,28,6,0.003551056881799038,7.803464989880334e-05,0.0036290915316978412,0.003551056881799038
55,94,9,4,28,5,0.006654026554552997,0.00034746857869490176,0.007001495133247899,0.006654026554552997
55,95,9,5,28,4,0.0071530234899858085,0.0005254449393299014,0.00767846842931571,0.0071530234899858085
55,96,9,6,28,5,0.006652685509905695,0.00034784254915600236,0.007000528059061697,0.006652685509905695
55,97,9,7,28,6,0.0035075829054261602,7.631698567443643e-05,0.0035838998911005967,0.0035075829054261602
55,98,9,8,28,7,0.0005322950525760666,6.606421966451131e-05,0.0005983592722405779,0.0005322950525760666
55,99,9,9,28,8,0.0007939962704564654,9.33478570563494e-05,0.0008873441275128148,0.0007939962704564654
55,0,0,0,29,10,0.0002462634659720818,1.2554699578166874e-05,0.0002588181655502487,0.0002462634659720818
55,1,0,1,29,9,0.00036451621505413775,3.0089505504858322e-05,0.00039460572055899606,0.00036451621505413775
55,2,0,2,29,8,0.0003165286355874182,5.376951701441924e-05,0.00037029815260183744,0.0003165286355874182
55,3,0,3,29,7,0.0002575278488964824,5.707959958078156e-05,0.00031460744847726396,0.0002575278488964824
55,4,0,4,29,6,0.0011503543003680023,2.2955752848017762e-05,0.00117331005321602,0.0011503543003680023
55,5,0,5,29,5,0.00151913640562291,1.8382663743892322e-05,0.0015375190693668022,0.00151913640562291
55,6,0,6,29,6,0.0011562764263970064,2.231304464856152e-05,0.0011785894710455679,0.0011562764263970064
55,7,0,7,29,7,0.0002525126505839101,5.6398098266335015e-05,0.0003089107488502451,0.0002525126505839101
55,8,0,8,29,8,0.0003793793089789391,5.609710244567911e-05,0.00043547641142461824,0.0003793793089789391
55,9,0,9,29,9,0.0005566138529169802,4.21759687413311e-05,0.0005987898216583112,0.0005566138529169802
55,10,1,0,29,9,0.00036451621492656846,3.0089505505492862e-05,0.0003946057204320613,0.00036451621492656846
55,11,1,1,29,8,0.0001761074965011643,4.522048224278007e-05,0.00022132797874394435,0.0001761074965011643
55,12,1,2,29,7,0.0008143241796225915,3.673614015781388e-05,0.0008510603197804053,0.0008143241796225915
55,13,1,3,29,6,0.002997291962753907,7.61129328763271e-05,0.003073404895630234,0.002997291962753907
55,14,1,4,29,5,0.005145515614425389,0.00030589348688935686,0.005451409101314746,0.005145515614425389
55,15,1,5,29,4,0.005305350333259049,0.0004596027468552808,0.00576495308011433,0.005305350333259049
55,16,1,6,29,5,0.005143326373601037,0.00030621292700236565,0.005449539300603403,0.005143326373601037
55,17,1,7,29,6,0.0029647875048808762,7.499489592325607e-05,0.0030397824008041325,0.0029647875048808762
55,18,1,8,29,7,0.0006949621741115796,4.409311582723663e-05,0.0007390552899388162,0.0006949621741115796
55,19,1,9,29,8,0.0003943505879585014,6.760520136120648e-05,0.0004619557893197079,0.0003943505879585014
55,20,2,0,29,8,0.0003165286354493789,5.376951701022688e-05,0.0003702981524596058,0.0003165286354493789
55,21,2,1,29,7,0.0008143241796599912,3.673614015581117e-05,0.0008510603198158024,0.0008143241796599912
55,22,2,2,29,6,0.004121540144905859,0.00013061019476438566,0.004252150339670245,0.004121540144905859
55,23,2,3,29,5,0.009111130966451794,0.000662681533396596,0.00977381249984839,0.009111130966451794
55,24,2,4,29,4,0.010366349506175472,0.0015576987717335303,0.011924048277909003,0.010366349506175472
55,25,2,5,29,3,0.004353768736828265,0.0020279236760664347,0.0063816924128947,0.004353768736828265
55,26,2,6,29,4,0.010349184312613125,0.0015571572165920039,0.011906341529205128,0.010349184312613125
55,27,2,7,29,5,0.00903597821506412,0.0006581645999538005,0.00969414281501792,0.00903597821506412
55,28,2,8,29,6,0.003951064998542795,0.00011462410554770387,0.004065689104090499,0.003951064998542795
55,29,2,9,29,7,0.0007567699870203708,6.977640291671588e-05,0.0008265463899370867,0.0007567699870203708
55,30,3,0,29,7,0.000257527849031899,5.707959957497145e-05,0.00031460744860687046,0.000257527849031899
55,31,3,1,29,6,0.002997291962812747,7.611293287712026e-05,0.0030734048956898674,0.002997291962812747
55,32,3,2,29,5,0.00911113096641329,0.0006626815333984272,0.009773812499811718,0.00911113096641329
55,33,3,3,29,4,0.012489312596210628,0.0022284267824301753,0.014717739378640803,0.012489312596210628
55,34,3,4,29,3,0.009319890937428955,0.004426309905301077,0.013746200842730032,0.009319890937428955
55,35,3,5,29,2,0.06698164299282597,0.004421084192695543,0.07140272718552151,0.06698164299282597
55,36,3,6,29,3,0.009353069324878248,0.004424577992294848,0.013777647317173096,0.009353069324878248
55,37,3,7,29,4,0.012383836793791543,0.0022199616453290366,0.01460379843912058,0.012383836793791543
55,38,3,8,29,5,0.008987640283479002,0.0006396834041065047,0.009627323687585508,0.008987640283479002
55,39,3,9,29,6,0.0035092568020115896,5.523171058120587e-05,0.0035644885125927957,0.0035092568020115896
55,40,4,0,29,6,0.001150354300462321,2.2955752844106862e-05,0.0011733100533064277,0.001150354300462321
55,41,4,1,29,5,0.005145515614438685,0.0003058934868917251,0.00545140910133041,0.005145515614438685
55,42,4,2,29,4,0.010366349506121838,0.0015576987717324058,0.011924048277854243,0.010366349506121838
55,43,4,3,29,3,0.00931989093745942,0.004426309905299424,0.013746200842758844,0.00931989093745942
55,44,4,4,29,2,0.1484682947770478,0.006053230644369239,0.15452152542141703,0.1484682947770478
55,45,4,5,29,1,0.5658158525486731,0.01170615467563637,0.5775220072243095,0.5658158525486731
55,46,4,6,29,2,0.1485116427561357,0.006050681539318665,0.15456232429545438,0.1485116427561357
55,47,4,7,29,3,0.009424249820567112,0.004415349195446615,0.013839599016013726,0.009424249820567112
55,48,4,8,29,4,0.01038776188714105,0.0015350850670207943,0.011922846954161844,0.01038776188714105
55,49,4,9,29,5,0.0064217121375773935,0.00032219078041405356,0.006743902917991447,0.0064217121375773935
55,50,5,0,29,5,0.0015191364057003326,1.8382663744258362e-05,0.001537519069444591,0.0015191364057003326
55,51,5,1,29,4,0.005305350333281364,0.0004596027468525565,0.00576495308013392,0.005305350333281364
55,52,5,2,29,3,0.004353768736772088,0.002027923676065656,0.0063816924128377445,0.004353768736772088
55,53,5,3,29,2,0.066981642992838,0.004421084192692193,0.07140272718553019,0.066981642992838
55,54,5,4,29,1,0.5658158525486809,0.011706154675637466,0.5775220072243185,0.5658158525486809
55,55,5,5,29,0,3.5045950203061618,0.17222788420409837,3.67682290451026,3.5045950203061618
55,56,5,6,29,1,0.5658612298051633,0.01170878639859419,0.5775700162037575,0.5658612298051633
55,57,5,7,29,2,0.06707992686993533,0.004409940228241093,0.07148986709817642,0.06707992686993533
55,58,5,8,29,3,0.0044521700523357105,0.002008683207003407,0.006460853259339117,0.0044521700523357105
55,59,5,9,29,4,0.006866525987289482,0.0005070829235951865,0.007373608910884668,0.006866525987289482
55,60,6,0,29,6,0.0011562764263325879,2.231304464660165e-05,0.0011785894709791895,0.0011562764263325879
55,61,6,1,29,5,0.005143326373559766,0.0003062129270013075,0.005449539300561073,0.005143326373559766
55,62,6,2,29,4,0.010349184312603581,0.0015571572165890097,0.01190634152919259,0.010349184312603581
55,63,6,3,29,3,0.009353069324884156,0.004424577992294928,0.013777647317179086,0.009353069324884156
55,64,6,4,29,2,0.14851164275609918,0.006050681539315817,0.154562324295415,0.14851164275609918
55,65,6,5,29,1,0.5658612298051076,0.011708786398595997,0.5775700162037035,0.5658612298051076
55,66,6,6,29,2,0.1485540351644335,0.006048192278389692,0.15460222744282318,0.1485540351644335
55,67,6,7,29,3,0.009455367923718606,0.0044137772297884155,0.013869145153507022,0.009455367923718606
55,68,6,8,29,4,0.010373215903049654,0.001534806040710926,0.01190802194376058,0.010373215903049654
55,69,6,9,29,5,0.006419689989589149,0.0003227359269588195,0.006742425916547968,0.006419689989589149
55,70,7,0,29,7,0.00025251265051658367,5.639809827035696e-05,0.0003089107487869406,0.00025251265051658367
55,71,7,1,29,6,0.0029647875047769624,7.499489592416479e-05,0.003039782400701127,0.0029647875047769624
55,72,7,2,29,5,0.009035978215046444,0.0006581645999523841,0.009694142814998828,0.009035978215046444
55,73,7,3,29,4,0.012383836793803208,0.0022199616453267416,0.014603798439129949,0.012383836793803208
55,74,7,4,29,3,0.009424249820636365,0.00441534919545212,0.013839599016088486,0.009424249820636365
55,75,7,5,29,2,0.06707992686987219,0.004409940228240002,0.07148986709811218,0.06707992686987219
55,76,7,6,29,3,0.009455367923662548,0.004413777229786205,0.013869145153448753,0.009455367923662548
55,77,7,7,29,4,0.012281885282381288,0.002211831735612501,0.014493717017993788,0.012281885282381288
55,78,7,8,29,5,0.008913416386085586,0.00063552350341249,0.009548939889498075,0.008913416386085586
55,79,7,9,29,6,0.003464394953188754,5.3895212211025294e-05,0.0035182901653997792,0.003464394953188754
55,80,8,0,29,8,0.00037937930905051874,5.609710245360877e-05,0.0004354764115041275,0.00037937930905051874
55,81,8,1,29,7,0.0006949621740315567,4.409311583123581e-05,0.0007390552898627925,0.0006949621740315567
55,82,8,2,29,6,0.003951064998515054,0.0001146241055469456,0.004065689104062,0.003951064998515054
55,83,8,3,29,5,0.00898764028343559,0.0006396834041087819,0.009627323687544372,0.00898764028343559
55,84,8,4,29,4,0.01038776188707029,0.0015350850670227895,0.01192284695409308,0.01038776188707029
55,85,8,5,29,3,0.004452170052367187,0.0020086832070011196,0.006460853259368307,0.004452170052367187
55,86,8,6,29,4,0.010373215903072372,0.0015348060407108846,0.011908021943783256,0.010373215903072372
55,87,8,7,29,5,0.008913416386114656,0.0006355235034116232,0.00954893988952628,0.008913416386114656
55,88,8,8,29,6,0.003766041766627094,9.841696384561424e-05,0.0038644587304727082,0.003766041766627094
55,89,8,9,29,7,0.0005829363175271508,8.004040824496332e-05,0.0006629767257721141,0.0005829363175271508
55,90,9,0,29,9,0.0005566138531434612,4.2175968743929817e-05,0.000598789821887391,0.0005566138531434612
55,91,9,1,29,8,0.0003943505880787353,6.760520136333973e-05,0.00046195578944207503,0.0003943505880787353
55,92,9,2,29,7,0.0007567699870476133,6.97764029208119e-05,0.0008265463899684251,0.0007567699870476133
55,93,9,3,29,6,0.003509256802027225,5.523171057872051e-05,0.0035644885126059457,0.003509256802027225
55,94,9,4,29,5,0.006421712137496255,0.00032219078041617903,0.006743902917912434,0.006421712137496255
55,95,9,5,29,4,0.006866525987285227,0.0005070829235933588,0.0073736089108785855,0.006866525987285227
55,96,9,6,29,5,0.006419689989570386,0.000322735926959279,0.0067424259165296645,0.006419689989570386
55,97,9,7,29,6,0.0034643949532269717,5.389521220958096e-05,0.003518290165436553,0.0034643949532269717
55,98,9,8,29,7,0.0005829363175231727,8.004040824465047e-05,0.0006629767257678232,0.0005829363175231727
55,99,9,9,29,8,0.0007428961768353688,9.961658984153425e-05,0.0008425127666769031,0.0007428961768353688
55,0,0,0,30,10,0.0002455324165862201,1.1593053012851454e-05,0.0002571254695990715,0.0002455324165862201
55,1,0,1,30,9,0.0003510586241075969,3.0467533913901976e-05,0.00038152615802149886,0.0003510586241075969
55,2,0,2,30,8,0.0002844241580859642,5.745165000528201e-05,0.0003418758080912462,0.0002844241580859642
55,3,0,3,30,7,0.00028902744208814655,6.557356779661234e-05,0.0003546010098847589,0.00028902744208814655
55,4,0,4,30,6,0.0011462471008280605,3.421878119958439e-05,0.0011804658820276448,0.0011462471008280605
55,5,0,5,30,5,0.0014933090750616962,1.1745129126829106e-05,0.0015050542041885253,0.0014933090750616962
55,6,0,6,30,6,0.0011518086816085641,3.345294602603159e-05,0.0011852616276345957,0.0011518086816085641
55,7,0,7,30,7,0.0002830417812890741,6.465685516436957e-05,0.0003476986364534437,0.0002830417812890741
55,8,0,8,30,8,0.000348180120745746,5.936230356413768e-05,0.00040754242430988367,0.000348180120745746
55,9,0,9,30,9,0.0005401143235022121,4.2310253648937974e-05,0.00058242457715115,0.0005401143235022121
55,10,1,0,30,9,0.00035105862397774844,3.0467533914302867e-05,0.0003815261578920513,0.00035105862397774844
55,11,1,1,30,8,0.00014847636165005553,4.890948738161311e-05,0.00019738584903166866,0.00014847636165005553
55,12,1,2,30,7,0.0008318860191236164,4.6818205997245484e-05,0.000878704225120862,0.0008318860191236164
55,13,1,3,30,6,0.002909729932656507,5.952558433997797e-05,0.0029692555169964848,0.002909729932656507
55,14,1,4,30,5,0.004893231056541854,0.00028893469381867165,0.005182165750360526,0.004893231056541854
55,15,1,5,30,4,0.005023129358585533,0.00044862069542021143,0.005471750054005744,0.005023129358585533
55,16,1,6,30,5,0.00489060108853751,0.00028936604286655513,0.005179967131404065,0.00489060108853751
55,17,1,7,30,6,0.00287668467837796,5.864713089939839e-05,0.0029353318092773585,0.00287668467837796
55,18,1,8,30,7,0.0007146254966730641,5.409995901757532e-05,0.0007687254556906395,0.0007146254966730641
55,19,1,9,30,8,0.0003540223422410462,7.220892908834942e-05,0.00042623127132939564,0.0003540223422410462
55,20,2,0,30,8,0.0002844241579466179,5.74516500009688e-05,0.0003418758079475867,0.0002844241579466179
55,21,2,1,30,7,0.0008318860191616898,4.681820599526553e-05,0.0008787042251569554,0.0008318860191616898
55,22,2,2,30,6,0.003985247150160034,0.00011061227576645159,0.004095859425926485,0.003985247150160034
55,23,2,3,30,5,0.008580396862269276,0.0006439084252415697,0.009224305287510845,0.008580396862269276
55,24,2,4,30,4,0.009565123659194956,0.0015745404746968807,0.011139664133891836,0.009565123659194956
55,25,2,5,30,3,0.003899034059345723,0.002093131214479648,0.005992165273825371,0.003899034059345723
55,26,2,6,30,4,0.009547622282296615,0.0015741389753678623,0.011121761257664477,0.009547622282296615
55,27,2,7,30,5,0.008506225587351798,0.0006395518926418795,0.009145777479993678,0.008506225587351798
55,28,2,8,30,6,0.003823241311142248,9.420090556236166e-05,0.003917442216704609,0.003823241311142248
55,29,2,9,30,7,0.0007977991919212265,8.34530631735687e-05,0.0008812522550947952,0.0007977991919212265
55,30,3,0,30,7,0.0002890274422251327,6.557356779074448e-05,0.00035460101001587714,0.0002890274422251327
55,31,3,1,30,6,0.002909729932716105,5.95255843407908e-05,0.002969255517056896,0.002909729932716105
55,32,3,2,30,5,0.008580396862230171,0.0006439084252432473,0.009224305287473419,0.008580396862230171
55,33,3,3,30,4,0.011400351155115415,0.002267360492708061,0.013667711647823476,0.011400351155115415
55,34,3,4,30,3,0.009380643954885897,0.004661121369558243,0.01404176532444414,0.009380643954885897
55,35,3,5,30,2,0.06376420999678997,0.004895213831530084,0.06865942382832006,0.06376420999678997
55,36,3,6,30,3,0.009413731591696842,0.004659517598308941,0.014073249190005783,0.009413731591696842
55,37,3,7,30,4,0.011298334848677958,0.002258811541905816,0.013557146390583774,0.011298334848677958
55,38,3,8,30,5,0.008470853021437796,0.0006191624294564985,0.009090015450894294,0.008470853021437796
55,39,3,9,30,6,0.0034364987294611005,3.4864994822796966e-05,0.0034713637242838975,0.0034364987294611005
55,40,4,0,30,6,0.001146247100923069,3.421878119539381e-05,0.0011804658821184628,0.001146247100923069
55,41,4,1,30,5,0.004893231056555292,0.0002889346938209852,0.0051821657503762775,0.004893231056555292
55,42,4,2,30,4,0.00956512365914116,0.0015745404746956612,0.01113966413383682,0.00956512365914116
55,43,4,3,30,3,0.009380643954916177,0.0046611213695565545,0.014041765324472731,0.009380643954916177
55,44,4,4,30,2,0.14064954309659614,0.006916924714963292,0.14756646781155944,0.14064954309659614
55,45,4,5,30,1,0.5416264397805671,0.010130602780384163,0.5517570425609513,0.5416264397805671
55,46,4,6,30,2,0.14069230052407913,0.006914411778948333,0.14760671230302747,0.14069230052407913
55,47,4,7,30,3,0.00948004979498751,0.004649774509935773,0.014129824304923284,0.00948004979498751
55,48,4,8,30,4,0.00959905449860481,0.0015490446552438464,0.011148099153848656,0.00959905449860481
55,49,4,9,30,5,0.0061474118304456005,0.0002960024994317176,0.006443414329877318,0.0061474118304456005
55,50,5,0,30,5,0.0014933090751399962,1.1745129127250298e-05,0.0015050542042672464,0.0014933090751399962
55,51,5,1,30,4,0.005023129358608745,0.0004486206954175901,0.005471750054026335,0.005023129358608745
55,52,5,2,30,3,0.0038990340592900117,0.0020931312144787583,0.0059921652737687705,0.0038990340592900117
55,53,5,3,30,2,0.06376420999680112,0.004895213831526808,0.06865942382832793,0.06376420999680112
55,54,5,4,30,1,0.5416264397805743,0.010130602780385137,0.5517570425609595,0.5416264397805743
55,55,5,5,30,0,3.426380313327422,0.1670314307649252,3.5934117440923474,3.426380313327422
55,56,5,6,30,1,0.5416710634596563,0.01013299559978492,0.5518040590594412,0.5416710634596563
55,57,5,7,30,2,0.06385733101887224,0.004883510504138443,0.06874084152301069,0.06385733101887224
55,58,5,8,30,3,0.004006209855226064,0.002070648895608745,0.0060768587508348085,0.004006209855226064
55,59,5,9,30,4,0.0065431953550454235,0.0004867601543161348,0.007029955509361558,0.0065431953550454235
55,60,6,0,30,6,0.0011518086815423619,3.34529460240939e-05,0.0011852616275664558,0.0011518086815423619
55,61,6,1,30,5,0.0048906010884955916,0.00028936604286550405,0.005179967131361095,0.0048906010884955916
55,62,6,2,30,4,0.009547622282287482,0.0015741389753649937,0.011121761257652477,0.009547622282287482
55,63,6,3,30,3,0.00941373159170231,0.004659517598309046,0.014073249190011357,0.00941373159170231
55,64,6,4,30,2,0.14069230052404147,0.006914411778945624,0.14760671230298708,0.14069230052404147
55,65,6,5,30,1,0.541671063459599,0.010132995599786412,0.5518040590593855,0.541671063459599
55,66,6,6,30,2,0.14073409736913417,0.006911959459234283,0.14764605682836845,0.14073409736913417
55,67,6,7,30,3,0.0095110959218535,0.004648336684103954,0.014159432605957454,0.0095110959218535
55,68,6,8,30,4,0.009584064260459928,0.0015489307206888034,0.011132994981148732,0.009584064260459928
55,69,6,9,30,5,0.006144691868489476,0.00029671580592500774,0.006441407674414484,0.006144691868489476
55,70,7,0,30,7,0.00028304178122032827,6.465685516836792e-05,0.0003476986363886962,0.00028304178122032827
55,71,7,1,30,6,0.0028766846782719625,5.864713090010693e-05,0.0029353318091720694,0.0028766846782719625
55,72,7,2,30,5,0.008506225587333703,0.0006395518926405266,0.00914577747997423,0.008506225587333703
55,73,7,3,30,4,0.011298334848689674,0.0022588115419037015,0.013557146390593376,0.011298334848689674
55,74,7,4,30,3,0.009480049795058617,0.004649774509941044,0.01412982430499966,0.009480049795058617
55,75,7,5,30,2,0.0638573310188078,0.0048835105041375336,0.06874084152294534,0.0638573310188078
55,76,7,6,30,3,0.009511095921795783,0.004648336684101883,0.014159432605897665,0.009511095921795783
55,77,7,7,30,4,0.011199724314769196,0.002250625988984746,0.013450350303753942,0.011199724314769196
55,78,7,8,30,5,0.008397269175935954,0.0006152399304545502,0.009012509106390504,0.008397269175935954
55,79,7,9,30,6,0.003390563952987008,3.3952641618764415e-05,0.0034245165946057725,0.003390563952987008
55,80,8,0,30,8,0.00034818012081813123,5.936230357193456e-05,0.0004075424243900658,0.00034818012081813123
55,81,8,1,30,7,0.0007146254965915409,5.4099959021584176e-05,0.0007687254556131251,0.0007146254965915409
55,82,8,2,30,6,0.0038232413111137426,9.420090556163345e-05,0.003917442216675376,0.0038232413111137426
55,83,8,3,30,5,0.00847085302139301,0.0006191624294587095,0.009090015450851719,0.00847085302139301
55,84,8,4,30,4,0.009599054498532312,0.00154904465524568,0.011148099153777992,0.009599054498532312
55,85,8,5,30,3,0.004006209855257797,0.0020706488956065837,0.00607685875086438,0.004006209855257797
55,86,8,6,30,4,0.009584064260483626,0.0015489307206888216,0.011132994981172447,0.009584064260483626
55,87,8,7,30,5,0.008397269175966024,0.0006152399304537853,0.009012509106419809,0.008397269175966024
55,88,8,8,30,6,0.003646097550011152,7.77972784340487e-05,0.0037238948284452006,0.003646097550011152
55,89,8,9,30,7,0.0006259791753124935,9.34342598826864e-05,0.0007194134351951799,0.0006259791753124935
55,90,9,0,30,9,0.0005401143237332183,4.231025365180475e-05,0.000582424577385023,0.0005401143237332183
55,91,9,1,30,8,0.00035402234236321656,7.220892909057257e-05,0.00042623127145378914,0.00035402234236321656
55,92,9,2,30,7,0.0007977991919489396,8.345306317745577e-05,0.0008812522551263954,0.0007977991919489396
55,93,9,3,30,6,0.0034364987294768948,3.486499482115576e-05,0.0034713637242980507,0.0034364987294768948
55,94,9,4,30,5,0.006147411830362398,0.00029600249943364593,0.0064434143297960435,0.006147411830362398
55,95,9,5,30,4,0.0065431953550413305,0.00048676015431434194,0.007029955509355672,0.0065431953550413305
55,96,9,6,30,5,0.006144691868471239,0.0002967158059254444,0.006441407674396684,0.006144691868471239
55,97,9,7,30,6,0.003390563953026696,3.395264161771698e-05,0.003424516594644413,0.003390563953026696
55,98,9,8,30,7,0.0006259791753088036,9.343425988238817e-05,0.0007194134351911918,0.0006259791753088036
55,99,9,9,30,8,0.000686187126484389,0.0001052648716439435,0.0007914519981283326,0.000686187126484389
55,0,0,0,31,10,0.00024275139269053968,1.0568030684518187e-05,0.0002533194233750579,0.00024275139269053968
55,1,0,1,31,9,0.0003347174221726645,3.0672493645833134e-05,0.0003653899158184976,0.0003347174221726645
55,2,0,2,31,8,0.0002508582040662555,6.078375330697919e-05,0.0003116419573732347,0.0002508582040662555
55,3,0,3,31,7,0.0003163714438547843,7.360899670532138e-05,0.00038998044056010565,0.0003163714438547843
55,4,0,4,31,6,0.0011316315913384796,4.5637975949552087e-05,0.0011772695672880318,0.0011316315913384796
55,5,0,5,31,5,0.0014558940963221273,1.628733298210423e-05,0.0014721814293042314,0.0014558940963221273
55,6,0,6,31,6,0.0011367722561837286,4.4780741479499987e-05,0.0011815529976632285,0.0011367722561837286
55,7,0,7,31,7,0.0003094237841082072,7.246049240045115e-05,0.00038188427650865834,0.0003094237841082072
55,8,0,8,31,8,0.0003149656054656212,6.22656935737884e-05,0.0003772312990394096,0.0003149656054656212
55,9,0,9,31,9,0.0005190818483590413,4.220612470309761e-05,0.0005612879730621389,0.0005190818483590413
55,10,1,0,31,9,0.00033471742204085295,3.067249364601878e-05,0.00036538991568687174,0.00033471742204085295
55,11,1,1,31,8,0.00012094671168537832,5.229118671251681e-05,0.00017323789839789513,0.00012094671168537832
55,12,1,2,31,7,0.0008399315108536769,5.6590553003769633e-05,0.0008965220638574465,0.0008399315108536769
55,13,1,3,31,6,0.0027984018146587765,4.350726418899711e-05,0.0028419090788477735,0.0027984018146587765
55,14,1,4,31,5,0.004613877146342732,0.000271126015434585,0.004885003161777317,0.004613877146342732
55,15,1,5,31,4,0.004719584734390342,0.0004359281039959289,0.00515551283838627,0.004719584734390342
55,16,1,6,31,5,0.0046108139559395255,0.00027166689150832864,0.004882480847447854,0.0046108139559395255
55,17,1,7,31,6,0.002765077380242388,4.286915017896624e-05,0.002807946530421354,0.002765077380242388
55,18,1,8,31,7,0.0007257932088059788,6.371344537310037e-05,0.0007895066541790791,0.0007257932088059788
55,19,1,9,31,8,0.0003119390600545942,7.637156707192467e-05,0.00038831062712651885,0.0003119390600545942
55,20,2,0,31,8,0.00025085820392626234,6.078375330257083e-05,0.0003116419572288332,0.00025085820392626234
55,21,2,1,31,7,0.0008399315108923014,5.659055300182936e-05,0.0008965220638941307,0.0008399315108923014
55,22,2,2,31,6,0.003816938627733931,9.072773963459535e-05,0.003907666367368526,0.003816938627733931
55,23,2,3,31,5,0.008009518771996021,0.0006228127381926546,0.008632331510188676,0.008009518771996021
55,24,2,4,31,4,0.008765039793141239,0.0015841763370461667,0.010349216130187406,0.008765039793141239
55,25,2,5,31,3,0.0034820871952086314,0.002147233337437269,0.0056293205326459,0.0034820871952086314
55,26,2,6,31,4,0.008747344113545273,0.001583917364736262,0.010331261478281535,0.008747344113545273
55,27,2,7,31,5,0.007936964908736558,0.0006186407913769356,0.008555605700113494,0.007936964908736558
55,28,2,8,31,6,0.0036647311454282875,7.409261483691232e-05,0.0037388237602652,0.0036647311454282875
55,29,2,9,31,7,0.0008288923435453909,9.653796151459345e-05,0.0009254303050599844,0.0008288923435453909
55,30,3,0,31,7,0.00031637144399284105,7.360899669942863e-05,0.0003899804406922697,0.00031637144399284105
55,31,3,1,31,6,0.0027984018147189722,4.3507264189798377e-05,0.0028419090789087707,0.0027984018147189722
55,32,3,2,31,5,0.0080095187719564,0.0006228127381941833,0.008632331510150583,0.0080095187719564
55,33,3,3,31,4,0.010336903688834335,0.0022956064479041074,0.012632510136738443,0.010336903688834335
55,34,3,4,31,3,0.009246293489851308,0.004868810107466828,0.014115103597318136,0.009246293489851308
55,35,3,5,31,2,0.0602703071394192,0.005331739412367793,0.06560204655178699,0.0602703071394192
55,36,3,6,31,3,0.009279001046665344,0.004867344200409428,0.014146345247074772,0.009279001046665344
55,37,3,7,31,4,0.010239209661749519,0.002287022435950088,0.012526232097699607,0.010239209661749519
55,38,3,8,31,5,0.007914477080702328,0.0005964723436620783,0.008510949424364407,0.007914477080702328
55,39,3,9,31,6,0.0033340090096624147,2.341869294865568e-05,0.0033574277026110705,0.0033340090096624147
55,40,4,0,31,6,0.0011316315914339035,4.563797594529194e-05,0.0011772695673791954,0.0011316315914339035
55,41,4,1,31,5,0.004613877146356256,0.00027112601543683964,0.004885003161793095,0.004613877146356256
55,42,4,2,31,4,0.008765039793087454,0.0015841763370448632,0.010349216130132318,0.008765039793087454
55,43,4,3,31,3,0.00924629348988129,0.004868810107465117,0.014115103597346405,0.00924629348988129
55,44,4,4,31,2,0.13232600424071939,0.007727411822772058,0.14005341606349145,0.13232600424071939
55,45,4,5,31,1,0.5169662353339066,0.008788449168081379,0.525754684501988,0.5169662353339066
55,46,4,6,31,2,0.13236782570105599,0.007724969016676477,0.14009279471773245,0.13236782570105599
55,47,4,7,31,3,0.00933991874473265,0.004857145074288709,0.014197063819021359,0.00933991874473265
55,48,4,8,31,4,0.008810595600103015,0.001555975011832032,0.010366570611935046,0.008810595600103015
55,49,4,9,31,5,0.005835231046755834,0.0002691450631534494,0.006104376109909284,0.005835231046755834
55,50,5,0,31,5,0.0014558940964011224,1.628733298211284e-05,0.0014721814293832353,0.0014558940964011224
55,51,5,1,31,4,0.0047195847344144075,0.0004359281039934117,0.005155512838407819,0.0047195847344144075
55,52,5,2,31,3,0.0034820871951536567,0.0021472333374362813,0.005629320532589938,0.0034820871951536567
55,53,5,3,31,2,0.06027030713942937,0.005331739412364617,0.065602046551794,0.06027030713942937
55,54,5,4,31,1,0.5169662353339132,0.008788449168082172,0.5257546845019954,0.5169662353339132
55,55,5,5,31,0,3.3481260599520737,0.16201897225581133,3.510145032207885,3.3481260599520737
55,56,5,6,31,1,0.5170097462258747,0.008790514300196346,0.5258002605260711,0.5170097462258747
55,57,5,7,31,2,0.060357577764350814,0.005319563653998634,0.06567714141834945,0.060357577764350814
55,58,5,8,31,3,0.00359640630061522,0.0021216778790215827,0.005718084179636803,0.00359640630061522
55,59,5,9,31,4,0.006187187848307719,0.00046475578926763336,0.006651943637575352,0.006187187848307719
55,60,6,0,31,6,0.0011367722561158485,4.478074147767791e-05,0.0011815529975935264,0.0011367722561158485
55,61,6,1,31,5,0.004610813955897078,0.0002716668915072899,0.004882480847404368,0.004610813955897078
55,62,6,2,31,4,0.008747344113536611,0.001583917364733522,0.010331261478270133,0.008747344113536611
55,63,6,3,31,3,0.00927900104667032,0.004867344200409556,0.014146345247079877,0.00927900104667032
55,64,6,4,31,2,0.13236782570101727,0.007724969016673904,0.14009279471769118,0.13236782570101727
55,65,6,5,31,1,0.517009746225816,0.008790514300197436,0.5258002605260134,0.517009746225816
55,66,6,6,31,2,0.13240868850365425,0.007722586847788223,0.14013127535144249,0.13240868850365425
55,67,6,7,31,3,0.009370622175048434,0.004855850147400677,0.014226472322449111,0.009370622175048434
55,68,6,8,31,4,0.00879527702131394,0.0015560271145534897,0.01035130413586743,0.00879527702131394
55,69,6,9,31,5,0.005831809584416196,0.00027002225825122826,0.006101831842667425,0.005831809584416196
55,70,7,0,31,7,0.0003094237840382829,7.246049240441254e-05,0.00038188427644269543,0.0003094237840382829
55,71,7,1,31,6,0.002765077380134539,4.2869150179457045e-05,0.0028079465303139962,0.002765077380134539
55,72,7,2,31,5,0.00793696490871811,0.0006186407913756481,0.008555605700093758,0.00793696490871811
55,73,7,3,31,4,0.010239209661761294,0.002287022435948154,0.012526232097709448,0.010239209661761294
55,74,7,4,31,3,0.009339918744805538,0.004857145074293741,0.014197063819099277,0.009339918744805538
55,75,7,5,31,2,0.06035757776428521,0.005319563653997892,0.0656771414182831,0.06035757776428521
55,76,7,6,31,3,0.009370622174989122,0.00485585014739874,0.014226472322387863,0.009370622174989122
55,77,7,7,31,4,0.010144769958096399,0.0022788280347759743,0.012423597992872373,0.010144769958096399
55,78,7,8,31,5,0.007842149471550047,0.0005928092391686614,0.008434958710718709,0.007842149471550047
55,79,7,9,31,6,0.0032873494839849057,2.3057119866821553e-05,0.0033104066038517274,0.0032873494839849057
55,80,8,0,31,8,0.0003149656055385021,6.226569358143225e-05,0.00037723129911993434,0.0003149656055385021
55,81,8,1,31,7,0.0007257932087231664,6.371344537709725e-05,0.0007895066541002637,0.0007257932087231664
55,82,8,2,31,6,0.0036647311453990856,7.409261483622385e-05,0.0037388237602353097,0.0036647311453990856
55,83,8,3,31,5,0.007914477080656256,0.0005964723436642254,0.008510949424320482,0.007914477080656256
55,84,8,4,31,4,0.008810595600028984,0.0015559750118337057,0.01036657061186269,0.008810595600028984
55,85,8,5,31,3,0.0035964063006470115,0.0021216778790195388,0.005718084179666551,0.0035964063006470115
55,86,8,6,31,4,0.008795277021338546,0.0015560271145535678,0.010351304135892114,0.008795277021338546
55,87,8,7,31,5,0.007842149471581053,0.0005928092391679949,0.008434958710749048,0.007842149471581053
55,88,8,8,31,6,0.003496900537937803,5.780656505637895e-05,0.003554707102994182,0.003496900537937803
55,89,8,9,31,7,0.0006606070154943993,0.00010615933115946167,0.000766766346653861,0.0006606070154943993
55,90,9,0,31,9,0.0005190818485940025,4.220612470619589e-05,0.0005612879733001984,0.0005190818485940025
55,91,9,1,31,8,0.0003119390601780824,7.637156707421714e-05,0.0003883106272522996,0.0003119390601780824
55,92,9,2,31,7,0.0008288923435735647,9.65379615182734e-05,0.0009254303050918381,0.0008288923435735647
55,93,9,3,31,6,0.0033340090096783456,2.34186929493659e-05,0.0033574277026277113,0.0033340090096783456
55,94,9,4,31,5,0.005835231046670735,0.0002691450631551869,0.006104376109825922,0.005835231046670735
55,95,9,5,31,4,0.006187187848303818,0.00046475578926587934,0.006651943637569697,0.006187187848303818
55,96,9,6,31,5,0.005831809584398535,0.0002700222582516463,0.006101831842650182,0.005831809584398535
55,97,9,7,31,6,0.0032873494840260126,2.3057119866756613e-05,0.0033104066038927692,0.0032873494840260126
55,98,9,8,31,7,0.0006606070154910126,0.00010615933115917677,0.0007667663466501893,0.0006606070154910126
55,99,9,9,31,8,0.0006248673466656932,0.00011028496531597345,0.0007351523119816666,0.0006248673466656932
55,0,0,0,32,10,0.0002378976788709998,9.490035658054242e-06,0.00024738771452905404,0.0002378976788709998
55,1,0,1,32,9,0.0003157193642410625,3.071113560009613e-05,0.00034643049984115865,0.0003157193642410625
55,2,0,2,32,8,0.00021645710854502099,6.376012124711463e-05,0.0002802172297921356,0.00021645710854502099
55,3,0,3,32,7,0.0003390534019528455,8.114972619209031e-05,0.0004202031281449358,0.0003390534019528455
55,4,0,4,32,6,0.001106695485066717,5.680292811629192e-05,0.0011634984131830089,0.001106695485066717
55,5,0,5,32,5,0.0014073082449263818,2.636530322036655e-05,0.0014336735481467484,0.0014073082449263818
55,6,0,6,32,6,0.0011113599041031978,5.586653837847561e-05,0.0011672264424816734,0.0011113599041031978
55,7,0,7,32,7,0.0003311720385478571,7.977469669490138e-05,0.0004109467352427585,0.0003311720385478571
55,8,0,8,32,8,0.0002802999726532125,6.480514622810334e-05,0.0003451051188813158,0.0002802999726532125
55,9,0,9,32,9,0.0004937737860264915,4.1875369961525494e-05,0.000535649155988017,0.0004937737860264915
55,10,1,0,32,9,0.0003157193641076198,3.071113560008387e-05,0.0003464304997077037,0.0003157193641076198
55,11,1,1,32,8,9.428021811844556e-05,5.53576076411597e-05,0.00014963782575960527,9.428021811844556e-05
55,12,1,2,32,7,0.0008383028527934244,6.595757846972865e-05,0.0009042604312631531,0.0008383028527934244
55,13,1,3,32,6,0.002665083998995775,2.887670358519854e-05,0.0026939607025809735,0.002665083998995775
55,14,1,4,32,5,0.004311267168170505,0.00025263571753416644,0.004563902885704672,0.004311267168170505
55,15,1,5,32,4,0.004398302301693895,0.0004217256396553546,0.00482002794134925,0.004398302301693895
55,16,1,6,32,5,0.004307787319746564,0.00025328301459153965,0.004561070334338104,0.004307787319746564
55,17,1,7,32,6,0.002631758250653932,2.8469559492970337e-05,0.0026602278101469025,0.002631758250653932
55,18,1,8,32,7,0.0007282811148519428,7.286421381219892e-05,0.0008011453286641418,0.0007282811148519428
55,19,1,9,32,8,0.0002688890511717012,8.008620002691416e-05,0.00034897525119861536,0.0002688890511717012
55,20,2,0,32,8,0.0002164571084052247,6.376012124263509e-05,0.0002802172296478598,0.0002164571084052247
55,21,2,1,32,7,0.0008383028528324783,6.595757846783752e-05,0.0009042604313003158,0.0008383028528324783
55,22,2,2,32,6,0.0036193349704468445,7.120684164523583e-05,0.0036905418120920805,0.0036193349704468445
55,23,2,3,32,5,0.007406409350330153,0.0005996640372932815,0.008006073387623434,0.007406409350330153
55,24,2,4,32,4,0.007973955064435628,0.001587043048849092,0.00956099811328472,0.007973955064435628
55,25,2,5,32,3,0.0031051562421581334,0.0021907644498392574,0.005295920691997391,0.0031051562421581334
55,26,2,6,32,4,0.007956218997556008,0.0015869279768934575,0.009543146974449464,0.007956218997556008
55,27,2,7,32,5,0.007336101620615026,0.0005956984878827258,0.007931800108497752,0.007336101620615026
55,28,2,8,32,6,0.003478105080495288,5.4697803149437854e-05,0.003532802883644726,0.003478105080495288
55,29,2,9,32,7,0.0008494635534439305,0.00010895248481473499,0.0009584160382586655,0.0008494635534439305
55,30,3,0,32,7,0.0003390534020915412,8.114972618620186e-05,0.00042020312827774304,0.0003390534020915412
55,31,3,1,32,6,0.002665083999056409,2.8876703585907024e-05,0.0026939607026423163,0.002665083999056409
55,32,3,2,32,5,0.007406409350290105,0.0005996640372946659,0.00800607338758477,0.007406409350290105
55,33,3,3,32,4,0.009308642490495409,0.002313726926184337,0.011622369416679747,0.009308642490495409
55,34,3,4,32,3,0.008930254483113896,0.005050300837853627,0.013980555320967524,0.008930254483113896
55,35,3,5,32,2,0.05654069761681508,0.005730762928743694,0.06227146054555877,0.05654069761681508
55,36,3,6,32,3,0.008962289943371397,0.005048981025722829,0.014011270969094226,0.008962289943371397
55,37,3,7,32,4,0.009216085732568659,0.00230515458764251,0.011521240320211169,0.009216085732568659
55,38,3,8,32,5,0.007326174255201876,0.0005718862404676461,0.007898060495669521,0.007326174255201876
55,39,3,9,32,6,0.003203374491592991,3.141379465170856e-05,0.0032347882862446995,0.003203374491592991
55,40,4,0,32,6,0.0011066954851622897,5.680292811203184e-05,0.0011634984132743215,0.0011066954851622897
55,41,4,1,32,5,0.00431126716818406,0.0002526357175363579,0.004563902885720418,0.00431126716818406
55,42,4,2,32,4,0.007973955064382036,0.0015870430488477136,0.00956099811322975,0.007973955064382036
55,43,4,3,32,3,0.008930254483143463,0.005050300837851896,0.01398055532099536,0.008930254483143463
55,44,4,4,32,2,0.12359015513296989,0.008481043531792586,0.13207119866476247,0.12359015513296989
55,45,4,5,32,1,0.49199346478430167,0.007721592459357483,0.49971505724365917,0.49199346478430167
55,46,4,6,32,2,0.12363070012029752,0.008478695548803745,0.13210939566910126,0.12363070012029752
55,47,4,7,32,3,0.009017360197401358,0.005038384420274826,0.014055744617676183,0.009017360197401358
55,48,4,8,32,4,0.008030020135110824,0.0015563221022854576,0.009586342237396281,0.008030020135110824
55,49,4,9,32,5,0.005489438658580526,0.00024184500746732117,0.005731283666047847,0.005489438658580526
55,50,5,0,32,5,0.0014073082450058914,2.636530322010042e-05,0.0014336735482259918,0.0014073082450058914
55,51,5,1,32,4,0.004398302301718767,0.0004217256396529421,0.004820027941371709,0.004398302301718767
55,52,5,2,32,3,0.00310515624210419,0.00219076444983819,0.00529592069194238,0.00310515624210419
55,53,5,3,32,2,0.056540697616824204,0.0057307629287406065,0.06227146054556481,0.056540697616824204
55,54,5,4,32,1,0.49199346478430755,0.007721592459358018,0.49971505724366555,0.49199346478430755
55,55,5,5,32,0,3.270068593667832,0.15718627809605723,3.427254871763889,3.270068593667832
55,56,5,6,32,1,0.49203551128854023,0.007723224524333131,0.49975873581287333,0.49203551128854023
55,57,5,7,32,2,0.056621511932853794,0.005718195924500969,0.062339707857354765,0.056621511932853794
55,58,5,8,32,3,0.003224747977992885,0.002162317020642555,0.00538706499863544,0.003224747977992885
55,59,5,9,32,4,0.005802736179064476,0.00044133173382640133,0.006244067912890877,0.005802736179064476
55,60,6,0,32,6,0.0011113599040337493,5.586653837678724e-05,0.0011672264424105365,0.0011113599040337493
55,61,6,1,32,5,0.00430778731970371,0.0002532830145905176,0.004561070334294228,0.00430778731970371
55,62,6,2,32,4,0.00795621899754787,0.0015869279768908483,0.009543146974438718,0.00795621899754787
55,63,6,3,32,3,0.008962289943375843,0.005048981025722993,0.014011270969098835,0.008962289943375843
55,64,6,4,32,2,0.12363070012025781,0.008478695548801343,0.13210939566905916,0.12363070012025781
55,65,6,5,32,1,0.49203551128848017,0.007723224524333745,0.49975873581281394,0.49203551128848017
55,66,6,6,32,2,0.12367029563011842,0.008476407636489137,0.13214670326660755,0.12367029563011842
55,67,6,7,32,3,0.009047447590506855,0.0050372396606965415,0.014084687251203397,0.009047447590506855
55,68,6,8,32,4,0.008014502222041434,0.0015565399868806276,0.009571042208922062,0.008014502222041434
55,69,6,9,32,5,0.005485325758978824,0.00024288050719333074,0.005728206266172155,0.005485325758978824
55,70,7,0,32,7,0.0003311720384769695,7.977469669881345e-05,0.00041094673517578297,0.0003311720384769695
55,71,7,1,32,6,0.0026317582505444763,2.8469559493175508e-05,0.002660227810037652,0.0026317582505444763
55,72,7,2,32,5,0.0073361016205963,0.0005956984878815039,0.007931800108477804,0.0073361016205963
55,73,7,3,32,4,0.009216085732580502,0.0023051545876407492,0.01152124032022125,0.009216085732580502
55,74,7,4,32,3,0.009017360197475958,0.005038384420279634,0.014055744617755592,0.009017360197475958
55,75,7,5,32,2,0.05662151193278713,0.005718195924500389,0.06233970785728752,0.05662151193278713
55,76,7,6,32,3,0.009047447590446012,0.00503723966069473,0.014084687251140742,0.009047447590446012
55,77,7,7,32,4,0.009126600180536284,0.002296996007866809,0.011423596188403093,0.009126600180536284
55,78,7,8,32,5,0.007255718138598756,0.0005685017134898102,0.007824219852088567,0.007255718138598756
55,79,7,9,32,6,0.0031563675313459917,3.129063910378559e-05,0.0031876581704497775,0.0031563675313459917
55,80,8,0,32,8,0.0002802999727262478,6.480514623557595e-05,0.00034510511896182375,0.0002802999727262478
55,81,8,1,32,7,0.000728281114768052,7.286421381616695e-05,0.000801145328584219,0.000728281114768052
55,82,8,2,32,6,0.003478105080465463,5.469780314880581e-05,0.003532802883614269,0.003478105080465463
55,83,8,3,32,5,0.007326174255154632,0.0005718862404697299,0.007898060495624363,0.007326174255154632
55,84,8,4,32,4,0.008030020135035499,0.0015563221022869757,0.009586342237322475,0.008030020135035499
55,85,8,5,32,3,0.0032247479780245004,0.002162317020640633,0.005387064998665134,0.0032247479780245004
55,86,8,6,32,4,0.008014502222066854,0.0015565399868807655,0.00957104220894762,0.008014502222066854
55,87,8,7,32,5,0.007255718138630626,0.0005685017134892405,0.007824219852119866,0.007255718138630626
55,88,8,8,32,6,0.0033208865155980676,3.9266106014057606e-05,0.0033601526216121254,0.0033208865155980676
55,89,8,9,32,7,0.0006862098074088096,0.00011815178451332465,0.0008043615919221343,0.0006862098074088096
55,90,9,0,32,9,0.0004937737862648128,4.187536996482112e-05,0.0005356491562296339,0.0004937737862648128
55,91,9,1,32,8,0.00026888905129567915,8.008620002925701e-05,0.0003489752513249362,0.00026888905129567915
55,92,9,2,32,7,0.0008494635534725578,0.00010895248481821041,0.0009584160382907681,0.0008494635534725578
55,93,9,3,32,6,0.0032033744916090357,3.1413794654382626e-05,0.0032347882862634185,0.0032033744916090357
55,94,9,4,32,5,0.0054894386584937085,0.00024184500746887586,0.005731283665962584,0.0054894386584937085
55,95,9,5,32,4,0.005802736179060793,0.0004413317338246865,0.00624406791288548,0.005802736179060793
55,96,9,6,32,5,0.005485325758961783,0.00024288050719373282,0.0057282062661555165,0.005485325758961783
55,97,9,7,32,6,0.003156367531388459,3.129063910457347e-05,0.0031876581704930324,0.003156367531388459
55,98,9,8,32,7,0.0006862098074057377,0.00011815178451305191,0.0008043615919187896,0.0006862098074057377
55,99,9,9,32,8,0.0005599791462601409,0.00011467283896772193,0.0006746519852278628,0.0005599791462601409
55,0,0,0,33,10,0.0002309777413179171,8.369447901737483e-06,0.0002393471892196546,0.0002309777413179171
55,1,0,1,33,9,0.00029432345856490304,3.059062080042948e-05,0.00032491407936533254,0.00029432345856490304
55,2,0,2,33,8,0.00018187710829734724,6.637728774035774e-05,0.00024825439603770496,0.00018187710829734724
55,3,0,3,33,7,0.0003566902282831812,8.816726264553292e-05,0.00044485749092871413,0.0003566902282831812
55,4,0,4,33,6,0.0010717587160201797,6.755065407252443e-05,0.0011393093700927041,0.0010717587160201797
55,5,0,5,33,5,0.0013480867461966464,3.737772775228104e-05,0.0013854644739489275,0.0013480867461966464
55,6,0,6,33,6,0.0010758975723803802,6.654289990597317e-05,0.0011424404722863535,0.0010758975723803802
55,7,0,7,33,7,0.0003479230351734034,8.657254811921146e-05,0.00043449558329261486,0.0003479230351734034
55,8,0,8,33,8,0.0002447571520444605,6.698060795814086e-05,0.00031173776000260135,0.0002447571520444605
55,9,0,9,33,9,0.00046450325962164586,4.1330192411988644e-05,0.0005058334520336345,0.00046450325962164586
55,10,1,0,33,9,0.00029432345843018626,3.0590620800235576e-05,0.00032491407923042185,0.00029432345843018626
55,11,1,1,33,8,6.956646786684457e-05,5.8103093648962956e-05,0.00012766956151580752,6.956646786684457e-05
55,12,1,2,33,7,0.0008270175945096211,7.48580404563804e-05,0.0009018756349660016,0.0008270175945096211
55,13,1,3,33,6,0.002511751262916777,1.8564268099325767e-05,0.0025303155310161026,0.002511751262916777
55,14,1,4,33,5,0.003989208460704045,0.00023362079436550317,0.004222829255069549,0.003989208460704045
55,15,1,5,33,4,0.004062810142023747,0.00040620260061444976,0.004469012742638197,0.004062810142023747
55,16,1,6,33,5,0.003985337765323361,0.0002343707025398835,0.004219708467863245,0.003985337765323361
55,17,1,7,33,6,0.002478714667959487,1.8333805724515118e-05,0.002497048473684002,0.002478714667959487
55,18,1,8,33,7,0.0007220666700731382,8.150354418034001e-05,0.0008035702142534782,0.0007220666700731382
55,19,1,9,33,8,0.00022569597240219128,8.334873327842289e-05,0.00030904470568061417,0.00022569597240219128
55,20,2,0,33,8,0.00018187710815895065,6.637728773582889e-05,0.0002482543958947795,0.00018187710815895065
55,21,2,1,33,7,0.000827017594548984,7.485804045454486e-05,0.0009018756350035289,0.000827017594548984
55,22,2,2,33,6,0.0033954031650148277,5.245671255223888e-05,0.0034478598775670665,0.0033954031650148277
55,23,2,3,33,5,0.0067787314889925536,0.0005747165692295892,0.007353448058222143,0.0067787314889925536
55,24,2,4,33,4,0.007198825832895903,0.0015835679410213291,0.008782393773917232,0.007198825832895903
55,25,2,5,33,3,0.002769677846325128,0.0022242584910041794,0.004993936337329308,0.002769677846325128
55,26,2,6,33,4,0.007181214270895879,0.0015835970900373495,0.008764811360933229,0.007181214270895879
55,27,2,7,33,5,0.006711283152511928,0.0005709768739004398,0.0072822600264123676,0.006711283152511928
55,28,2,8,33,6,0.0032661667864676593,3.693167172454711e-05,0.0033030984581922064,0.0032661667864676593
55,29,2,9,33,7,0.0008591440163022275,0.0001206375030703149,0.0009797815193725425,0.0008591440163022275
55,30,3,0,33,7,0.0003566902284221268,8.816726263967479e-05,0.0004448574910618016,0.0003566902284221268
55,31,3,1,33,6,0.0025117512629776874,1.8564268099635625e-05,0.002530315531077323,0.0025117512629776874
55,32,3,2,33,5,0.006778731488952179,0.0005747165692308352,0.007353448058183014,0.006778731488952179
55,33,3,3,33,4,0.008323744488349603,0.002322278662332539,0.010646023150682141,0.008323744488349603
55,34,3,4,33,3,0.00844763919044675,0.005206563943605848,0.013654203134052599,0.00844763919044675
55,35,3,5,33,2,0.05261487223840327,0.006092885626674802,0.05870775786507807,0.05261487223840327
55,36,3,6,33,3,0.008478708745006884,0.005205397033366479,0.013684105778373364,0.008478708745006884
55,37,3,7,33,4,0.008237083306186423,0.0023137626020723586,0.01055084590825878,0.008237083306186423
55,38,3,8,33,5,0.006713360285549288,0.000545660967253893,0.007259021252803181,0.006713360285549288
55,39,3,9,33,6,0.0030464902456346105,4.946448468785661e-05,0.003095954730322467,0.0030464902456346105
55,40,4,0,33,6,0.0010717587161156415,6.75506540682996e-05,0.001139309370183941,0.0010717587161156415
55,41,4,1,33,5,0.003989208460717576,0.00023362079436762835,0.004222829255085205,0.003989208460717576
55,42,4,2,33,4,0.007198825832842694,0.001583567941019888,0.008782393773862581,0.007198825832842694
55,43,4,3,33,3,0.008447639190475793,0.00520656394360411,0.013654203134079904,0.008447639190475793
55,44,4,4,33,2,0.11452969285670467,0.009176622600811335,0.12370631545751601,0.11452969285670467
55,45,4,5,33,1,0.46685248487539127,0.006975668594746985,0.47382815347013824,0.46685248487539127
55,46,4,6,33,2,0.11456862997493933,0.009174388620354324,0.12374301859529366,0.11456862997493933
55,47,4,7,33,3,0.008527572510197206,0.005194461507686439,0.013722034017883645,0.008527572510197206
55,48,4,8,33,4,0.0072640790901524815,0.0015505209005315804,0.008814599990684062,0.0072640790901524815
55,49,4,9,33,5,0.005114411114682683,0.00021431651487028447,0.005328727629552967,0.005114411114682683
55,50,5,0,33,5,0.0013480867462764905,3.7377727751855426e-05,0.001385464474028346,0.0013480867462764905
55,51,5,1,33,4,0.004062810142049361,0.00040620260061214144,0.004469012742661502,0.004062810142049361
55,52,5,2,33,3,0.002769677846272537,0.0022242584910030427,0.00499393633727558,0.002769677846272537
55,53,5,3,33,2,0.052614872238411305,0.006092885626671828,0.05870775786508313,0.052614872238411305
55,54,5,4,33,1,0.46685248487539643,0.006975668594747151,0.47382815347014356,0.46685248487539643
55,55,5,5,33,0,3.192416120875748,0.15252892471891458,3.3449450455946628,3.192416120875748
55,56,5,6,33,1,0.4668927273849577,0.006976765042468846,0.47386949242742654,0.4668927273849577
55,57,5,7,33,2,0.05268871160875543,0.00608000467352806,0.05876871628228349,0.05268871160875543
55,58,5,8,33,3,0.0028924599333212536,0.002193110740124589,0.005085570673445843,0.0028924599333212536
55,59,5,9,33,4,0.005394113620679359,0.00041673312349123576,0.005810846744170595,0.005394113620679359
55,60,6,0,33,6,0.0010758975723094786,6.654289990442061e-05,0.0011424404722138993,0.0010758975723094786
55,61,6,1,33,5,0.003985337765280235,0.00023437070253888356,0.0042197084678191185,0.003985337765280235
55,62,6,2,33,4,0.007181214270888319,0.0015835970900348736,0.008764811360923191,0.007181214270888319
55,63,6,3,33,3,0.008478708745010758,0.00520539703336668,0.013684105778377437,0.008478708745010758
55,64,6,4,33,2,0.1145686299748987,0.009174388620352063,0.12374301859525076,0.1145686299748987
55,65,6,5,33,1,0.4668927273848964,0.006976765042468891,0.4738694924273653,0.4668927273848964
55,66,6,6,33,2,0.11460663430777981,0.009172213652914103,0.12377884796069391,0.11460663430777981
55,67,6,7,33,3,0.0085567688432857,0.00519347276523617,0.013750241608521868,0.0085567688432857
55,68,6,8,33,4,0.007248503250991339,0.0015509031670007795,0.008799406417992118,0.007248503250991339
55,69,6,9,33,5,0.00510963112375877,0.0002155032788867245,0.005325134402645494,0.00510963112375877
55,70,7,0,33,7,0.00034792303510175243,8.657254812306313e-05,0.0004344955832248156,0.00034792303510175243
55,71,7,1,33,6,0.002478714667848679,1.8333805724253317e-05,0.0024970484735729326,0.002478714667848679
55,72,7,2,33,5,0.0067112831524930045,0.0005709768738992863,0.007282260026392291,0.0067112831524930045
55,73,7,3,33,4,0.008237083306198347,0.0023137626020707665,0.010550845908269114,0.008237083306198347
55,74,7,4,33,3,0.008527572510273442,0.005194461507691024,0.013722034017964466,0.008527572510273442
55,75,7,5,33,2,0.05268871160868786,0.006080004673527644,0.058768716282215507,0.05268871160868786
55,76,7,6,33,3,0.008556768843223398,0.00519347276523448,0.013750241608457878,0.008556768843223398
55,77,7,7,33,4,0.008153280373432308,0.002305682290142495,0.010458962663574803,0.008153280373432308
55,78,7,8,33,5,0.006645382360607155,0.0005425714339618193,0.007187953794568974,0.006645382360607155
55,79,7,9,33,6,0.002999537606854028,4.911544194533339e-05,0.0030486530487993614,0.002999537606854028
55,80,8,0,33,8,0.00024475715211725295,6.698060796542559e-05,0.0003117377600826785,0.00024475715211725295
55,81,8,1,33,7,0.0007220666699883784,8.150354418426478e-05,0.0008035702141726431,0.0007220666699883784
55,82,8,2,33,6,0.003266166786437292,3.693167172401687e-05,0.0033030984581613088,0.003266166786437292
55,83,8,3,33,5,0.006713360285501008,0.0005456609672559145,0.007259021252756922,0.006713360285501008
55,84,8,4,33,4,0.007264079090076147,0.0015505209005329474,0.008814599990609094,0.007264079090076147
55,85,8,5,33,3,0.0028924599333524288,0.0021931107401227815,0.005085570673475211,0.0028924599333524288
55,86,8,6,33,4,0.007248503251017456,0.0015509031670009746,0.00879940641801843,0.007248503251017456
55,87,8,7,33,5,0.006645382360639797,0.0005425714339613439,0.0071879537946011405,0.006645382360639797
55,88,8,8,33,6,0.0031207097709628454,2.491237602327176e-05,0.003145622146986117,0.0031207097709628454
55,89,8,9,33,7,0.0007023772652659747,0.0001293622490704116,0.0008317395143363863,0.0007023772652659747
55,90,9,0,33,9,0.0004645032598626967,4.1330192415449885e-05,0.0005058334522781466,0.0004645032598626967
55,91,9,1,33,8,0.00022569597252543522,8.334873328079866e-05,0.0003090447058062339,0.00022569597252543522
55,92,9,2,33,7,0.0008591440163313042,0.00012063750307358869,0.000979781519404893,0.0008591440163313042
55,93,9,3,33,6,0.0030464902456507448,4.9464484690782355e-05,0.003095954730341527,0.0030464902456507448
55,94,9,4,33,5,0.005114411114594347,0.00021431651487166265,0.00532872762946601,0.005114411114594347
55,95,9,5,33,4,0.005394113620675914,0.0004167331234895626,0.005810846744165477,0.005394113620675914
55,96,9,6,33,5,0.005109631123742387,0.00021550327888711284,0.0053251344026295,0.005109631123742387
55,97,9,7,33,6,0.0029995376068977877,4.9115441946214914e-05,0.0030486530488440028,0.0029995376068977877
55,98,9,8,33,7,0.0007023772652632256,0.00012936224907014976,0.0008317395143333753,0.0007023772652632256
55,99,9,9,33,8,0.0004926020064843278,0.00011842791181604176,0.0006110299183003696,0.0004926020064843278
55,0,0,0,34,10,0.00022202699616092516,7.216757238953426e-06,0.00022924375339987858,0.00022202699616092516
55,1,0,1,34,9,0.0002708165246269831,3.0318450339709517e-05,0.0003011349749666926,0.0002708165246269831
55,2,0,2,34,8,0.00014784617337241444,6.863388340487997e-05,0.00021648005677729441,0.00014784617337241444
55,3,0,3,34,7,0.0003690142275784973,9.463928087043341e-05,0.0004636535084489307,0.0003690142275784973
55,4,0,4,34,6,0.0010272605637443694,7.779188086223197e-05,0.0011050524446066013,0.0010272605637443694
55,5,0,5,34,5,0.0012788719305316984,4.8337638801823695e-05,0.0013272095693335222,0.0012788719305316984
55,6,0,6,34,6,0.0010308314428282678,7.671929654069723e-05,0.001107550739368965,0.0010308314428282678
55,7,0,7,34,7,0.00035942813691652035,9.283311062768596e-05,0.0004522612475442063,0.00035942813691652035
55,8,0,8,34,8,0.0002089293291995029,6.879395273943905e-05,0.00027772328193894193,0.0002089293291995029
55,9,0,9,34,9,0.0004316334106395464,4.058310465606424e-05,0.00047221651529561067,0.0004316334106395464
55,10,1,0,34,9,0.0002708165244913898,3.0318450339349264e-05,0.000301134974830739,0.0002708165244913898
55,11,1,1,34,8,4.892058497891864e-05,6.0524140950751266e-05,0.00010944472592966991,6.0524140950751266e-05
55,12,1,2,34,7,0.0008062551605673083,8.324790273189257e-05,0.0008895030632992009,0.0008062551605673083
55,13,1,3,34,6,0.002340535893258253,1.9804843817771447e-05,0.002360340737076024,0.002340535893258253
55,14,1,4,34,5,0.003651479768881829,0.00021422773901357887,0.003865707507895408,0.003651479768881829
55,15,1,5,34,4,0.0037165711445235096,0.00038953723389364986,0.004106108378417159,0.0037165711445235096
55,16,1,6,34,5,0.003647253418289657,0.00021507575509648627,0.003862329173386143,0.003647253418289657
55,17,1,7,34,6,0.002308087712454667,1.954668824318647e-05,0.0023276344006978537,0.002308087712454667
55,18,1,8,34,7,0.0007072764236347645,8.959495181918056e-05,0.0007968713754539451,0.0007072764236347645
55,19,1,9,34,8,0.00018327200787735635,8.615771141970123e-05,0.0002694297192970576,0.00018327200787735635
55,20,2,0,34,8,0.000147846173237384,6.863388340032206e-05,0.00021648005663770604,0.000147846173237384
55,21,2,1,34,7,0.000806255160606861,8.324790273011749e-05,0.0008895030633369785,0.000806255160606861
55,22,2,2,34,6,0.0031482992428012143,3.544140182632661e-05,0.003183740644627541,0.0031482992428012143
55,23,2,3,34,5,0.006133883427733101,0.0005482099386673167,0.006682093366400418,0.006133883427733101
55,24,2,4,34,4,0.006445838540892555,0.0015741687335322674,0.008020007274424822,0.006445838540892555
55,25,2,5,34,3,0.00247629792078393,0.002248246982547683,0.004724544903331613,0.00247629792078393
55,26,2,6,34,4,0.006428526539038457,0.0015743414214984487,0.008002867960536906,0.006428526539038457
55,27,2,7,34,5,0.006069884781106638,0.0005447132317067673,0.006614598012813405,0.006069884781106638
55,28,2,8,34,6,0.003031898163861716,2.389925935629023e-05,0.0030557974232180065,0.003031898163861716
55,29,2,9,34,7,0.0008577729603192342,0.00013154700061937505,0.0009893199609386093,0.0008577729603192342
55,30,3,0,34,7,0.0003690142277173346,9.463928086462878e-05,0.0004636535085819634,0.0003690142277173346
55,31,3,1,34,6,0.0023405358933192752,1.9804843817329147e-05,0.002360340737136604,0.0023405358933192752
55,32,3,2,34,5,0.006133883427692514,0.0005482099386684285,0.0066820933663609425,0.006133883427692514
55,33,3,3,34,4,0.007389130151391631,0.00232181208005993,0.009710942231451561,0.007389130151391631
55,34,3,4,34,3,0.007814908949857802,0.00533860405018718,0.013153513000044983,0.007814908949857802
55,35,3,5,34,2,0.04853100210485321,0.006419009426992313,0.054950011531845526,0.04853100210485321
55,36,3,6,34,3,0.007844717265376404,0.005337595487382658,0.013182312752759062,0.007844717265376404
55,37,3,7,34,4,0.007309058056136225,0.0023133946823328264,0.009622452738469052,0.007309058056136225
55,38,3,8,34,5,0.006083190546548436,0.000518037862289892,0.006601228408838328,0.006083190546548436
55,39,3,9,34,6,0.0028655113364419614,6.947664140827218e-05,0.0029349879778502335,0.0028655113364419614
55,40,4,0,34,6,0.001027260563839468,7.779188085806555e-05,0.0011050524446975336,0.001027260563839468
55,41,4,1,34,5,0.0036514797688952843,0.00021422773901563357,0.0038657075079109177,0.0036514797688952843
55,42,4,2,34,4,0.006445838540839947,0.0015741687335307703,0.008020007274370718,0.006445838540839947
55,43,4,3,34,3,0.007814908949886209,0.005338604050185445,0.013153513000071653,0.007814908949886209
55,44,4,4,34,2,0.10522774732284546,0.009814278293682501,0.11504202561652796,0.10522774732284546
55,45,4,5,34,1,0.44167496104073883,0.006582036135414966,0.4482569971761538,0.44167496104073883
55,46,4,6,34,2,0.10526475830695213,0.009812173790914607,0.11507693209786674,0.10526475830695213
55,47,4,7,34,3,0.007887100251952654,0.0053263793148612,0.013213479566813853,0.007887100251952654
55,48,4,8,34,4,0.0065187664613757705,0.0015389952050741621,0.008057761666449934,0.0065187664613757705
55,49,4,9,34,5,0.0047145931736775155,0.00018676546389361949,0.004901358637571135,0.0047145931736775155
55,50,5,0,34,5,0.0012788719306116953,4.833763880128617e-05,0.0013272095694129816,0.0012788719306116953
55,51,5,1,34,4,0.003716571144549788,0.00038953723389144627,0.004106108378441234,0.003716571144549788
55,52,5,2,34,3,0.0024762979207330364,0.00224824698254649,0.0047245449032795265,0.0024762979207330364
55,53,5,3,34,2,0.04853100210486011,0.006419009426989456,0.054950011531849564,0.04853100210486011
55,54,5,4,34,1,0.4416749610407432,0.006582036135414727,0.44825699717615797,0.4416749610407432
55,55,5,5,34,0,3.115351697214726,0.14804233253198062,3.2633940297467063,3.115351697214726
55,56,5,6,34,1,0.4417130761211299,0.00658254050430712,0.44829561662543704,0.4417130761211299
55,57,5,7,34,2,0.04859743972772452,0.0064058887910129,0.05500332851873742,0.04859743972772452
55,58,5,8,34,3,0.0026000247334498133,0.0022145991748263646,0.004814623908276178,0.0026000247334498133
55,59,5,9,34,4,0.004965612378977122,0.0003911888859802084,0.00535680126495733,0.004965612378977122
55,60,6,0,34,6,0.0010308314427560346,7.671929653927818e-05,0.0011075507392953128,0.0010308314427560346
55,61,6,1,34,5,0.003647253418246406,0.0002150757550955116,0.0038623291733419175,0.003647253418246406
55,62,6,2,34,4,0.006428526539031519,0.001574341421496109,0.008002867960527628,0.006428526539031519
55,63,6,3,34,3,0.007844717265379665,0.005337595487382889,0.013182312752762555,0.007844717265379665
55,64,6,4,34,2,0.10526475830691066,0.00981217379091249,0.11507693209782316,0.10526475830691066
55,65,6,5,34,1,0.4417130761210676,0.006582540504306589,0.44829561662537415,0.4417130761210676
55,66,6,6,34,2,0.1053008608980121,0.009810126816461517,0.11511098771447362,0.1053008608980121
55,67,6,7,34,3,0.00791512914735696,0.005325551087263477,0.013240680234620437,0.00791512914735696
55,68,6,8,34,4,0.006503286033537512,0.0015395393700140285,0.00804282540355154,0.006503286033537512
55,69,6,9,34,5,0.004709185125623119,0.0001880946719091088,0.004897279797532228,0.004709185125623119
55,70,7,0,34,7,0.00035942813684429606,9.283311063146713e-05,0.0004522612474757632,0.00035942813684429606
55,71,7,1,34,6,0.0023080877123427845,1.9546688242593442e-05,0.002327634400585378,0.0023080877123427845
55,72,7,2,34,5,0.006069884781087609,0.0005447132317056819,0.006614598012793291,0.006069884781087609
55,73,7,3,34,4,0.007309058056148255,0.0023133946823314044,0.00962245273847966,0.007309058056148255
55,74,7,4,34,3,0.007887100252030429,0.005326379314865567,0.013213479566895996,0.007887100252030429
55,75,7,5,34,2,0.0485974397276562,0.006405888791012632,0.055003328518668834,0.0485974397276562
55,76,7,6,34,3,0.00791512914729328,0.005325551087261913,0.013240680234555192,0.00791512914729328
55,77,7,7,34,4,0.00723160384012828,0.002305432784102982,0.009537036624231263,0.00723160384012828
55,78,7,8,34,5,0.00601828204641959,0.0005152570293041396,0.00653353907572373,0.00601828204641959
55,79,7,9,34,6,0.002819034079411617,6.879033939934191e-05,0.0028878244188109588,0.002819034079411617
55,80,8,0,34,8,0.00020892932927154864,6.879395274652107e-05,0.0002777232820180697,0.00020892932927154864
55,81,8,1,34,7,0.0007072764235493452,8.959495182304911e-05,0.0007968713753723943,0.0007072764235493452
55,82,8,2,34,6,0.003031898163830895,2.3899259356026218e-05,0.003055797423186921,0.003031898163830895
55,83,8,3,34,5,0.006083190546499291,0.0005180378622918528,0.006601228408791144,0.006083190546499291
55,84,8,4,34,4,0.006518766461298779,0.0015389952050753855,0.008057761666374164,0.006518766461298779
55,85,8,5,34,3,0.0026000247334802516,0.00221459917482467,0.004814623908304921,0.0026000247334802516
55,86,8,6,34,4,0.006503286033564181,0.0015395393700142813,0.008042825403578462,0.006503286033564181
55,87,8,7,34,5,0.006018282046452892,0.0005152570293037554,0.006533539075756647,0.006018282046452892
55,88,8,8,34,6,0.0028991907285475355,2.2979914136705912e-05,0.0029221706426842413,0.0028991907285475355
55,89,8,9,34,7,0.0007088894040695621,0.00013975222688809695,0.000848641630957659,0.0007088894040695621
55,90,9,0,34,9,0.000431633410882642,4.058310465966151e-05,0.00047221651554230353,0.000431633410882642
55,91,9,1,34,8,0.0001832720079978234,8.615771142209377e-05,0.00026942971941991715,0.0001832720079978234
55,92,9,2,34,7,0.0008577729603487575,0.0001315470006224499,0.0009893199609712073,0.0008577729603487575
55,93,9,3,34,6,0.002865511336458156,6.947664141113213e-05,0.002934987977869288,0.002865511336458156
55,94,9,4,34,5,0.004714593173587887,0.00018676546389482666,0.004901358637482713,0.004714593173587887
55,95,9,5,34,4,0.004965612378973929,0.00039118888597857956,0.005356801264952508,0.004965612378973929
55,96,9,6,34,5,0.004709185125607433,0.00018809467190948444,0.004897279797516917,0.004709185125607433
55,97,9,7,34,6,0.0028190340794565874,6.87903394001402e-05,0.0028878244188567277,0.0028190340794565874
55,98,9,8,34,7,0.0007088894040671405,0.00013975222688784522,0.0008486416309549858,0.0007088894040671405
55,99,9,9,34,8,0.0004238614881422671,0.00012155282868622005,0.0005454143168284872,0.0004238614881422671
55,0,0,0,35,10,0.00021110921576280298,6.042927303452602e-06,0.0002171521430662556,0.00021110921576280298
55,1,0,1,35,9,0.00024551013717238933,2.99024026701569e-05,0.0002754125398425462,0.00024551013717238933
55,2,0,2,35,8,0.0001152831500297282,7.053050737153555e-05,0.00018581365740126375,0.0001152831500297282
55,3,0,3,35,7,0.00037586621100447944,0.00010054878033580307,0.0004764149913402825,0.00037586621100447944
55,4,0,4,35,6,0.0009737471622242355,8.746804117019374e-05,0.0010612152033944292,0.0009737471622242355
55,5,0,5,35,5,0.001200402773077395,5.895652632293899e-05,0.001259359299400334,0.001200402773077395
55,6,0,6,35,6,0.0009767153597419714,8.63368067782722e-05,0.0010630521665202437,0.0009767153597419714
55,7,0,7,35,7,0.00036554636497635135,9.854062677742131e-05,0.00046408699175377264,0.00036554636497635135
55,8,0,8,35,8,0.00017345625850371193,7.024884776537833e-05,0.00024370510626909025,0.00017345625850371193
55,9,0,9,35,9,0.0003955727900417235,3.964683590223616e-05,0.0004352196259439597,0.0003955727900417235
55,10,1,0,35,9,0.00024551013703638354,2.9902402669644647e-05,0.0002754125397060282,0.00024551013703638354
55,11,1,1,35,8,3.718570380373783e-05,6.261925983925042e-05,9.980496364298825e-05,6.261925983925042e-05
55,12,1,2,35,7,0.0007763418450018214,9.109393836537956e-05,0.0008674357833672009,0.0007763418450018214
55,13,1,3,35,6,0.0021536957561351607,3.0570105570097545e-05,0.0021842658617052583,0.0021536957561351607
55,14,1,4,35,5,0.0033018299344105438,0.00019459352141293985,0.003496423455823484,0.0033018299344105438
55,15,1,5,35,4,0.003362993993511305,0.0003718970829918777,0.0037348910765031824,0.003362993993511305
55,16,1,6,35,5,0.00329729269840422,0.00019553444057424855,0.003492827138978469,0.00329729269840422
55,17,1,7,35,6,0.0021221402416600776,3.0116793680176378e-05,0.002152257035340254,0.0021221402416600776
55,18,1,8,35,7,0.0006841720418386771,9.711063770356289e-05,0.00078128267954224,0.0006841720418386771
55,19,1,9,35,8,0.00014276892102383878,8.851415509365074e-05,0.00023128307611748952,0.00014276892102383878
55,20,2,0,35,8,0.00011528314990183393,7.053050736696703e-05,0.00018581365726880097,0.00011528314990183393
55,21,2,1,35,7,0.0007763418450414456,9.109393836366874e-05,0.0008674357834051144,0.0007763418450414456
55,22,2,2,35,6,0.0028813254702415663,2.3407212359817104e-05,0.0029047326826013836,0.0028813254702415663
55,23,2,3,35,5,0.005479037371806543,0.0005203698120569496,0.005999407183863492,0.005479037371806543
55,24,2,4,35,4,0.005720582897790687,0.0015592532936948525,0.00727983619148554,0.005720582897790687
55,25,2,5,35,3,0.0022248342581514305,0.0022632573673438674,0.0044880916254952975,0.0022632573673438674
55,26,2,6,35,4,0.005703755385125088,0.001559567890323295,0.007263323275448383,0.005703755385125088
55,27,2,7,35,5,0.005419049324951741,0.0005171309495229327,0.005936180274474674,0.005419049324951741
55,28,2,8,35,6,0.0027784182759097668,2.373332545473768e-05,0.0028021516013645043,0.0027784182759097668
55,29,2,9,35,7,0.000845385383384402,0.00014164512484217214,0.0009870305082265742,0.000845385383384402
55,30,3,0,35,7,0.00037586621114287465,0.00010054878033007275,0.0004764149914729474,0.00037586621114287465
55,31,3,1,35,6,0.0021536957561961237,3.0570105569356175e-05,0.00218426586176548,0.0021536957561961237
55,32,3,2,35,5,0.005479037371765889,0.0005203698120579319,0.005999407183823821,0.005479037371765889
55,33,3,3,35,4,0.006510745782203199,0.002312870532149556,0.008823616314352755,0.006510745782203199
55,34,3,4,35,3,0.007049755413390514,0.005447451058728409,0.012497206472118924,0.007049755413390514
55,35,3,5,35,2,0.04432600951160227,0.006710226836212493,0.05103623634781476,0.04432600951160227
55,36,3,6,35,3,0.007078003693514769,0.005446604988621507,0.012524608682136278,0.007078003693514769
55,37,3,7,35,4,0.006437883318942823,0.0023045918884063623,0.008742475207349186,0.006437883318942823
55,38,3,8,35,5,0.005442595959813068,0.0004892435287378563,0.005931839488550925,0.005442595959813068
55,39,3,9,35,6,0.002662811407303517,8.951929159623569e-05,0.0027523306988997526,0.002662811407303517
55,40,4,0,35,6,0.0009737471623187231,8.746804116610354e-05,0.0010612152034848265,0.0009737471623187231
55,41,4,1,35,5,0.0033018299344238743,0.00019459352141492123,0.0034964234558387953,0.0033018299344238743
55,42,4,2,35,4,0.005720582897738939,0.001559253293693308,0.007279836191432246,0.005720582897738939
55,43,4,3,35,3,0.007049755413418154,0.005447451058726674,0.012497206472144829,0.007049755413418154
55,44,4,4,35,2,0.09576336992307143,0.010394911403809323,0.10615828132688075,0.09576336992307143
55,45,4,5,35,1,0.4165810239979606,0.006533532798323447,0.42311455679628407,0.4165810239979606
55,46,4,6,35,2,0.09579815346918055,0.010392949101484226,0.10619110257066477,0.09579815346918055
55,47,4,7,35,3,0.007113712583170715,0.005435165887885729,0.012548878471056443,0.007113712583170715
55,48,4,8,35,4,0.0057994847629288,0.001522157466543402,0.007321642229472201,0.0057994847629288
55,49,4,9,35,5,0.004294480370846033,0.00015939681863843917,0.004453877189484473,0.004294480370846033
55,50,5,0,35,5,0.001200402773157357,5.895652632231566e-05,0.0012593592994796727,0.001200402773157357
55,51,5,1,35,4,0.0033629939935381483,0.00037189708298977824,0.0037348910765279265,0.0033629939935381483
55,52,5,2,35,3,0.0022248342581025885,0.0022632573673426267,0.004488091625445215,0.0022632573673426267
55,53,5,3,35,2,0.044326009511608,0.0067102268362097504,0.051036236347817746,0.044326009511608
55,54,5,4,35,1,0.4165810239979642,0.0065335327983228044,0.423114556796287,0.4165810239979642
55,55,5,5,35,0,3.039035827142446,0.14372179937064022,3.182757626513086,3.039035827142446
55,56,5,6,35,1,0.4166167083371998,0.006533476472222628,0.42315018480942246,0.4166167083371998
55,57,5,7,35,2,0.04438471433456375,0.006696938127700813,0.051081652462264565,0.04438471433456375
55,58,5,8,35,3,0.002347177215451701,0.0022273166200609614,0.004574493835512662,0.002347177215451701
55,59,5,9,35,4,0.004521541779773773,0.00036491238663208264,0.004886454166405855,0.004521541779773773
55,60,6,0,35,6,0.000976715359668537,8.633680677698298e-05,0.00106305216644552,0.000976715359668537
55,61,6,1,35,5,0.0032972926983610143,0.0001955344405733022,0.0034928271389343163,0.0032972926983610143
55,62,6,2,35,4,0.005703755385118812,0.0015595678903210905,0.007263323275439903,0.005703755385118812
55,63,6,3,35,3,0.007078003693517382,0.005446604988621773,0.012524608682139154,0.007078003693517382
55,64,6,4,35,2,0.09579815346913836,0.010392949101482269,0.10619110257062063,0.09579815346913836
55,65,6,5,35,1,0.41661670833713654,0.00653347647222158,0.4231501848093581,0.41661670833713654
55,66,6,6,35,2,0.09583206083172562,0.010391042463304648,0.10622310329503026,0.09583206083172562
55,67,6,7,35,3,0.007140294567896276,0.005434501385785962,0.012574795953682237,0.007140294567896276
55,68,6,8,35,4,0.005784265035444633,0.001522860028556415,0.007307125064001048,0.005784265035444633
55,69,6,9,35,5,0.004288498397208803,0.00016085714717061026,0.004449355544379413,0.004288498397208803
55,70,7,0,35,7,0.0003655463649037362,9.854062678112295e-05,0.0004640869916848592,0.0003655463649037362
55,71,7,1,35,6,0.002122140241547429,3.0116793679671946e-05,0.002152257035227101,0.002122140241547429
55,72,7,2,35,5,0.005419049324932715,0.0005171309495219148,0.00593618027445463,0.005419049324932715
55,73,7,3,35,4,0.006437883318954983,0.0023045918884050986,0.008742475207360082,0.006437883318954983
55,74,7,4,35,3,0.007113712583249899,0.005435165887889878,0.012548878471139778,0.007113712583249899
55,75,7,5,35,2,0.044384714334494854,0.006696938127700686,0.05108165246219554,0.044384714334494854
55,76,7,6,35,3,0.0071402945678313194,0.005434501385784511,0.01257479595361583,0.0071402945678313194
55,77,7,7,35,4,0.00636737402300237,0.0022967861902264716,0.008664160213228841,0.00636737402300237
55,78,7,8,35,5,0.005381326869123587,0.00048678246141887176,0.005868109330542459,0.005381326869123587
55,79,7,9,35,6,0.0026172445127400227,8.847154732327485e-05,0.0027057160600632976,0.0026172445127400227
55,80,8,0,35,8,0.00017345625857428666,7.024884777224445e-05,0.00024370510634653112,0.00017345625857428666
55,81,8,1,35,7,0.0006841720417528076,9.711063770736391e-05,0.0007812826794601715,0.0006841720417528076
55,82,8,2,35,6,0.0027784182758785916,2.373332545495134e-05,0.002802151601333543,0.0027784182758785916
55,83,8,3,35,5,0.00544259595976328,0.0004892435287397561,0.005931839488503036,0.00544259595976328
55,84,8,4,35,4,0.005799484762851597,0.0015221574665444813,0.007321642229396078,0.005799484762851597
55,85,8,5,35,3,0.002347177215481088,0.00222731662005937,0.004574493835540459,0.002347177215481088
55,86,8,6,35,4,0.005784265035471665,0.0015228600285567225,0.007307125064028388,0.005784265035471665
55,87,8,7,35,5,0.005381326869157408,0.00048678246141857517,0.005868109330575983,0.005381326869157408
55,88,8,8,35,6,0.002659276578415096,3.4643476322257306e-05,0.0026939200547373534,0.002659276578415096
55,89,8,9,35,7,0.0007057047188997979,0.00014929223029357377,0.0008549969491933717,0.0007057047188997979
55,90,9,0,35,9,0.00039557279028609195,3.964683590594212e-05,0.0004352196261920341,0.00039557279028609195
55,91,9,1,35,8,0.0001427689211375979,8.851415509604542e-05,0.00023128307623364333,0.0001427689211375979
55,92,9,2,35,7,0.00084538538341437,0.00014164512484505105,0.000987030508259421,0.00084538538341437
55,93,9,3,35,6,0.0026628114073197376,8.951929159898341e-05,0.002752330698918721,0.0026628114073197376
55,94,9,4,35,5,0.004294480370755379,0.00015939681863948022,0.004453877189394859,0.004294480370755379
55,95,9,5,35,4,0.004521541779770835,0.00036491238663049884,0.004886454166401334,0.004521541779770835
55,96,9,6,35,5,0.00428849839719385,0.000160857147170972,0.004449355544364822,0.00428849839719385
55,97,9,7,35,6,0.0026172445127861095,8.847154732395432e-05,0.002705716060110064,0.0026172445127861095
55,98,9,8,35,7,0.0007057047188977063,0.00014929223029333134,0.0008549969491910376,0.0007057047188977063
55,99,9,9,35,8,0.0003549709395913072,0.0001240532521600979,0.0004790241917514051,0.0003549709395913072
55,0,0,0,36,10,0.00019831577486058744,4.860365154969382e-06,0.00020317614001555683,0.00019831577486058744
55,1,0,1,36,9,0.00021874028666011815,2.9350477545078942e-05,0.0002480907642051971,0.00021874028666011815
55,2,0,2,36,8,8.564211081443287e-05,7.20696070728866e-05,0.00015771171788731946,8.564211081443287e-05
55,3,0,3,36,7,0.0003771884790491988,0.00010588353440795477,0.00048307201345715355,0.0003771884790491988
55,4,0,4,36,6,0.0009118602110981646,9.653720390187432e-05,0.001008397415000039,0.0009118602110981646
55,5,0,5,36,5,0.001113506466146975,6.910787474462264e-05,0.0011826143408915975,0.001113506466146975
55,6,0,6,36,6,0.0009141994794589915,9.535344480064806e-05,0.0010095529242596395,0.0009141994794589915
55,7,0,7,36,7,0.0003662370459858923,0.00010368398468584331,0.0004699210306717356,0.0003662370459858923
55,8,0,8,36,8,0.00013910380138894702,7.135062595633966e-05,0.00021045442734528668,0.00013910380138894702
55,9,0,9,36,9,0.00035677334110778585,3.8534250436918505e-05,0.00039530759154470435,0.00035677334110778585
55,10,1,0,36,9,0.00021874028652427808,2.9350477544428126e-05,0.0002480907640687062,0.00021874028652427808
55,11,1,1,36,8,3.9783613264042855e-05,6.438884851700756e-05,0.00010417246178105041,6.438884851700756e-05
55,12,1,2,36,7,0.0007377352869726209,9.83708792997802e-05,0.0008361061662724011,0.0007377352869726209
55,13,1,3,36,6,0.0019535955574478923,4.3844183645418265e-05,0.0019974397410933106,0.0019535955574478923
55,14,1,4,36,5,0.0029440081506451436,0.000174846906758143,0.003118855057403287,0.0029440081506451436
55,15,1,5,36,4,0.0030054720486167733,0.0003534393621566242,0.0033589114107733975,0.0030054720486167733
55,16,1,6,36,5,0.0029392148650155677,0.00017587477893942066,0.0031150896439549884,0.0029392148650155677
55,17,1,7,36,6,0.0019232383922214954,4.316111382025661e-05,0.001966399506041752,0.0019232383922214954
55,18,1,8,36,7,0.00065313578570632,0.00010402972110332456,0.0007571655068096446,0.00065313578570632
55,19,1,9,36,8,0.00010601306228942583,9.042140759518218e-05,0.000196434469884608,0.00010601306228942583
55,20,2,0,36,8,8.564211070221202e-05,7.206960706832437e-05,0.0001577117177705364,8.564211070221202e-05
55,21,2,1,36,7,0.0007377352870121987,9.837087929813683e-05,0.0008361061663103356,0.0007377352870121987
55,22,2,2,36,6,0.0025979093409381386,2.4040526774637074e-05,0.002621949867712776,0.0025979093409381386
55,23,2,3,36,5,0.0048212589333857855,0.0004914086503133836,0.005312667583699169,0.0048212589333857855
55,24,2,4,36,4,0.005028287362049494,0.0015392194012655003,0.006567506763314994,0.005028287362049494
55,25,2,5,36,3,0.002014211451206275,0.0022698115573836723,0.004284023008589948,0.0022698115573836723
55,26,2,6,36,4,0.005012139796130865,0.0015396733860035636,0.006551813182134428,0.005012139796130865
55,27,2,7,36,5,0.004765808182080205,0.0004884402630508686,0.005254248445131074,0.004765808182080205
55,28,2,8,36,6,0.0025089623618707005,3.574401791574545e-05,0.002544706379786446,0.0025089623618707005
55,29,2,9,36,7,0.000822197503613828,0.0001509045892392439,0.0009731020928530719,0.000822197503613828
55,30,3,0,36,7,0.0003771884791868386,0.00010588353440231723,0.0004830720135891558,0.0003771884791868386
55,31,3,1,36,6,0.0019535955575086116,4.3844183644605784e-05,0.0019974397411532175,0.0019535955575086116
55,32,3,2,36,5,0.004821258933345256,0.0004914086503142414,0.0053126675836594976,0.004821258933345256
55,33,3,3,36,4,0.005693902790198044,0.0022959895442923642,0.007989892334490408,0.005693902790198044
55,34,3,4,36,3,0.006171359384437289,0.0055341527536488175,0.011705512138086106,0.006171359384437289
55,35,3,5,36,2,0.04003580362895148,0.0069677553050204,0.04700355893397189,0.04003580362895148
55,36,3,6,36,3,0.00619773792015785,0.005533472083231581,0.01173121000338943,0.00619773792015785
55,37,3,7,36,4,0.005628787515224177,0.0022878873978402826,0.00791667491306446,0.005628787515224177
55,38,3,8,36,5,0.004798393918630104,0.0004594906514793955,0.0052578845701094995,0.004798393918630104
55,39,3,9,36,6,0.002440952094398443,0.00010901498141254929,0.0025499670758109927,0.002440952094398443
55,40,4,0,36,6,0.0009118602111917949,9.653720389787447e-05,0.0010083974150896693,0.0009118602111917949
55,41,4,1,36,5,0.0029440081506583045,0.00017484690676004749,0.003118855057418352,0.0029440081506583045
55,42,4,2,36,4,0.005028287361998924,0.001539219401263915,0.006567506763262839,0.005028287361998924
55,43,4,3,36,3,0.006171359384464005,0.005534152753647094,0.0117055121381111,0.006171359384464005
55,44,4,4,36,2,0.08621241150211412,0.01091989716370804,0.09713230866582216,0.08621241150211412
55,45,4,5,36,1,0.39168042128963587,0.006776421806042242,0.39845684309567814,0.39168042128963587
55,46,4,6,36,2,0.08624468693285817,0.010918087575371903,0.09716277450823008,0.08624468693285817
55,47,4,7,36,3,0.006226655612845436,0.005521866966090646,0.011748522578936082,0.006226655612845436
55,48,4,8,36,4,0.005111267053842449,0.0015004086238510866,0.006611675677693536,0.005111267053842449
55,49,4,9,36,5,0.003858633473822249,0.00013242967394650918,0.003991063147768759,0.003858633473822249
55,50,5,0,36,5,0.001113506466226703,6.910787474393107e-05,0.0011826143409706341,0.001113506466226703
55,51,5,1,36,4,0.003005472048644051,0.00035343936215462854,0.0033589114107986794,0.003005472048644051
55,52,5,2,36,3,0.0020142114511598236,0.0022698115573823938,0.004284023008542217,0.0022698115573823938
55,53,5,3,36,2,0.04003580362895605,0.006967755305017787,0.04700355893397384,0.04003580362895605
55,54,5,4,36,1,0.39168042128963876,0.0067764218060412515,0.39845684309568,0.39168042128963876
55,55,5,5,36,0,2.9636087467230063,0.13956253075341402,3.10317127747642,2.9636087467230063
55,56,5,6,36,1,0.39171339541809663,0.006775918211774863,0.3984893136298715,0.39171339541809663
55,57,5,7,36,2,0.04008654436893183,0.006954367610792167,0.047040911979724,0.04008654436893183
55,58,5,8,36,3,0.0021328809231943168,0.0022317901718570065,0.004364671095051323,0.0022317901718570065
55,59,5,9,36,4,0.004066256771408716,0.00033810216978129656,0.004404358941190013,0.004066256771408716
55,60,6,0,36,6,0.0009141994793845005,9.535344479948446e-05,0.001009552924183985,0.0009141994793845005
55,61,6,1,36,5,0.002939214864972614,0.00017587477893850597,0.00311508964391112,0.002939214864972614
55,62,6,2,36,4,0.005012139796125285,0.0015396733860014956,0.006551813182126781,0.005012139796125285
55,63,6,3,36,3,0.00619773792015977,0.005533472083231889,0.011731210003391657,0.00619773792015977
55,64,6,4,36,2,0.0862446869328154,0.010918087575370095,0.09716277450818549,0.0862446869328154
55,65,6,5,36,1,0.3917133954180325,0.006775918211773432,0.39848931362980594,0.3917133954180325
55,66,6,6,36,2,0.08627612625125722,0.010916331446160723,0.09719245769741794,0.08627612625125722
55,67,6,7,36,3,0.00625150124811958,0.005521368178676943,0.011772869426796524,0.00625150124811958
55,68,6,8,36,4,0.005096486213299933,0.0015012651324895635,0.006597751345789497,0.005096486213299933
55,69,6,9,36,5,0.0038521474785956225,0.0001340056016864045,0.003986153080282027,0.0038521474785956225
55,70,7,0,36,7,0.0003662370459130628,0.0001036839846894576,0.0004699210306025204,0.0003662370459130628
55,71,7,1,36,6,0.001923238392108442,4.316111381988135e-05,0.0019663995059283233,0.001923238392108442
55,72,7,2,36,5,0.0047658081820613155,0.0004884402630499192,0.005254248445111235,0.0047658081820613155
55,73,7,3,36,4,0.005628787515236501,0.002287887397839174,0.007916674913075674,0.005628787515236501
55,74,7,4,36,3,0.006226655612925829,0.005521866966094586,0.011748522579020416,0.006226655612925829
55,75,7,5,36,2,0.04008654436886255,0.006954367610792174,0.04704091197965473,0.04008654436886255
55,76,7,6,36,3,0.006251501248053498,0.005521368178675606,0.011772869426729105,0.006251501248053498
55,77,7,7,36,4,0.0055657401718098454,0.0022802732842233625,0.007846013456033208,0.0055657401718098454
55,78,7,8,36,5,0.0047413090013704905,0.00045735784940306,0.005198666850773551,0.0047413090013704905
55,79,7,9,36,6,0.002396739101474234,0.00010760271302581381,0.002504341814500048,0.002396739101474234
55,80,8,0,36,8,0.00013910380145682762,7.135062596297823e-05,0.00021045442741980585,0.00013910380145682762
55,81,8,1,36,7,0.0006531357856202114,0.00010402972110704776,0.0007571655067272591,0.0006531357856202114
55,82,8,2,36,6,0.0025089623618392903,3.57440179161494e-05,0.0025447063797554396,0.0025089623618392903
55,83,8,3,36,5,0.004798393918579978,0.0004594906514812355,0.0052578845700612135,0.004798393918579978
55,84,8,4,36,4,0.005111267053765625,0.0015004086238520288,0.006611675677617654,0.005111267053765625
55,85,8,5,36,3,0.0021328809232223403,0.0022317901718555237,0.0043646710950778645,0.0022317901718555237
55,86,8,6,36,4,0.005096486213327078,0.0015012651324899221,0.006597751345817001,0.005096486213327078
55,87,8,7,36,5,0.004741309001404641,0.00045735784940284963,0.005198666850807491,0.004741309001404641
55,88,8,8,36,6,0.002404020536019086,5.0616650693614345e-05,0.0024546371867127004,0.002404020536019086
55,89,8,9,36,7,0.0006929465358412882,0.00015796065740614632,0.0008509071932474345,0.0006929465358412882
55,90,9,0,36,9,0.00035677334135251045,3.853425044070785e-05,0.0003953075917932183,0.00035677334135251045
55,91,9,1,36,8,0.00010601306238768267,9.042140759756575e-05,0.00019643446998524842,0.00010601306238768267
55,92,9,2,36,7,0.0008221975036442371,0.0001509045892419297,0.0009731020928861669,0.0008221975036442371
55,93,9,3,36,6,0.0024409520944146433,0.00010901498141517871,0.0025499670758298222,0.0024409520944146433
55,94,9,4,36,5,0.003858633473730899,0.0001324296739473872,0.003991063147678286,0.003858633473730899
55,95,9,5,36,4,0.004066256771406026,0.00033810216977975916,0.004404358941185785,0.004066256771406026
55,96,9,6,36,5,0.0038521474785814373,0.0001340056016867473,0.0039861530802681846,0.0038521474785814373
55,97,9,7,36,6,0.002396739101521318,0.00010760271302636654,0.0025043418145476847,0.002396739101521318
55,98,9,8,36,7,0.000692946535839526,0.00015796065740591254,0.0008509071932454386,0.000692946535839526
55,99,9,9,36,8,0.0002873502957442755,0.000125937665870668,0.0004132879616149435,0.0002873502957442755
55,0,0,0,37,10,0.00018376506304130125,3.685794129063656e-06,0.0001874508571703649,0.00018376506304130125
55,1,0,1,37,9,0.0001908724785607339,2.8670845974438676e-05,0.00021954332453517258,0.0001908724785607339
55,2,0,2,37,8,6.191380659979351e-05,7.325536226478706e-05,0.00013516916886458056,7.325536226478706e-05
55,3,0,3,37,7,0.00037301735754218397,0.00011063568024314187,0.0004836530377853258,0.00037301735754218397
55,4,0,4,37,6,0.0008423280962358582,0.00010496842653799118,0.0009472965227738494,0.0008423280962358582
55,5,0,5,37,5,0.0010190939179535719,7.871992319381582e-05,0.0010978138411473876,0.0010190939179535719
55,6,0,6,37,6,0.0008440213812068392,0.00010373831643317983,0.000947759697640019,0.0008440213812068392
55,7,0,7,37,7,0.00036155203298031776,0.00010825631644934928,0.00046980834942966706,0.00036155203298031776
55,8,0,8,37,8,0.00010697431587159663,7.210616299161763e-05,0.00017908047886321425,0.00010697431587159663
55,9,0,9,37,9,0.0003157337795967148,3.725827678930961e-05,0.0003529920563860244,0.0003157337795967148
55,10,1,0,37,9,0.00019087247842584367,2.8670845973661923e-05,0.0002195433243995056,0.00019087247842584367
55,11,1,1,37,8,5.226708241612295e-05,6.58350730909477e-05,0.00011810215550707066,6.58350730909477e-05
55,12,1,2,37,7,0.0006910095692434812,0.00010505992879089836,0.0007960694980343795,0.0006910095692434812
55,13,1,3,37,6,0.0017427094532262797,5.7456449879467114e-05,0.0018001659031057467,0.0017427094532262797
55,14,1,4,37,5,0.0025818477376090736,0.0001551103785098317,0.002736958116118905,0.0025818477376090736
55,15,1,5,37,4,0.0026474692391104454,0.0003343113556591147,0.00298178059476956,0.0026474692391104454
55,16,1,6,37,5,0.002576864551990521,0.0001562183968426179,0.0027330829488331388,0.002576864551990521
55,17,1,7,37,6,0.0017138548350511063,5.653950389867975e-05,0.001770394338949786,0.0017138548350511063
55,18,1,8,37,7,0.0006146563862568915,0.00011033721372461193,0.0007249935999815034,0.0006146563862568915
55,19,1,9,37,8,7.675797409100715e-05,9.188498667590899e-05,0.00016864296076691615,9.188498667590899e-05
55,20,2,0,37,8,6.191380652464151e-05,7.325536226024633e-05,0.00013516916878488785,7.325536226024633e-05
55,21,2,1,37,7,0.0006910095692828937,0.00010505992878932504,0.0007960694980722188,0.0006910095692828937
55,22,2,2,37,6,0.002301618402704507,3.5865634672953545e-05,0.0023374840373774604,0.002301618402704507
55,23,2,3,37,5,0.004167768142310584,0.000461526478962291,0.004629294621272875,0.004167768142310584
55,24,2,4,37,4,0.004374153924491362,0.0015144545200549335,0.005888608444546296,0.004374153924491362
55,25,2,5,37,3,0.0018424030611020625,0.0022684246412661385,0.004110827702368201,0.0022684246412661385
55,26,2,6,37,4,0.0043588945144074605,0.001515044543039025,0.005873939057446486,0.0043588945144074605
55,27,2,7,37,5,0.0041173449322893406,0.00045883903141219343,0.004576183963701534,0.0041173449322893406
55,28,2,8,37,6,0.0022268933827291767,5.140284380842713e-05,0.0022782962265376037,0.0022268933827291767
55,29,2,9,37,7,0.0007885909210801325,0.00015930567081566955,0.0009478965918958021,0.0007885909210801325
55,30,3,0,37,7,0.00037301735767877235,0.00011063568023761344,0.0004836530379163858,0.00037301735767877235
55,31,3,1,37,6,0.0017427094532865444,5.745644987864241e-05,0.0018001659031651868,0.0017427094532865444
55,32,3,2,37,5,0.0041677681422704555,0.0004615264789630291,0.004629294621233485,0.0041677681422704555
55,33,3,3,37,4,0.004943693933025256,0.002271696064349304,0.00721538999737456,0.004943693933025256
55,34,3,4,37,3,0.005201478070633494,0.005599768488094178,0.010801246558727672,0.005599768488094178
55,35,3,5,37,2,0.035695777831295884,0.007192895437799457,0.04288867326909534,0.035695777831295884
55,36,3,6,37,3,0.005225644438997467,0.005599254949823871,0.010824899388821339,0.005599254949823871
55,37,3,7,37,4,0.004886764820191619,0.0022638057700950977,0.007150570590286716,0.004886764820191619
55,38,3,8,37,5,0.004157529269850038,0.0004289788728520637,0.004586508142702102,0.004157529269850038
55,39,3,9,37,6,0.002202670306671761,0.00012771566704687637,0.0023303859737186373,0.002202670306671761
55,40,4,0,37,6,0.0008423280963283815,0.00010496842653409362,0.0009472965228624751,0.0008423280963283815
55,41,4,1,37,5,0.002581847737622023,0.00015511037851165572,0.0027369581161336785,0.002581847737622023
55,42,4,2,37,4,0.004374153924442395,0.0015144545200533159,0.00588860844449571,0.004374153924442395
55,43,4,3,37,3,0.005201478070659052,0.00559976848809247,0.010801246558751521,0.00559976848809247
55,44,4,4,37,2,0.07664902755368003,0.011390914471212975,0.088039942024893,0.07664902755368003
55,45,4,5,37,1,0.3670736848727428,0.007230423129881946,0.3743041080026247,0.3670736848727428
55,46,4,6,37,2,0.07667853841338095,0.011389266236924121,0.08806780465030506,0.07667853841338095
55,47,4,7,37,3,0.005247724904178022,0.005587539685916892,0.010835264590094915,0.005587539685916892
55,48,4,8,37,4,0.004459089057096685,0.0014741379488069637,0.005933227005903649,0.004459089057096685
55,49,4,9,37,5,0.0034117463591842602,0.00010613201578646013,0.0035178783749707206,0.0034117463591842602
55,50,5,0,37,5,0.0010190939180328433,7.871992319306956e-05,0.001097813841225913,0.0010190939180328433
55,51,5,1,37,4,0.0026474692391379715,0.0003343113556572218,0.0029817805947951934,0.0026474692391379715
55,52,5,2,37,3,0.0018424030610582798,0.002268424641264831,0.00411082770232311,0.002268424641264831
55,53,5,3,37,2,0.035695777831299305,0.007192895437796967,0.042888673269096275,0.035695777831299305
55,54,5,4,37,1,0.3670736848727449,0.007230423129880705,0.3743041080026256,0.3670736848727449
55,55,5,5,37,0,2.8891924385140486,0.1355596672133063,3.0247521057273548,2.8891924385140486
55,56,5,6,37,1,0.36710369667755144,0.00722961773518947,0.3743333144127409,0.36710369667755144
55,57,5,7,37,2,0.03573842845782606,0.007179475328398696,0.04291790378622475,0.03573842845782606
55,58,5,8,37,3,0.001955309129447243,0.002228538526232647,0.00418384765567989,0.002228538526232647
55,59,5,9,37,4,0.0036042376308220423,0.000310942823509049,0.003915180454331092,0.0036042376308220423
55,60,6,0,37,6,0.000844021381131456,0.00010373831643213729,0.0009477596975635932,0.000844021381131456
55,61,6,1,37,5,0.0025768645519480904,0.00015621839684173733,0.002733082948789828,0.0025768645519480904
55,62,6,2,37,4,0.004358894514402603,0.0015150445430370933,0.005873939057439697,0.004358894514402603
55,63,6,3,37,3,0.0052256444389986445,0.005599254949824215,0.010824899388822858,0.005599254949824215
55,64,6,4,37,2,0.07667853841333781,0.011389266236922461,0.08806780465026028,0.07667853841333781
55,65,6,5,37,1,0.36710369667748666,0.0072296177351877785,0.3743333144126744,0.36710369667748666
55,66,6,6,37,2,0.07670726106961186,0.011387668949366962,0.08809493001897882,0.07670726106961186
55,67,6,7,37,3,0.005270514570517301,0.005587207447995106,0.010857722018512407,0.005587207447995106
55,68,6,8,37,4,0.004444940726427467,0.0014751430763565692,0.005920083802784037,0.004444940726427467
55,69,6,9,37,5,0.003404843502114475,0.00010779947087037348,0.0035126429729848484,0.003404843502114475
55,70,7,0,37,7,0.00036155203290744555,0.00010825631645286875,0.0004698083493603143,0.00036155203290744555
55,71,7,1,37,6,0.0017138548349380975,5.653950389841153e-05,0.001770394338836509,0.0017138548349380975
55,72,7,2,37,5,0.0041173449322707695,0.0004588390314113125,0.004576183963682082,0.0041173449322707695
55,73,7,3,37,4,0.00488676482020414,0.0022638057700941384,0.007150570590298278,0.00488676482020414
55,74,7,4,37,3,0.005247724904259247,0.00558753968592063,0.010835264590179878,0.00558753968592063
55,75,7,5,37,2,0.03573842845775667,0.007179475328398826,0.042917903786155495,0.03573842845775667
55,76,7,6,37,3,0.005270514570450371,0.005587207447993875,0.010857722018444246,0.005587207447993875
55,77,7,7,37,4,0.004831602645680158,0.0022564161962069624,0.0070880188418871205,0.004831602645680158
55,78,7,8,37,5,0.004105147260789937,0.0004271803477795914,0.004532327608569529,0.004105147260789937
55,79,7,9,37,6,0.002160258398386023,0.00012594375744407445,0.0022862021558300973,0.002160258398386023
55,80,8,0,37,8,0.00010697431593430966,7.210616299801877e-05,0.00017908047893232845,0.00010697431593430966
55,81,8,1,37,7,0.0006146563861707597,0.00011033721372824806,0.0007249935998990078,0.0006146563861707597
55,82,8,2,37,6,0.0022268933826976793,5.140284380885002e-05,0.002278296226506529,0.0022268933826976793
55,83,8,3,37,5,0.004157529269800017,0.00042897887285384356,0.0045865081426538605,0.004157529269800017
55,84,8,4,37,4,0.004459089057021048,0.0014741379488077719,0.005933227005828819,0.004459089057021048
55,85,8,5,37,3,0.001955309129473628,0.0022285385262312656,0.004183847655704894,0.0022285385262312656
55,86,8,6,37,4,0.004444940726454379,0.0014751430763569793,0.005920083802811359,0.004444940726454379
55,87,8,7,37,5,0.004105147260824146,0.0004271803477794629,0.004532327608603609,0.004105147260824146
55,88,8,8,37,6,0.0021365908737262327,6.731282173448362e-05,0.0022039036954607165,0.0021365908737262327
55,89,8,9,37,7,0.0006708882303078648,0.00016574301001381702,0.0008366312403216818,0.0006708882303078648
55,90,9,0,37,9,0.000315733779840625,3.72582767931591e-05,0.00035299205663378414,0.000315733779840625
55,91,9,1,37,8,7.675797415233814e-05,9.188498667826924e-05,0.0001686429608306074,9.188498667826924e-05
55,92,9,2,37,7,0.0007885909211109764,0.00015930567081816544,0.0009478965919291418,0.0007885909211109764
55,93,9,3,37,6,0.002202670306687874,0.00012771566704938898,0.002330385973737263,0.002202670306687874
55,94,9,4,37,5,0.0034117463590926504,0.00010613201578717492,0.0035178783748798254,0.0034117463590926504
55,95,9,5,37,4,0.0036042376308195755,0.00031094282350756046,0.003915180454327136,0.0036042376308195755
55,96,9,6,37,5,0.0034048435021011006,0.00010779947087068762,0.003512642972971788,0.0034048435021011006
55,97,9,7,37,6,0.0021602583984339516,0.00012594375744450013,0.002286202155878452,0.0021602583984339516
55,98,9,8,37,7,0.000670888230306429,0.00016574301001359164,0.0008366312403200206,0.000670888230306429
55,99,9,9,37,8,0.0002229507448835487,0.0001272171849424842,0.00035016792982603287,0.0002229507448835487
55,0,0,0,38,10,0.00016760264172724557,2.550727418268492e-06,0.00017015336914551408,0.00016760264172724557
55,1,0,1,38,9,0.0001623185795691163,2.7871805624297265e-05,0.00019019038519341356,0.0001623185795691163
55,2,0,2,38,8,5.033883957291296e-05,7.409357116431074e-05,0.0001244324107372237,7.409357116431074e-05
55,3,0,3,38,7,0.00036347535134650103,0.00011480137987077604,0.0004782767312172771,0.00036347535134650103
55,4,0,4,38,6,0.0007659615133417676,0.0001127390733397211,0.0008787005866814887,0.0007659615133417676
55,5,0,5,38,5,0.0009181626953709017,8.774580841583679e-05,0.0010059085037867385,0.0009181626953709017
55,6,0,6,38,6,0.0007670017974969759,0.00011146886274388943,0.0008784706602408654,0.0007670017974969759
55,7,0,7,38,7,0.00035162758396466143,0.00011225466354542287,0.0004638822475100843,0.00035162758396466143
55,8,0,8,38,8,7.909442792558489e-05,7.252375750835185e-05,0.00015161818543393672,7.909442792558489e-05
55,9,0,9,38,9,0.00027301451502757454,3.5831846901837264e-05,0.0003088463619294118,0.00027301451502757454
55,10,1,0,38,9,0.0001623185794363554,2.787180562340636e-05,0.00019019038505976177,0.0001623185794363554
55,11,1,1,38,8,6.74857337959207e-05,6.696175041517185e-05,0.00013444748421109255,6.74857337959207e-05
55,12,1,2,38,7,0.0006368424678148911,0.00011114786046259092,0.000747990328277482,0.0006368424678148911
55,13,1,3,38,6,0.001523662555805176,7.080750296728188e-05,0.001594470058772458,0.001523662555805176
55,14,1,4,38,5,0.002219452683211563,0.000135503215526589,0.002354955898738152,0.002219452683211563
55,15,1,5,38,4,0.0022926932688588585,0.00031465084279536884,0.0026073441116542273,0.0022926932688588585
55,16,1,6,38,5,0.0022143601150051376,0.00013668346789886803,0.0023510435829040056,0.0022143601150051376
55,17,1,7,38,6,0.0014966117569321512,6.965989255380743e-05,0.0015662716494859587,0.0014966117569321512
55,18,1,8,38,7,0.0005693165085756181,0.00011602333295338226,0.0006853398415290003,0.0005693165085756181
55,19,1,9,38,8,6.273243117125291e-05,9.291243896223571e-05,0.00015564487013348862,9.291243896223571e-05
55,20,2,0,38,8,5.0338839573947573e-05,7.409357115980547e-05,0.00012443241073375306,7.409357115980547e-05
55,21,2,1,38,7,0.0006368424678540161,0.00011114786046108959,0.0007479903283151057,0.0006368424678540161
55,22,2,2,38,6,0.001996241933984108,5.104008991832983e-05,0.002047282023902438,0.001996241933984108
55,23,2,3,38,5,0.0035264818842446425,0.00043091171451889194,0.0039573935987635344,0.0035264818842446425
55,24,2,4,38,4,0.003763857012376544,0.0014853355775664898,0.005249192589943033,0.003763857012376544
55,25,2,5,38,3,0.001706441124148325,0.0022596037211338868,0.003966044845282212,0.0022596037211338868
55,26,2,6,38,4,0.0037497113579764347,0.0014860575228522691,0.005235768880828703,0.0037497113579764347
55,27,2,7,38,5,0.00348154255591576,0.00042851356567277636,0.003910056121588536,0.00348154255591576
55,28,2,8,38,6,0.0019357734820817979,6.76641150763648e-05,0.0020034375971581626,0.0019357734820817979
55,29,2,9,38,7,0.0007450966328907227,0.000166835488875075,0.0009119321217657977,0.0007450966328907227
55,30,3,0,38,7,0.0003634753514817572,0.00011480137986537126,0.00047827673134712845,0.0003634753514817572
55,31,3,1,38,6,0.0015236625558647252,7.08075029664663e-05,0.0015944700588311914,0.0015236625558647252
55,32,3,2,38,5,0.003526481884205342,0.00043091171451951514,0.003957393598724857,0.003526481884205342
55,33,3,3,38,4,0.004265505982889649,0.0022405077220178722,0.006506013704907521,0.004265505982889649
55,34,3,4,38,3,0.004167810749154508,0.0056453636567807206,0.009813174405935227,0.0056453636567807206
55,35,3,5,38,2,0.03134177228213978,0.007387002768188968,0.03872877505032875,0.03134177228213978
55,36,3,6,38,3,0.004189325291043649,0.005645017874235212,0.00983434316527886,0.005645017874235212
55,37,3,7,38,4,0.004217074751158023,0.0022328622196913675,0.00644993697084939,0.004217074751158023
55,38,3,8,38,5,0.0035275714604214685,0.0003978957586098886,0.0039254672190313575,0.0035275714604214685
55,39,3,9,38,6,0.0019508975490249256,0.00014548534807463562,0.0020963828970995612,0.0019508975490249256
55,40,4,0,38,6,0.0007659615134329196,0.00011273907333593607,0.0008787005867688557,0.0007659615134329196
55,41,4,1,38,5,0.0022194526832242617,0.00013550321552832788,0.0023549558987525894,0.0022194526832242617
55,42,4,2,38,4,0.00376385701232977,0.0014853355775648453,0.0052491925898946155,0.00376385701232977
55,43,4,3,38,3,0.004167810749178476,0.005645363656779035,0.009813174405957512,0.005645363656779035
55,44,4,4,38,2,0.06714830763764215,0.011809841308635305,0.07895814894627745,0.06714830763764215
55,45,4,5,38,1,0.34285334277496504,0.00781698238611037,0.35067032516107544,0.34285334277496504
55,46,4,6,38,2,0.06717482544741762,0.011808361419745332,0.07898318686716296,0.06717482544741762
55,47,4,7,38,3,0.004204592945575918,0.005633247072113964,0.009837840017689881,0.005633247072113964
55,48,4,8,38,4,0.003848330865864303,0.0014437229006661265,0.005292053766530429,0.003848330865864303
55,49,4,9,38,5,0.0029588145630345783,8.091406591141576e-05,0.003039728628945994,0.0029588145630345783
55,50,5,0,38,5,0.0009181626954494515,8.774580841504677e-05,0.0010059085038644983,0.0009181626954494515
55,51,5,1,38,4,0.002292693268886364,0.0003146508427935775,0.0026073441116799415,0.002292693268886364
55,52,5,2,38,3,0.0017064411241073834,0.0022596037211325584,0.003966044845239942,0.0022596037211325584
55,53,5,3,38,2,0.031341772282142105,0.007387002768186606,0.03872877505032871,0.031341772282142105
55,54,5,4,38,1,0.3428533427749664,0.00781698238610895,0.3506703251610753,0.3428533427749664
55,55,5,5,38,0,2.81589241861161,0.13170830894983268,2.9476007275614426,2.81589241861161
55,56,5,6,38,1,0.3428801708676524,0.007816007603868809,0.3506961784715212,0.3428801708676524
55,57,5,7,38,2,0.03137632160638501,0.007373614241246461,0.03874993584763147,0.03137632160638501
55,58,5,8,38,3,0.0018118680886592049,0.002218070906568341,0.0040299389952275465,0.002218070906568341
55,59,5,9,38,4,0.003140264773471651,0.0002836060208177697,0.003423870794289421,0.003140264773471651
55,60,6,0,38,6,0.000767001797420898,0.00011146886274296364,0.0008784706601638616,0.000767001797420898
55,61,6,1,38,5,0.0022143601149636153,0.0001366834678980243,0.0023510435828616397,0.0022143601149636153
55,62,6,2,38,4,0.0037497113579723113,0.0014860575228504715,0.005235768880822783,0.0037497113579723113
55,63,6,3,38,3,0.0041893252910440186,0.005645017874235595,0.009834343165279614,0.005645017874235595
55,64,6,4,38,2,0.06717482544737441,0.011808361419743804,0.07898318686711821,0.06717482544737441
55,65,6,5,38,1,0.34288017086758715,0.007816007603866993,0.3506961784714541,0.34288017086758715
55,66,6,6,38,2,0.0672006107193665,0.011806929688181481,0.07900754040754798,0.0672006107193665
55,67,6,7,38,3,0.004224916864294449,0.005633081132829669,0.009857997997124118,0.005633081132829669
55,68,6,8,38,4,0.0038350292381782347,0.00144487051607433,0.005279899754252564,0.0038350292381782347
55,69,6,9,38,5,0.0029516027496662035,8.262760239870977e-05,0.0030342303520649134,0.0029516027496662035
55,70,7,0,38,7,0.00035162758389191445,0.00011225466354884116,0.0004638822474407556,0.00035162758389191445
55,71,7,1,38,6,0.0014966117568197938,6.965989255362685e-05,0.0015662716493734206,0.0014966117568197938
55,72,7,2,38,5,0.003481542555897768,0.00042851356567196386,0.003910056121569732,0.003481542555897768
55,73,7,3,38,4,0.00421707475117077,0.0022328622196905535,0.0064499369708613235,0.00421707475117077
55,74,7,4,38,3,0.004204592945657109,0.005633247072117506,0.009837840017774616,0.005633247072117506
55,75,7,5,38,2,0.03137632160631585,0.007373614241246714,0.03874993584756256,0.03137632160631585
55,76,7,6,38,3,0.004224916864227304,0.0056330811328285406,0.009857997997055844,0.0056330811328285406
55,77,7,7,38,4,0.004170099850169679,0.0022257276970512716,0.006395827547220951,0.004170099850169679
55,78,7,8,38,5,0.0034803904269449645,0.0003964351087095248,0.003876825535654489,0.0034803904269449645
55,79,7,9,38,6,0.0019107338921790196,0.00014336296739723433,0.002054096859576254,0.0019107338921790196
55,80,8,0,38,8,7.909442797727246e-05,7.252375751450687e-05,0.00015161818549177934,7.909442797727246e-05
55,81,8,1,38,7,0.0005693165084896901,0.00011602333295692316,0.0006853398414466132,0.0005693165084896901
55,82,8,2,38,6,0.0019357734820504126,6.766411507676296e-05,0.0020034375971271757,0.0019357734820504126
55,83,8,3,38,5,0.0035275714603722344,0.00039789575861161016,0.003925467218983844,0.0035275714603722344
55,84,8,4,38,4,0.003848330865791006,0.0014437229006668047,0.00529205376645781,0.003848330865791006
55,85,8,5,38,3,0.0018118680886837493,0.002218070906567058,0.004029938995250807,0.002218070906567058
55,86,8,6,38,4,0.00383502923820442,0.001444870516074792,0.005279899754279212,0.00383502923820442
55,87,8,7,38,5,0.003480390426978813,0.000396435108709475,0.003876825535688288,0.003480390426978813
55,88,8,8,38,6,0.0018603341491090755,8.378167395924211e-05,0.0019441158230683177,0.0018603341491090755
55,89,8,9,38,7,0.0006399381251143972,0.000172631280844566,0.0008125694059589632,0.0006399381251143972
55,90,9,0,38,9,0.00027301451526902875,3.58318469057255e-05,0.00030884636217475426,0.00027301451526902875
55,91,9,1,38,8,6.273243115863056e-05,9.29124389645618e-05,0.00015564487012319236,9.29124389645618e-05
55,92,9,2,38,7,0.0007450966329219889,0.00016683548887738397,0.0009119321217993728,0.0007450966329219889
55,93,9,3,38,6,0.0019508975490408545,0.00014548534807703407,0.0020963828971178886,0.0019508975490408545
55,94,9,4,38,5,0.002958814562943328,8.091406591196061e-05,0.0030397286288552884,0.002958814562943328
55,95,9,5,38,4,0.0031402647734693565,0.0002836060208163308,0.0034238707942856874,0.0031402647734693565
55,96,9,6,38,5,0.002951602749653696,8.262760239897256e-05,0.003034230352052669,0.002951602749653696
55,97,9,7,38,6,0.001910733892227586,0.000143362967397536,0.002054096859625122,0.001910733892227586
55,98,9,8,38,7,0.0006399381251132822,0.0001726312808443485,0.0008125694059576308,0.0006399381251132822
55,99,9,9,38,8,0.00016518769779514628,0.0001279053710628657,0.000293093068858012,0.00016518769779514628
55,0,0,0,39,10,0.00015000328492325018,1.553444424483838e-06,0.00015155672934773402,0.00015000328492325018
55,1,0,1,39,9,0.00013358183413904478,2.696174117421834e-05,0.00016054357531326312,0.00013358183413904478
55,2,0,2,39,8,5.5821224943755286e-05,7.459153753951819e-05,0.00013041276248327348,7.459153753951819e-05
55,3,0,3,39,7,0.0003487631779726894,0.00011838051892579257,0.000467143696898482,0.0003487631779726894
55,4,0,4,39,6,0.0006836577516261387,0.00011983333326334447,0.0008034910848894832,0.0006836577516261387
55,5,0,5,39,5,0.0008118146715518669,9.615295879804489e-05,0.0009079676303499118,0.0008118146715518669
55,6,0,6,39,6,0.0006840492637219862,0.00011852934626294444,0.0008025786099849307,0.0006840492637219862
55,7,0,7,39,7,0.0003366761771246772,0.000115679678004557,0.0004523558551292342,0.0003366761771246772
55,8,0,8,39,8,5.9835250965487025e-05,7.261301369722218e-05,0.0001324482646627092,7.261301369722218e-05
55,9,0,9,39,9,0.0002292792524906041,3.426784477972555e-05,0.00026354709727032964,0.0002292792524906041
55,10,1,0,39,9,0.00013358183401042075,2.696174117322424e-05,0.000160543575183645,0.00013358183401042075
55,11,1,1,39,8,8.233325558082166e-05,6.777423209882424e-05,0.0001501074876796459,8.233325558082166e-05
55,12,1,2,39,7,0.0005760073672925643,0.00011662639294334489,0.0006926337602359092,0.0005760073672925643
55,13,1,3,39,6,0.001299352870537815,8.366854364352298e-05,0.001383021414181338,0.001299352870537815
55,14,1,4,39,5,0.0018616046219106913,0.00011614694096854296,0.0019777515628792344,0.0018616046219106913
55,15,1,5,39,4,0.0019454455835366852,0.00029458655250776583,0.002240032136044451,0.0019454455835366852
55,16,1,6,39,5,0.0018565049562558203,0.00011738986761864437,0.0019738948238744647,0.0018565049562558203
55,17,1,7,39,6,0.0012744062863270576,8.229657063144963e-05,0.0013567028569585072,0.0012744062863270576
55,18,1,8,39,7,0.0005177836567426553,0.00012108298247887253,0.0006388666392215279,0.0005177836567426553
55,19,1,9,39,8,6.972545370610005e-05,9.351319558322409e-05,0.00016323864928932414,9.351319558322409e-05
55,20,2,0,39,8,5.582122502327854e-05,7.459153753506083e-05,0.0001304127625583394,7.459153753506083e-05
55,21,2,1,39,7,0.0005760073673312703,0.00011662639294191728,0.0006926337602731876,0.0005760073673312703
55,22,2,2,39,6,0.0016860148550910741,6.678714398492351e-05,0.0017528019990759977,0.0016860148550910741
55,23,2,3,39,5,0.0029071781838675907,0.0003997420815450944,0.003306920265412685,0.0029071781838675907
55,24,2,4,39,4,0.0032043112320249644,0.0014522287552693836,0.004656539987294348,0.0032043112320249644
55,25,2,5,39,3,0.001602556414445553,0.0022438468601797623,0.0038464032746253155,0.0022438468601797623
55,26,2,6,39,4,0.0031915301324385212,0.0014530778056743479,0.004644607938112869,0.0031915301324385212
55,27,2,7,39,5,0.0028681576823997718,0.00039763954333082833,0.0032657972257306,0.0028681576823997718
55,28,2,8,39,6,0.0016395614595643051,8.368579094143708e-05,0.0017232472505057423,0.0016395614595643051
55,29,2,9,39,7,0.0006923804031405205,0.00017348742522549718,0.0008658678283660177,0.0006923804031405205
55,30,3,0,39,7,0.00034876317810634416,0.00011838051892052388,0.000467143697026868,0.00034876317810634416
55,31,3,1,39,6,0.0012993528705962838,8.366854364272694e-05,0.0013830214142390108,0.0012993528705962838
55,32,3,2,39,5,0.002907178183829849,0.00039974208154560655,0.0033069202653754556,0.002907178183829849
55,33,3,3,39,4,0.003665619925317702,0.0022029321055333393,0.005868552030851041,0.003665619925317702
55,34,3,4,39,3,0.003115102577877595,0.005672004780772427,0.008787107358650022,0.005672004780772427
55,35,3,5,39,2,0.027011949083407122,0.007551467670432064,0.034563416753839185,0.027011949083407122
55,36,3,6,39,3,0.003133212166483995,0.005671826336055258,0.008805038502539253,0.005671826336055258
55,37,3,7,39,4,0.0036258149332368665,0.0021955619049281085,0.0058213768381649746,0.0036258149332368665
55,38,3,8,39,5,0.0029177728382425994,0.0003664179103560675,0.0032841907485986668,0.0029177728382425994
55,39,3,9,39,6,0.0016888432264379454,0.0001622380908145194,0.0018510813172524648,0.0016888432264379454
55,40,4,0,39,6,0.0006836577517156209,0.00011983333325968031,0.0008034910849753012,0.0006836577517156209
55,41,4,1,39,5,0.0018616046219230994,0.00011614694097019098,0.0019777515628932904,0.0018616046219230994
55,42,4,2,39,4,0.003204311231981254,0.0014522287552677197,0.004656539987248974,0.003204311231981254
55,43,4,3,39,3,0.0031151025778989555,0.0056720047807707645,0.00878710735866972,0.0056720047807707645
55,44,4,4,39,2,0.0577911050135215,0.012178686952356953,0.06996979196587845,0.0577911050135215
55,45,4,5,39,1,0.3191052123481954,0.008474502339596287,0.3275797146877917,0.3191052123481954
55,46,4,6,39,2,0.05781443371853256,0.012177380914372942,0.0699918146329055,0.05781443371853256
55,47,4,7,39,3,0.0031417997537322223,0.005660053140471087,0.00880185289420331,0.005660053140471087
55,48,4,8,39,4,0.0032854869816567075,0.0014095289930419013,0.004695015974698609,0.0032854869816567075
55,49,4,9,39,5,0.0025055160610846275,5.7628556706077665e-05,0.002563144617790705,0.0025055160610846275
55,50,5,0,39,5,0.0008118146716293542,9.615295879722024e-05,0.0009079676304265745,0.0008118146716293542
55,51,5,1,39,4,0.0019454455835637469,0.00029458655250607556,0.0022400321360698224,0.0019454455835637469
55,52,5,2,39,3,0.001602556414407474,0.002243846860178422,0.0038464032745858957,0.002243846860178422
55,53,5,3,39,2,0.02701194908340845,0.007551467670429829,0.03456341675383828,0.02701194908340845
55,54,5,4,39,1,0.31910521234819605,0.00847450233959475,0.3275797146877908,0.31910521234819605
55,55,5,5,39,0,2.743799328822691,0.1280035380213447,2.871802866844036,2.743799328822691
55,56,5,6,39,1,0.3191286693892362,0.008473460393272018,0.3276021297825082,0.3191286693892362
55,57,5,7,39,2,0.027038520052537186,0.00753817206344854,0.03457669211598573,0.027038520052537186
55,58,5,8,39,3,0.0016993027600224711,0.0022008861011116555,0.0039001888611341264,0.0022008861011116555
55,59,5,9,39,4,0.002679786820266565,0.00025625183734150146,0.0029360386576080667,0.002679786820266565
55,60,6,0,39,6,0.0006840492636454679,0.00011852934626213103,0.000802578609907599,0.0006840492636454679
55,61,6,1,39,5,0.0018565049562158068,0.00011738986761783935,0.001973894823833646,0.0018565049562158068
55,62,6,2,39,4,0.0031915301324351286,0.0014530778056726847,0.004644607938107813,0.0031915301324351286
55,63,6,3,39,3,0.0031332121664834527,0.005671826336055682,0.008805038502539135,0.005671826336055682
55,64,6,4,39,2,0.057814433718489704,0.012177380914371563,0.06999181463286126,0.057814433718489704
55,65,6,5,39,1,0.3191286693891706,0.008473460393270129,0.32760212978244074,0.3191286693891706
55,66,6,6,39,2,0.057837093199031575,0.012176119995633729,0.0700132131946653,0.057837093199031575
55,67,6,7,39,3,0.003158956317203023,0.005660052233516255,0.008819008550719279,0.005660052233516255
55,68,6,8,39,4,0.0032732757885320235,0.0014108122373067708,0.004684088025838794,0.0032732757885320235
55,69,6,9,39,5,0.0024981323226804845,5.927617975285658e-05,0.002557408502433341,0.0024981323226804845
55,70,7,0,39,7,0.0003366761770522211,0.00011567967800786863,0.0004523558550600897,0.0003366761770522211
55,71,7,1,39,6,0.0012744062862162595,8.22965706313421e-05,0.0013567028568476015,0.0012744062862162595
55,72,7,2,39,5,0.00286815768238278,0.00039763954333008327,0.0032657972257128633,0.00286815768238278
55,73,7,3,39,4,0.0036258149332498435,0.002195561904927435,0.005821376838177279,0.0036258149332498435
55,74,7,4,39,3,0.003141799753810877,0.005660053140474427,0.008801852894285304,0.005660053140474427
55,75,7,5,39,2,0.02703852005246877,0.007538172063448906,0.03457669211591768,0.02703852005246877
55,76,7,6,39,3,0.0031589563171375286,0.005660052233515231,0.00881900855065276,0.005660052233515231
55,77,7,7,39,4,0.003587154512053867,0.0021887104988491672,0.005775865010903034,0.003587154512053867
55,78,7,8,39,5,0.0028762889258507,0.0003652963816276781,0.003241585307478378,0.0028762889258507
55,79,7,9,39,6,0.0016513743935079287,0.00015977730771453327,0.001811151701222462,0.0016513743935079287
55,80,8,0,39,8,5.983525099259759e-05,7.261301370312408e-05,0.00013244826469572166,7.261301370312408e-05
55,81,8,1,39,7,0.0005177836566571792,0.000121082982482311,0.0006388666391394902,0.0005177836566571792
55,82,8,2,39,6,0.0016395614595333297,8.368579094179644e-05,0.0017232472504751261,0.0016395614595333297
55,83,8,3,39,5,0.002917772838195299,0.00036641791035772975,0.003284190748553029,0.002917772838195299
55,84,8,4,39,4,0.003285486981587458,0.0014095289930424546,0.004695015974629913,0.003285486981587458
55,85,8,5,39,3,0.0016993027600450848,0.0022008861011104685,0.0039001888611555533,0.0022008861011104685
55,86,8,6,39,4,0.003273275788556761,0.0014108122373072793,0.00468408802586404,0.003273275788556761
55,87,8,7,39,5,0.0028762889258834887,0.0003652963816277042,0.0032415853075111927,0.0028762889258834887
55,88,8,8,39,6,0.0015789512958560294,9.968391704235144e-05,0.001678635212898381,0.0015789512958560294
55,89,8,9,39,7,0.0006006250800572077,0.0001786234293370502,0.000779248509394258,0.0006006250800572077
55,90,9,0,39,9,0.00022927925272701402,3.426784478363294e-05,0.00026354709751064695,0.00022927925272701402
55,91,9,1,39,8,6.972545362004597e-05,9.35131955855063e-05,0.00016323864920555228,9.35131955855063e-05
55,92,9,2,39,7,0.0006923804031721858,0.0001734874252276227,0.0008658678283998085,0.0006923804031721858
55,93,9,3,39,6,0.0016888432264535356,0.0001622380908168065,0.001851081317270342,0.0016888432264535356
55,94,9,4,39,5,0.0025055160609947042,5.762855670642858e-05,0.0025631446177011327,0.0025055160609947042
55,95,9,5,39,4,0.0026797868202643495,0.00025625183734011325,0.002936038657604463,0.0026797868202643495
55,96,9,6,39,5,0.0024981323226689316,5.927617975301764e-05,0.0025574085024219493,0.0024981323226689316
55,97,9,7,39,6,0.0016513743935568244,0.0001597773077147146,0.001811151701271539,0.0016513743935568244
55,98,9,8,39,7,0.0006006250800564051,0.00017862342933684035,0.0007792485093932454,0.0006006250800564051
55,99,9,9,39,8,0.00012152337571407023,0.0001280180506139232,0.0002495414263279934,0.0001280180506139232
55,0,0,0,40,10,0.00013117741338672132,1.1233884925781066e-06,0.00013230080187929942,0.00013117741338672132
55,1,0,1,40,9,0.00010537824084614768,2.594908925294964e-05,0.00013132733009909732,0.00010537824084614768
55,2,0,2,40,8,7.222576696505506e-05,7.475795817249397e-05,0.00014698372513754902,7.475795817249397e-05
55,3,0,3,40,7,0.0003291521115815387,0.00012137642623887256,0.00045052853782041126,0.0003291521115815387
55,4,0,4,40,6,0.0005964228967566684,0.0001262412774618721,0.0007226641742185405,0.0005964228967566684
55,5,0,5,40,5,0.0007013049280446993,0.00010391855324494297,0.0008052234812896422,0.0007013049280446993
55,6,0,6,40,6,0.0005961832958054816,0.00012490989391879294,0.0007210931897242745,0.0005961832958054816
55,7,0,7,40,7,0.00031697871414612314,0.00011853534371304501,0.00043551405785916816,0.00031697871414612314
55,8,0,8,40,8,5.60111398331758e-05,7.238472590179689e-05,0.0001283958657349727,7.238472590179689e-05
55,9,0,9,40,9,0.00018540535449091503,3.257906435096795e-05,0.00021798441884188298,0.00018540535449091503
55,10,1,0,40,9,0.00010537824072560147,2.594908925186268e-05,0.00013132732997746415,0.00010537824072560147
55,11,1,1,40,8,9.56756561954793e-05,6.827928892218923e-05,0.00016395494511766854,9.56756561954793e-05
55,12,1,2,40,7,0.0005093748600189674,0.00012149170369300996,0.0006308665637119774,0.0005093748600189674
55,13,1,3,40,6,0.0010732624562422451,9.592689972355662e-05,0.0011691893559658017,0.0010732624562422451
55,14,1,4,40,5,0.0015146935116138046,9.717606970079541e-05,0.0016118695813146,0.0015146935116138046
55,15,1,5,40,4,0.0016113577268047532,0.0002742386562069095,0.0018855963830116628,0.0016113577268047532
55,16,1,6,40,5,0.0015097292676840579,9.846923372027747e-05,0.0016081985014043353,0.0015097292676840579
55,17,1,7,40,6,0.0010507307663703883,9.433874258173913e-05,0.0011450695089521275,0.0010507307663703883
55,18,1,8,40,7,0.0004608080568826708,0.00012551532133297006,0.0005863233782156409,0.0004608080568826708
55,19,1,9,40,8,9.001222322708594e-05,9.369842833406163e-05,0.00018371065156114755,9.369842833406163e-05
55,20,2,0,40,8,7.222576708212871e-05,7.475795816809561e-05,0.00014698372525022432,7.475795816809561e-05
55,21,2,1,40,7,0.0005093748600571027,0.00012149170369165709,0.0006308665637487598,0.0005093748600571027
55,22,2,2,40,6,0.0013761870030765213,8.231353558736096e-05,0.0014585005386638823,0.0013761870030765213
55,23,2,3,40,5,0.00232415928061107,0.0003681856807474086,0.0026923449613584787,0.00232415928061107
55,24,2,4,40,4,0.002704841745414795,0.0014154892927537408,0.004120331038168536,0.002704841745414795
55,25,2,5,40,3,0.0015264735021284761,0.002221642128680019,0.0037481156308084955,0.002221642128680019
55,26,2,6,40,4,0.002693711038332794,0.0014164599956672103,0.004110171034000004,0.002693711038332794
55,27,2,7,40,5,0.0022915056996184267,0.00036638306716190887,0.0026578887667803356,0.0022915056996184267
55,28,2,8,40,6,0.0013431127904765718,9.915695126799691e-05,0.0014422697417445687,0.0013431127904765718
55,29,2,9,40,7,0.0006312318734821796,0.00017926061923299527,0.0008104924927151749,0.0006312318734821796
55,30,3,0,40,7,0.00032915211171332965,0.00012137642623375093,0.0004505285379470806,0.00032915211171332965
55,31,3,1,40,6,0.0010732624562990421,9.592689972278646e-05,0.0011691893560218285,0.0010732624562990421
55,32,3,2,40,5,0.0023241592805762685,0.00036818568074781596,0.0026923449613240843,0.0023241592805762685
55,33,3,3,40,4,0.0031517788860284043,0.002159466062718922,0.005311244948747327,0.0031517788860284043
55,34,3,4,40,3,0.002148431320539478,0.005680755094594904,0.007829186415134382,0.005680755094594904
55,35,3,5,40,2,0.022750629001440075,0.0076877003979622625,0.030438329399402338,0.022750629001440075
55,36,3,6,40,3,0.002161239548070623,0.005680742597126191,0.007841982145196814,0.005680742597126191
55,37,3,7,40,4,0.0031204376649092524,0.002152399239621778,0.00527283690453103,0.0031204376649092524
55,38,3,8,40,5,0.002341469826121941,0.0003347123241553226,0.0026761821502772638,0.002341469826121941
55,39,3,9,40,6,0.0014202218824135664,0.00017791578959028818,0.0015981376720038546,0.0014202218824135664
55,40,4,0,40,6,0.0005964228968441084,0.00012624127745833606,0.0007226641743024445,0.0005964228968441084
55,41,4,1,40,5,0.001514693511625864,9.717606970234349e-05,0.0016118695813282075,0.001514693511625864
55,42,4,2,40,4,0.0027048417453754696,0.0014154892927520616,0.004120331038127531,0.0027048417453754696
55,43,4,3,40,3,0.0021484313205551195,0.005680755094593269,0.007829186415148388,0.005680755094593269
55,44,4,4,40,2,0.04867353110618047,0.012499545735434946,0.06117307684161542,0.04867353110618047
55,45,4,5,40,1,0.29590982595414883,0.009160020420842368,0.3050698463749912,0.29590982595414883
55,46,4,6,40,2,0.04869351350679393,0.012498417695032262,0.061191931201826186,0.04869351350679393
55,47,4,7,40,3,0.002163736434732604,0.005669018502321347,0.00783275493705395,0.005669018502321347
55,48,4,8,40,4,0.002779262320862774,0.0013719096761821686,0.004151171997044943,0.002779262320862774
55,49,4,9,40,5,0.0020590902830029223,3.8709405624610036e-05,0.002097799688627532,0.0020590902830029223
55,50,5,0,40,5,0.0007013049281206364,0.00010391855324409178,0.0008052234813647281,0.0007013049281206364
55,51,5,1,40,4,0.001611357726830654,0.00027423865620531844,0.0018855963830359723,0.001611357726830654
55,52,5,2,40,3,0.0015264735020931136,0.002221642128678673,0.0037481156307717866,0.002221642128678673
55,53,5,3,40,2,0.022750629001440596,0.007687700397960159,0.030438329399400756,0.022750629001440596
55,54,5,4,40,1,0.29590982595414883,0.009160020420840768,0.3050698463749896,0.29590982595414883
55,55,5,5,40,0,2.67299036122544,0.12444043827581576,2.797430799501256,2.67299036122544
55,56,5,6,40,1,0.2959297621000568,0.009158984584154092,0.3050887466842109,0.2959297621000568
55,57,5,7,40,2,0.022769520702577508,0.007674556289268508,0.030444076991846016,0.022769520702577508
55,58,5,8,40,3,0.001613904112483234,0.0021774715989560586,0.0037913757114392925,0.0021774715989560586
55,59,5,9,40,4,0.002229716802469927,0.00022903053686993186,0.002458747339339859,0.002229716802469927
55,60,6,0,40,6,0.0005961832957288814,0.0001249098939180878,0.0007210931896469693,0.0005961832957288814
55,61,6,1,40,5,0.0015097292676465963,9.846923371951398e-05,0.0016081985013661102,0.0015097292676465963
55,62,6,2,40,4,0.002693711038330101,0.0014164599956656787,0.004110171033995779,0.002693711038330101
55,63,6,3,40,3,0.0021612395480690486,0.005680742597126653,0.007841982145195702,0.005680742597126653
55,64,6,4,40,2,0.04869351350675213,0.012498417695031011,0.06119193120178314,0.04869351350675213
55,65,6,5,40,1,0.2959297620999912,0.00915898458415219,0.30508874668414343,0.2959297620999912
55,66,6,6,40,2,0.04871289757177071,0.012497331514028084,0.0612102290857988,0.04871289757177071
55,67,6,7,40,3,0.002175951241181015,0.0056691804172735154,0.00784513165845453,0.0056691804172735154
55,68,6,8,40,4,0.0027684279684970442,0.0013733210385337565,0.0041417490070308005,0.0027684279684970442
55,69,6,9,40,5,0.0020517216683751905,3.993196736798815e-05,0.0020916536357431788,0.0020517216683751905
55,70,7,0,40,7,0.00031697871407412404,0.00011853534371624517,0.0004355140577903692,0.00031697871407412404
55,71,7,1,40,6,0.0010507307662626821,9.433874258169315e-05,0.0011450695088443754,0.0010507307662626821
55,72,7,2,40,5,0.0022915056996031806,0.0003663830671612314,0.002657888766764412,0.0022915056996031806
55,73,7,3,40,4,0.003120437664922412,0.0021523992396212392,0.005272836904543651,0.003120437664922412
55,74,7,4,40,3,0.0021637364347994945,0.005669018502324495,0.00783275493712399,0.005669018502324495
55,75,7,5,40,2,0.022769520702510624,0.007674556289268986,0.03044407699177961,0.022769520702510624
55,76,7,6,40,3,0.0021759512411242713,0.005669180417272585,0.007845131658396856,0.005669180417272585
55,77,7,7,40,4,0.003089940966135255,0.002145856577052487,0.005235797543187742,0.003089940966135255
55,78,7,8,40,5,0.0023062270338454587,0.0003339288447899637,0.002640155878635422,0.0023062270338454587
55,79,7,9,40,6,0.0013859011909657843,0.00017513089306380735,0.0015610320840295916,0.0013859011909657843
55,80,8,0,40,8,5.601113982147482e-05,7.238472590743986e-05,0.00012839586572891467,7.238472590743986e-05
55,81,8,1,40,7,0.00046080805679793744,0.00012551532133629986,0.0005863233781342373,0.00046080805679793744
55,82,8,2,40,6,0.0013431127904465086,9.915695126831196e-05,0.0014422697417148206,0.0013431127904465086
55,83,8,3,40,5,0.0023414698260786635,0.0003347123241569256,0.002676182150235589,0.0023414698260786635
55,84,8,4,40,4,0.0027792623208001592,0.001371909676182601,0.004151171996982761,0.0027792623208001592
55,85,8,5,40,3,0.0016139041125039619,0.0021774715989549592,0.003791375711458921,0.0021774715989549592
55,86,8,6,40,4,0.0027684279685192513,0.0013733210385343088,0.00414174900705356,0.0027684279685192513
55,87,8,7,40,5,0.0023062270338759018,0.00033392884479006054,0.0026401558786659624,0.0023062270338759018
55,88,8,8,40,6,0.0012969422249913534,0.00011486105152379803,0.0014118032765151514,0.0012969422249913534
55,89,8,9,40,7,0.0005535862459032669,0.0001837229062505525,0.0007373091521538195,0.0005535862459032669
55,90,9,0,40,9,0.0001854053547175925,3.2579064354876565e-05,0.00021798441907246906,0.0001854053547175925
55,91,9,1,40,8,9.001222310656497e-05,9.369842833629135e-05,0.00018371065144285632,9.369842833629135e-05
55,92,9,2,40,7,0.000631231873514202,0.00017926061923494076,0.0008104924927491428,0.000631231873514202
55,93,9,3,40,6,0.0014202218824285538,0.00017791578959246672,0.0015981376720210206,0.0014202218824285538
55,94,9,4,40,5,0.0020590902829160053,3.8709405624703956e-05,0.0020977996885407093,0.0020590902829160053
55,95,9,5,40,4,0.002229716802467629,0.00022903053686859577,0.0024587473393362248,0.002229716802467629
55,96,9,6,40,5,0.002051721668364744,3.993196736791843e-05,0.0020916536357326624,0.002051721668364744
55,97,9,7,40,6,0.001385901191014506,0.00017513089306387335,0.0015610320840783794,0.001385901191014506
55,98,9,8,40,7,0.0005535862459027654,0.00018372290625035044,0.0007373091521531159,0.0005535862459027654
55,99,9,9,40,8,0.00010616318935335288,0.00012757313493601735,0.00023373632428937022,0.00012757313493601735
55,0,0,0,41,10,0.00011138812956218349,1.71616721436601e-06,0.0001131042967765495,0.00011138812956218349
55,1,0,1,41,9,7.899224836192626e-05,2.4842307710873414e-05,0.00010383455607279967,7.899224836192626e-05
55,2,0,2,41,8,9.195126110810641e-05,7.460281049504899e-05,0.0001665540716031554,9.195126110810641e-05
55,3,0,3,41,7,0.00030497733292709594,0.00012379560577499237,0.0004287729387020883,0.00030497733292709594
55,4,0,4,41,6,0.0005054350060611937,0.000131958181309294,0.0006373931873704877,0.0005054350060611937
55,5,0,5,41,5,0.0005881637572005997,0.00011102724172707775,0.0006991909989276775,0.0005881637572005997
55,6,0,6,41,6,0.0005046001102396675,0.00013060581206301647,0.0006352059223026839,0.0005046001102396675
55,7,0,7,41,7,0.00029287784492764893,0.00012082870993277945,0.0004137065548604284,0.00029287784492764893
55,8,0,8,41,8,6.78076001483734e-05,7.185076508258816e-05,0.00013965836523096155,7.185076508258816e-05
55,9,0,9,41,9,0.0001427956516625324,3.077817667664506e-05,0.00017357382833917747,0.0001427956516625324
55,10,1,0,41,9,7.899224825849368e-05,2.484230770970315e-05,0.00010383455596819684,7.899224825849368e-05
55,11,1,1,41,8,0.00010705225657748971,6.848499544983606e-05,0.0001755372520273258,0.00010705225657748971
55,12,1,2,41,7,0.00043793579004766946,0.00012574401802428699,0.0005636798080719564,0.00043793579004766946
55,13,1,3,41,6,0.0008502777823996855,0.0001075173854624319,0.0009577951678621174,0.0008502777823996855
55,14,1,4,41,5,0.0011890100556168552,7.876193740208838e-05,0.0012677719930189436,0.0011890100556168552
55,15,1,5,41,4,0.00129902348650511,0.0002537193147359519,0.0015527428012410617,0.00129902348650511
55,16,1,6,41,5,0.0011844123780291743,8.008700919735651e-05,0.0012644993872265309,0.0011844123780291743
55,17,1,7,41,6,0.0008305201300184038,0.00010572259521539978,0.0009362427252338036,0.0008305201300184038
55,18,1,8,41,7,0.00039923553582378466,0.00012932338300072538,0.00052855891882451,0.00039923553582378466
55,19,1,9,41,8,0.00011430522828799662,9.348090617027565e-05,0.00020778613445827227,0.00011430522828799662
55,20,2,0,41,8,9.195126123929083e-05,7.460281049071956e-05,0.0001665540717300104,9.195126123929083e-05
55,21,2,1,41,7,0.00043793579008503855,0.00012574401802300971,0.0005636798081080482,0.00043793579008503855
55,22,2,2,41,6,0.0010745527286169594,9.732151192871354e-05,0.001171874240545673,0.0010745527286169594
55,23,2,3,41,5,0.0018026864457235305,0.00033640231389223265,0.002139088759615763,0.0018026864457235305
55,24,2,4,41,4,0.0022787754400110595,0.001375461309383104,0.0036542367493941634,0.0022787754400110595
55,25,2,5,41,3,0.001473812073509965,0.002193466740672712,0.0036672788141826765,0.002193466740672712
55,26,2,6,41,4,0.0022696180210392664,0.0013765476429227284,0.0036461656639619946,0.0022696180210392664
55,27,2,7,41,5,0.0017769361635993192,0.00033490197049937983,0.002111838134098699,0.0017769361635993192
55,28,2,8,41,6,0.0010535114311243318,0.00011393008837826338,0.0011674415195025952,0.0010535114311243318
55,29,2,9,41,7,0.0005625620232367888,0.00018415950478477605,0.0007467215280215648,0.0005625620232367888
55,30,3,0,41,7,0.00030497733305675937,0.00012379560577002703,0.0004287729388267864,0.00030497733305675937
55,31,3,1,41,6,0.0008502777824536652,0.00010751738546169217,0.0009577951679153574,0.0008502777824536652
55,32,3,2,41,5,0.0018026864456945064,0.0003364023138925388,0.002139088759587045,0.0018026864456945064
55,33,3,3,41,4,0.002733307962359078,0.0021105950338043537,0.004843902996163432,0.002733307962359078
55,34,3,4,41,3,0.001594297534157642,0.00567267056471435,0.007266968098871993,0.00567267056471435
55,35,3,5,41,2,0.01861675331805895,0.007797119510084183,0.026413872828143135,0.01861675331805895
55,36,3,6,41,3,0.0015970236835494906,0.00567282172094761,0.007269845404497101,0.00567282172094761
55,37,3,7,41,4,0.0027097918622675118,0.0021038572354090223,0.004813649097676534,0.0027097918622675118
55,38,3,8,41,5,0.001821863903401358,0.0003029381750776432,0.0021248020784790014,0.001821863903401358
55,39,3,9,41,6,0.0011498491979406724,0.0001924786312980345,0.001342327829238707,0.0011498491979406724
55,40,4,0,41,6,0.0005054350061460558,0.00013195818130589177,0.0006373931874519476,0.0005054350061460558
55,41,4,1,41,5,0.001189010055628432,7.876193740352004e-05,0.0012677719930319522,0.001189010055628432
55,42,4,2,41,4,0.0022787754399781228,0.0013754613093814136,0.003654236749359536,0.0022787754399781228
55,43,4,3,41,3,0.001594297534158729,0.005672670564712748,0.007266968098871477,0.005672670564712748
55,44,4,4,41,2,0.039927142239724066,0.012774564059955671,0.05270170629967974,0.039927142239724066
55,45,4,5,41,1,0.27334405857484273,0.009845268948528852,0.28318932752337156,0.27334405857484273
55,46,4,6,41,2,0.03994367186740858,0.012773616910525691,0.052717288777934274,0.03994367186740858
55,47,4,7,41,3,0.001596944934333351,0.005661196399772586,0.0072581413341059366,0.005661196399772586
55,48,4,8,41,4,0.0023421318925190867,0.0013312062379362635,0.0036733381304553505,0.0023421318925190867
55,49,4,9,41,5,0.001630516752283976,3.121753063671699e-05,0.001661734282920693,0.001630516752283976
55,50,5,0,41,5,0.0005881637572741987,0.00011102724172620687,0.0006991909990004055,0.0005881637572741987
55,51,5,1,41,4,0.00129902348652854,0.000253719314734459,0.0015527428012629988,0.00129902348652854
55,52,5,2,41,3,0.0014738120734770217,0.002193466740671365,0.003667278814148387,0.002193466740671365
55,53,5,3,41,2,0.018616753318059006,0.007797119510082211,0.026413872828141217,0.018616753318059006
55,54,5,4,41,1,0.2733440585748421,0.009845268948527205,0.28318932752336934,0.2733440585748421
55,55,5,5,41,0,2.603530537758673,0.12101411319975044,2.7245446509584235,2.603530537758673
55,56,5,6,41,1,0.2733603653017116,0.00984429035297284,0.28320465565468445,0.2733603653017116
55,57,5,7,41,2,0.018628538931963836,0.007784182618837627,0.026412721550801464,0.018628538931963836
55,58,5,8,41,3,0.001551795115695287,0.0021483028166832327,0.0037000979323785197,0.0021483028166832327
55,59,5,9,41,4,0.0018002559439405405,0.00020208520310080255,0.002002341147041343,0.0018002559439405405
55,60,6,0,41,6,0.0005046001101635533,0.00013060581206241544,0.0006352059222259688,0.0005046001101635533
55,61,6,1,41,5,0.0011844123779962946,8.008700919663776e-05,0.0012644993871929323,0.0011844123779962946
55,62,6,2,41,4,0.0022696180210371904,0.0013765476429213263,0.0036461656639585165,0.0022696180210371904
55,63,6,3,41,3,0.0015970236835473404,0.00567282172094811,0.007269845404495451,0.00567282172094811
55,64,6,4,41,2,0.03994367186736906,0.012773616910524569,0.052717288777893626,0.03994367186736906
55,65,6,5,41,1,0.2733603653016462,0.00984429035297096,0.28320465565461717,0.2733603653016462
55,66,6,6,41,2,0.03995968173737892,0.012772708164691908,0.052732389902070825,0.03995968173737892
55,67,6,7,41,3,0.0015996515929748566,0.005661518054120648,0.007261169647095504,0.005661518054120648
55,68,6,8,41,4,0.002333014958886086,0.0013327376321641976,0.003665752591050284,0.002333014958886086
55,69,6,9,41,5,0.0016234557658258832,3.1107444597892856e-05,0.001654563210423776,0.0016234557658258832
55,70,7,0,41,7,0.0002928778448562782,0.0001208287099358644,0.0004137065547921426,0.0002928778448562782
55,71,7,1,41,6,0.0008305201299167759,0.00010572259521540583,0.0009362427251321817,0.0008305201299167759
55,72,7,2,41,5,0.0017769361635872755,0.0003349019704987687,0.0021118381340860443,0.0017769361635872755
55,73,7,3,41,4,0.002709791862280707,0.0021038572354086103,0.004813649097689317,0.002709791862280707
55,74,7,4,41,3,0.00159694493435557,0.005661196399775546,0.007258141334131116,0.005661196399775546
55,75,7,5,41,2,0.018628538931899866,0.007784182618838202,0.026412721550738066,0.018628538931899866
55,76,7,6,41,3,0.0015996515929532912,0.005661518054119814,0.007261169647073105,0.005661518054119814
55,77,7,7,41,4,0.0026868533721909676,0.0020976465219587404,0.0047844998941497085,0.0026868533721909676
55,78,7,8,41,5,0.001793570630030727,0.00030248933843158134,0.0020960599684623086,0.001793570630030727
55,79,7,9,41,6,0.001119166748940215,0.00018938571701294148,0.0013085524659531564,0.001119166748940215
55,80,8,0,41,8,6.78076001082923e-05,7.185076508796749e-05,0.0001396583651962598,7.185076508796749e-05
55,81,8,1,41,7,0.00039923553574017364,0.00012932338300394118,0.0005285589187441148,0.00039923553574017364
55,82,8,2,41,6,0.0010535114310961673,0.00011393008837853115,0.0011674415194746985,0.0010535114310961673
55,83,8,3,41,5,0.001821863903366233,0.0003029381750791867,0.0021248020784454197,0.001821863903366233
55,84,8,4,41,4,0.00234213189246703,0.0013312062379365784,0.003673338130403608,0.00234213189246703
55,85,8,5,41,3,0.00155179511571431,0.0021483028166822253,0.0037000979323965353,0.0021483028166822253
55,86,8,6,41,4,0.0023330149589041375,0.0013327376321647917,0.0036657525910689295,0.0023330149589041375
55,87,8,7,41,5,0.001793570630056233,0.00030248933843174603,0.002096059968487979,0.001793570630056233
55,88,8,8,41,6,0.001020782044356134,0.00012922483538043832,0.0011500068797365723,0.001020782044356134
55,89,8,9,41,7,0.0004995595908532993,0.00018793820716432472,0.000687497798017624,0.0004995595908532993
55,90,9,0,41,9,0.00014279565186951353,3.077817668053856e-05,0.00017357382855005208,0.00014279565186951353
55,91,9,1,41,8,0.00011430522815431286,9.348090617244522e-05,0.00020778613432675808,0.00011430522815431286
55,92,9,2,41,7,0.0005625620232690932,0.00018415950478654504,0.0007467215280556383,0.0005625620232690932
55,93,9,3,41,6,0.001149849197954568,0.00019247863130010694,0.0013423278292546748,0.001149849197954568
55,94,9,4,41,5,0.001630516752203342,3.121753063651142e-05,0.0016617342828398533,0.001630516752203342
55,95,9,5,41,4,0.0018002559439378755,0.00020208520309952075,0.002002341147037396,0.0018002559439378755
55,96,9,6,41,5,0.0016234557658168448,3.1107444597403386e-05,0.0016545632104142483,0.0016234557658168448
55,97,9,7,41,6,0.0011191667489878253,0.00018938571701289687,0.001308552466000722,0.0011191667489878253
55,98,9,8,41,7,0.0004995595908530836,0.00018793820716413035,0.000687497798017214,0.0004995595908530836
55,99,9,9,41,8,0.00012514661390244851,0.00012659044225263154,0.0002517370561550801,0.00012659044225263154
55,0,0,0,42,10,9.099627759022635e-05,2.7018667215540995e-06,9.369814431178046e-05,9.099627759022635e-05
55,1,0,1,42,9,5.737507247666518e-05,2.3649849175266115e-05,8.102492165193129e-05,5.737507247666518e-05
55,2,0,2,42,8,0.00011160004200743749,7.413724044973244e-05,0.00018573728245716993,0.00011160004200743749
55,3,0,3,42,7,0.00027663356048560105,0.00012564747670106908,0.00040228103718667013,0.00027663356048560105
55,4,0,4,42,6,0.0004122131816868807,0.00013698398631420018,0.0005491971680010809,0.0004122131816868807
55,5,0,5,42,5,0.0004745106756817195,0.00011746982283361823,0.0005919804985153377,0.0004745106756817195
55,6,0,6,42,6,0.00041084882912518616,0.0001356170450294666,0.0005464658741546527,0.00041084882912518616
55,7,0,7,42,7,0.0002647737758497333,0.0001225696331339221,0.0003873434089836554,0.0002647737758497333
55,8,0,8,42,8,8.720535471722887e-05,7.102396718489635e-05,0.00015822932190212523,8.720535471722887e-05
55,9,0,9,42,9,0.00010435143413101407,2.8877707314072338e-05,0.00013322914144508642,0.00010435143413101407
55,10,1,0,42,9,5.7375072413244216e-05,2.364984917402149e-05,8.10249215872657e-05,5.7375072413244216e-05
55,11,1,1,42,8,0.00011626935618082956,6.840061495881809e-05,0.00018466997113964764,0.00011626935618082956
55,12,1,2,42,7,0.00036287763993693445,0.000129387241798615,0.0004922648817355494,0.00036287763993693445
55,13,1,3,42,6,0.0006390828064245447,0.0001183989045049999,0.0007574817109295446,0.0006390828064245447
55,14,1,4,42,5,0.000904694848107171,6.117300498973358e-05,0.0009658678530969046,0.000904694848107171
55,15,1,5,42,4,0.0010236984738000714,0.00023313330763023355,0.001256831781430305,0.0010236984738000714
55,16,1,6,42,5,0.0009009096533288295,6.249745789634521e-05,0.0009634071112251747,0.0009009096533288295
55,17,1,7,42,6,0.0006226352218268062,0.00011640812352535832,0.0007390433453521646,0.0006226352218268062
55,18,1,8,42,7,0.000334056484468944,0.00013251372529798165,0.00046657020976692565,0.000334056484468944
55,19,1,9,42,8,0.00013845866222190345,9.28748521405826e-05,0.00023133351436248605,0.00013845866222190345
55,20,2,0,42,8,0.00011160004214393084,7.413724044548064e-05,0.00018573728258941148,0.00011160004214393084
55,21,2,1,42,7,0.00036287763997323885,0.0001293872417974136,0.0004922648817706524,0.00036287763997323885
55,22,2,2,42,6,0.0007960159053301952,0.00011166937655786524,0.0009076852818880605,0.0007960159053301952
55,23,2,3,42,5,0.001393590109575739,0.0003045452552117454,0.0016981353647874844,0.001393590109575739
55,24,2,4,42,4,0.0019447287061379573,0.0013324776472877406,0.003277206353425698,0.0019447287061379573
55,25,2,5,42,3,0.0014404869843048945,0.0021597862759449348,0.0036002732602498293,0.0021597862759449348
55,26,2,6,42,4,0.00193786240734486,0.0013336730862085735,0.0032715354935534333,0.00193786240734486
55,27,2,7,42,5,0.001375402718049083,0.0003033475514659475,0.0016787502695150306,0.001375402718049083
55,28,2,8,42,6,0.00078400925854956,0.0001279227385804697,0.0009119319971300297,0.00078400925854956
55,29,2,9,42,7,0.0004874195484382942,0.00018819337257814313,0.0006756129210164373,0.0004874195484382942
55,30,3,0,42,7,0.00027663356061285657,0.00012564747669626766,0.0004022810373091242,0.00027663356061285657
55,31,3,1,42,6,0.0006390828064730243,0.00011839890450429357,0.0007574817109773179,0.0006390828064730243
55,32,3,2,42,5,0.001393590109558348,0.0003045452552119552,0.0016981353647703033,0.001393590109558348
55,33,3,3,42,4,0.0024198505315529,0.002056792423211487,0.004476642954764387,0.0024198505315529
55,34,3,4,42,3,0.0019456589377659479,0.005648796291459621,0.007594455229225569,0.005648796291459621
55,35,3,5,42,2,0.014704313205663443,0.007881142642210506,0.02258545584787395,0.014704313205663443
55,36,3,6,42,3,0.0019394706507159492,0.005649107975027216,0.007588578625743165,0.005649107975027216
55,37,3,7,42,4,0.0024027953743641995,0.0020504068819220617,0.004453202256286261,0.0024027953743641995
55,38,3,8,42,5,0.0014054100554857433,0.0002712493629866902,0.0016766594184724334,0.0014054100554857433
55,39,3,9,42,6,0.0008853287490204494,0.00020590034255095097,0.0010912290915714004,0.0008853287490204494
55,40,4,0,42,6,0.0004122131817682438,0.00013698398631093662,0.0005491971680791804,0.0004122131817682438
55,41,4,1,42,5,0.0009046948481178517,6.117300499101676e-05,0.0009658678531088685,0.0009046948481178517
55,42,4,2,42,4,0.0019447287061142198,0.001332477647286045,0.0032772063534002647,0.0019447287061142198
55,43,4,3,42,3,0.0019456589377512949,0.005648796291458053,0.007594455229209348,0.005648796291458053
55,44,4,4,42,2,0.0317653975932806,0.013005915930241007,0.04477131352352161,0.0317653975932806
55,45,4,5,42,1,0.25148305274287314,0.010512193798697857,0.26199524654157097,0.25148305274287314
55,46,4,6,42,2,0.03177844658293154,0.01300515140413773,0.04478359798706927,0.03177844658293154
55,47,4,7,42,3,0.00194467911585762,0.005637629123716456,0.007582308239574076,0.005637629123716456
55,48,4,8,42,4,0.0019918889753225877,0.0012877477269560048,0.0032796367022785928,0.0019918889753225877
55,49,4,9,42,5,0.0012403742396330793,4.039518417921443e-05,0.0012807694238122936,0.0012403742396330793
55,50,5,0,42,5,0.0004745106757515177,0.000117469822832734,0.0005919804985842518,0.0004745106757515177
55,51,5,1,42,4,0.0010236984738184916,0.00023313330762883682,0.0012568317814473284,0.0010236984738184916
55,52,5,2,42,3,0.0014404869842739683,0.002159786275943591,0.003600273260217559,0.002159786275943591
55,53,5,3,42,2,0.014704313205663679,0.00788114264220866,0.02258545584787234,0.014704313205663679
55,54,5,4,42,1,0.251483052742872,0.010512193798696199,0.26199524654156825,0.251483052742872
55,55,5,5,42,0,2.5354738637330927,0.11771970184885222,2.6531935655819447,2.5354738637330927
55,56,5,6,42,1,0.25149566742844004,0.010511307942881368,0.2620069753713214,0.25149566742844004
55,57,5,7,42,2,0.014710086735805802,0.007868465733832946,0.022578552469638746,0.014710086735805802
55,58,5,8,42,3,0.001509232677893987,0.0021138424102101305,0.0036230750881041177,0.0021138424102101305
55,59,5,9,42,4,0.0014093077715132138,0.0001755560060453463,0.0015848637775585602,0.0014093077715132138
55,60,6,0,42,6,0.00041084882905059576,0.00013561704502896603,0.0005464658740795618,0.00041084882905059576
55,61,6,1,42,5,0.000900909653304842,6.249745789567822e-05,0.0009634071112005201,0.000900909653304842
55,62,6,2,42,4,0.0019378624073432375,0.0013336730862072977,0.0032715354935505354,0.0019378624073432375
55,63,6,3,42,3,0.0019394706507150671,0.005649107975027745,0.007588578625742812,0.005649107975027745
55,64,6,4,42,2,0.03177844658289653,0.013005151404136737,0.04478359798703327,0.03177844658289653
55,65,6,5,42,1,0.2514956674283752,0.010511307942879529,0.2620069753712547,0.2514956674283752
55,66,6,6,42,2,0.03179106270394997,0.013004421654747543,0.04479548435869751,0.03179106270394997
55,67,6,7,42,3,0.001938807660615769,0.0056381066350913115,0.007576914295707081,0.0056381066350913115
55,68,6,8,42,4,0.0019848657878365388,0.0012893905672606008,0.0032742563550971398,0.0019848657878365388
55,69,6,9,42,5,0.0012341737946999223,3.89573278538943e-05,0.0012731311225538165,0.0012341737946999223
55,70,7,0,42,7,0.0002647737757791769,0.00012256963313688854,0.00038734340891606546,0.0002647737757791769
55,71,7,1,42,6,0.0006226352217380952,0.00011640812352540876,0.000739043345263504,0.0006226352217380952
55,72,7,2,42,5,0.0013754027180430685,0.00030334755146540143,0.00167875026950847,0.0013754027180430685
55,73,7,3,42,4,0.0024027953743771405,0.00205040688192177,0.004453202256298911,0.0024027953743771405
55,74,7,4,42,3,0.0019446791158168196,0.005637629123719232,0.007582308239536052,0.005637629123719232
55,75,7,5,42,2,0.014710086735747419,0.007868465733833617,0.022578552469581036,0.014710086735747419
55,76,7,6,42,3,0.0019388076606461511,0.0056381066350905664,0.007576914295736718,0.0056381066350905664
55,77,7,7,42,4,0.002386119693515714,0.0020445489269615663,0.00443066862047728,0.002386119693515714
55,78,7,8,42,5,0.0013850947132633242,0.0002711293146195684,0.0016562240278828926,0.0013850947132633242
55,79,7,9,42,6,0.0008589160496706992,0.00020251701249782286,0.0010614330621685221,0.0008589160496706992
55,80,8,0,42,8,8.720535466510198e-05,7.102396719000882e-05,0.00015822932185511078,8.720535466510198e-05
55,81,8,1,42,7,0.00033405648438703184,0.00013251372530107897,0.0004665702096881108,0.00033405648438703184
55,82,8,2,42,6,0.0007840092585255755,0.00012792273858068897,0.0009119319971062645,0.0007840092585255755
55,83,8,3,42,5,0.0014054100554670157,0.0002712493629881728,0.0016766594184551885,0.0014054100554670157
55,84,8,4,42,4,0.0019918889752866863,0.0012877477269562071,0.0032796367022428934,0.0019918889752866863
55,85,8,5,42,3,0.0015092326779116028,0.0021138424102092063,0.003623075088120809,0.0021138424102092063
55,86,8,6,42,4,0.001984865787848148,0.0012893905672612365,0.0032742563551093843,0.001984865787848148
55,87,8,7,42,5,0.0013850947132786047,0.000271129314619797,0.0016562240278984017,0.0013850947132786047
55,88,8,8,42,6,0.0007623752059241731,0.00014272111548605107,0.0009050963214102242,0.0007623752059241731
55,89,8,9,42,7,0.00043938675415661904,0.00019128244483707947,0.0006306691989936985,0.00043938675415661904
55,90,9,0,42,9,0.00010435143429346305,2.8877707317935845e-05,0.00013322914161139888,0.00010435143429346305
55,91,9,1,42,8,0.00013845866208283644,9.287485214268543e-05,0.00023133351422552188,0.00013845866208283644
55,92,9,2,42,7,0.0004874195484707423,0.00018819337257973968,0.000675612921050482,0.0004874195484707423
55,93,9,3,42,6,0.0008853287490322411,0.00020590034255292007,0.001091229091585161,0.0008853287490322411
55,94,9,4,42,5,0.0012403742395659342,4.039518417895157e-05,0.0012807694237448857,0.0012403742395659342
55,95,9,5,42,4,0.0014093077715096821,0.00017555600604412123,0.0015848637775538034,0.0014093077715096821
55,96,9,6,42,5,0.001234173794692953,3.8957327853181926e-05,0.001273131122546135,0.001234173794692953
55,97,9,7,42,6,0.0008589160497151643,0.00020251701249767237,0.0010614330622128367,0.0008589160497151643
55,98,9,8,42,7,0.0004393867541566689,0.0001912824448368929,0.0006306691989935618,0.0004393867541566689
55,99,9,9,42,8,0.00016320967347729757,0.00012509152113220987,0.00028830119460950747,0.00016320967347729757
55,0,0,0,43,10,7.058995369463817e-05,3.7572456932180507e-06,7.434719938785621e-05,7.058995369463817e-05
55,1,0,1,43,9,4.731634280681372e-05,2.2380139103038034e-05,6.969648190985175e-05,4.731634280681372e-05
55,2,0,2,43,8,0.00012984651389513538,7.337345080349598e-05,0.00020321996469863134,0.00012984651389513538
55,3,0,3,43,7,0.0002445756921974526,0.0001269441196646047,0.0003715198118620573,0.0002445756921974526
55,4,0,4,43,6,0.0003191040228032394,0.00014132284167046023,0.00046042686447369965,0.0003191040228032394
55,5,0,5,43,5,0.0003639450533206397,0.00012324236895561733,0.000487187422276257,0.0003639450533206397
55,6,0,6,43,6,0.0003173406734134299,0.00013994771523131994,0.0004572883886447498,0.0003173406734134299
55,7,0,7,43,7,0.0002331255251051405,0.00012377052538776993,0.0003568960504929104,0.0002331255251051405
55,8,0,8,43,8,0.00010858965813754937,6.991802357866595e-05,0.00017850768171621533,0.00010858965813754937
55,9,0,9,43,9,7.736474619915512e-05,2.6890025750339403e-05,0.00010425477194949453,7.736474619915512e-05
55,10,1,0,43,9,4.731634282458267e-05,2.238013910172741e-05,6.969648192631009e-05,4.731634282458267e-05
55,11,1,1,43,8,0.00012326442453182402,6.803648500004781e-05,0.00019130090953187184,0.00012326442453182402
55,12,1,2,43,7,0.0002858155332404587,0.0001324286217913876,0.0004182441550318463,0.0002858155332404587
55,13,1,3,43,6,0.0004598186805535667,0.00012854488379434388,0.0005883635643479106,0.0004598186805535667
55,14,1,4,43,5,0.0007049634984743374,4.495207468967484e-05,0.0007499155731640122,0.0007049634984743374
55,15,1,5,43,4,0.0008145556757850482,0.00021257879408711388,0.001027134469872162,0.0008145556757850482
55,16,1,6,43,5,0.0007028630823109848,4.620280906921624e-05,0.000749065891380201,0.0007028630823109848
55,17,1,7,43,6,0.0004478090567066639,0.00012636965061387108,0.000574178707320535,0.0004478090567066639
55,18,1,8,43,7,0.00026655565710021053,0.00013509610113226898,0.0004016517582324795,0.00026655565710021053
55,19,1,9,43,8,0.00016085251654051694,9.189580108005155e-05,0.0002527483176205685,0.00016085251654051694
55,20,2,0,43,8,0.0001298465140333827,7.337345079932956e-05,0.00020321996483271227,0.0001298465140333827
55,21,2,1,43,7,0.0002858155332751308,0.00013242862179026232,0.0004182441550653931,0.0002858155332751308
55,22,2,2,43,6,0.0005767887450207009,0.0001252782018159202,0.0007020669468366211,0.0005767887450207009
55,23,2,3,43,5,0.0011884550059016452,0.00027276382229498154,0.0014612188281966268,0.0011884550059016452
55,24,2,4,43,4,0.0017246445702852045,0.0012868597397301719,0.003011504310015376,0.0017246445702852045
55,25,2,5,43,3,0.0014229981269067288,0.0021210539835380725,0.0035440521104448015,0.0021210539835380725
55,26,2,6,43,4,0.0017202218923950874,0.001288157320519836,0.0030083792129149234,0.0017202218923950874
55,27,2,7,43,5,0.0011777193117489442,0.0002718670747163369,0.001449586386465281,0.0011777193117489442
55,28,2,8,43,6,0.0005663960100864542,0.0001410843921688584,0.0007074804022553125,0.0005663960100864542
55,29,2,9,43,7,0.0004070544631471194,0.00019137594948994183,0.0005984304126370613,0.0004070544631471194
55,30,3,0,43,7,0.00024457569232197153,0.00012694411965997362,0.0003715198119819452,0.00024457569232197153
55,31,3,1,43,6,0.00045981868058920746,0.00012854488379367366,0.0005883635643828811,0.00045981868058920746
55,32,3,2,43,5,0.0011884550059043277,0.0002727638222951,0.0014612188281994277,0.0011884550059043277
55,33,3,3,43,4,0.0022175980850567306,0.001998519017131728,0.004216117102188459,0.0022175980850567306
55,34,3,4,43,3,0.002918663483683467,0.005610163260398761,0.008528826744082228,0.005610163260398761
55,35,3,5,43,2,0.011195839255545504,0.007941178969745315,0.01913701822529082,0.011195839255545504
55,36,3,6,43,3,0.002911588616892578,0.005610631582187061,0.008522220199079639,0.005610631582187061
55,37,3,7,43,4,0.002204748663408703,0.0019925065717554583,0.004197255235164161,0.002204748663408703
55,38,3,8,43,5,0.0011786673832571485,0.00023979847485050318,0.0014184658581076516,0.0011786673832571485
55,39,3,9,43,6,0.0006424552797452245,0.00021816547607030908,0.0008606207558155335,0.0006424552797452245
55,40,4,0,43,6,0.00031910402287915345,0.0001413228416673389,0.00046042686454649234,0.00031910402287915345
55,41,4,1,43,5,0.0007049634984828714,4.4952074690734804e-05,0.0007499155731736062,0.0007049634984828714
55,42,4,2,43,4,0.0017246445702737891,0.0012868597397284753,0.0030115043100022642,0.0017246445702737891
55,43,4,3,43,3,0.0029186634836640577,0.00561016326039723,0.008528826744061288,0.00561016326039723
55,44,4,4,43,2,0.024595787331800897,0.013195784205166455,0.037791571536967355,0.024595787331800897
55,45,4,5,43,1,0.2304025711788158,0.011149508691337462,0.24155207987015326,0.2304025711788158
55,46,4,6,43,2,0.024605486688845248,0.013195202957377009,0.037800689646222255,0.024605486688845248
55,47,4,7,43,3,0.0029236778958660146,0.005599344780625584,0.008523022676491599,0.005599344780625584
55,48,4,8,43,4,0.0017507771268338618,0.0012418509018762213,0.002992628028710083,0.0017507771268338618
55,49,4,9,43,5,0.0009343585596145047,5.782205533941301e-05,0.0009921806149539177,0.0009343585596145047
55,50,5,0,43,5,0.00036394505338345284,0.0001232423689547247,0.00048718742233817754,0.00036394505338345284
55,51,5,1,43,4,0.000814555675793764,0.00021257879408581224,0.001027134469879576,0.000814555675793764
55,52,5,2,43,3,0.001422998126877371,0.002121053983536736,0.003544052110414107,0.002121053983536736
55,53,5,3,43,2,0.011195839255547207,0.007941178969743602,0.01913701822529081,0.011195839255547207
55,54,5,4,43,1,0.23040257117881432,0.011149508691335784,0.24155207987015012,0.23040257117881432
55,55,5,5,43,0,2.468864371101135,0.11455239301010285,2.583416764111238,2.468864371101135
55,56,5,6,43,1,0.23041148301308645,0.011148740256249536,0.241560223269336,0.23041148301308645
55,57,5,7,43,2,0.011197875470970979,0.007928811770605799,0.019126687241576776,0.011197875470970979
55,58,5,8,43,3,0.0014828520668374735,0.002074539667810604,0.0035573917346480776,0.002074539667810604
55,59,5,9,43,4,0.001092779913304376,0.00014958786025635838,0.0012423677735607344,0.001092779913304376
55,60,6,0,43,6,0.00031734067334261923,0.00013994771523091585,0.0004572883885735351,0.00031734067334261923
55,61,6,1,43,5,0.0007028630823042869,4.620280906861913e-05,0.0007490658913729061,0.0007028630823042869
55,62,6,2,43,4,0.001720221892393639,0.001288157320518687,0.003008379212912326,0.001720221892393639
55,63,6,3,43,3,0.002911588616893194,0.005610631582187627,0.008522220199080822,0.005610631582187627
55,64,6,4,43,2,0.024605486688819313,0.013195202957376136,0.03780068964619545,0.024605486688819313
55,65,6,5,43,1,0.23041148301302256,0.01114874025624775,0.2415602232692703,0.23041148301302256
55,66,6,6,43,2,0.02461484994102298,0.013194652712357913,0.03780950265338089,0.02461484994102298
55,67,6,7,43,3,0.0029168850374521327,0.005599973538752259,0.008516858576204392,0.005599973538752259
55,68,6,8,43,4,0.0017461378495400484,0.001243596177644157,0.0029897340271842054,0.0017461378495400484
55,69,6,9,43,5,0.0009302043279118635,5.5857567813200725e-05,0.000986061895725064,0.0009302043279118635
55,70,7,0,43,7,0.00023312552503561892,0.00012377052539061523,0.00035689605042623414,0.00023312552503561892
55,71,7,1,43,6,0.0004478090566486549,0.00012636965061395915,0.0005741787072626141,0.0004478090566486549
55,72,7,2,43,5,0.0011777193117526146,0.0002718670747158564,0.001449586386468471,0.0011777193117526146
55,73,7,3,43,4,0.002204748663420964,0.0019925065717552857,0.0041972552351762496,0.002204748663420964
55,74,7,4,43,3,0.0029236778957981353,0.005599344780628178,0.008523022676426312,0.005599344780628178
55,75,7,5,43,2,0.01119787547092393,0.007928811770606557,0.019126687241530486,0.01119787547092393
55,76,7,6,43,3,0.0029168850375054863,0.005599973538751601,0.008516858576257088,0.005599973538751601
55,77,7,7,43,4,0.002192198291147776,0.001987019820575856,0.004179218111723632,0.002192198291147776
55,78,7,8,43,5,0.0011670025533757464,0.00023999861613966666,0.001407001169515413,0.0011670025533757464
55,79,7,9,43,6,0.0006214605286334529,0.00021451059311581713,0.00083597112174927,0.0006214605286334529
55,80,8,0,43,8,0.00010858965808112674,6.991802358350919e-05,0.00017850768166463593,0.00010858965808112674
55,81,8,1,43,7,0.0002665556570210651,0.00013509610113524403,0.0004016517581563091,0.0002665556570210651
55,82,8,2,43,6,0.0005663960100724918,0.00014108439216902846,0.0007074804022415203,0.0005663960100724918
55,83,8,3,43,5,0.0011786673832667963,0.00023979847485192376,0.00141846585811872,0.0011786673832667963
55,84,8,4,43,4,0.0017507771268207137,0.001241850901876316,0.0029926280286970298,0.0017507771268207137
55,85,8,5,43,3,0.0014828520668540596,0.0020745396678097626,0.003557391734663822,0.0020745396678097626
55,86,8,6,43,4,0.001746137849542572,0.0012435961776448299,0.0029897340271874016,0.001746137849542572
55,87,8,7,43,5,0.0011670025533729068,0.00023999861613995362,0.0014070011695128605,0.0011670025533729068
55,88,8,8,43,6,0.0005499558967521332,0.00015531552061471784,0.0007052714173668511,0.0005499558967521332
55,89,8,9,43,7,0.00037404012542905935,0.00019377293558902085,0.0005678130610180803,0.00037404012542905935
55,90,9,0,43,9,7.736474625562956e-05,2.689002575415934e-05,0.0001042547720097889,7.736474625562956e-05
55,91,9,1,43,8,0.0001608525163991329,9.189580108208191e-05,0.00025274831748121483,0.0001608525163991329
55,92,9,2,43,7,0.0004070544631794408,0.0001913759494913698,0.0005984304126708106,0.0004070544631794408
55,93,9,3,43,6,0.0006424552797525419,0.00021816547607217675,0.0008606207558247187,0.0006424552797525419
55,94,9,4,43,5,0.00093435855957721,5.782205533924572e-05,0.0009921806149164557,0.00093435855957721
55,95,9,5,43,4,0.001092779913299187,0.00014958786025519435,0.0012423677735543814,0.001092779913299187
55,96,9,6,43,5,0.0009302043279084001,5.585756781247913e-05,0.0009860618957208793,0.0009302043279084001
55,97,9,7,43,6,0.0006214605286695242,0.00021451059311556621,0.0008359711217850904,0.0006214605286695242
55,98,9,8,43,7,0.00037404012542934645,0.0001937729355888422,0.0005678130610181887,0.00037404012542934645
55,99,9,9,43,8,0.00020689056941602086,0.00012309947563355004,0.0003299900450495709,0.00020689056941602086
55,0,0,0,44,10,5.1408964525371505e-05,4.81121670751206e-06,5.6220181232883566e-05,5.1408964525371505e-05
55,1,0,1,44,9,5.477952072743333e-05,2.1041558953892134e-05,7.582107968132547e-05,5.477952072743333e-05
55,2,0,2,44,8,0.00014612497837567849,7.232459026462721e-05,0.0002184495686403057,0.00014612497837567849
55,3,0,3,44,7,0.0002093312500770215,0.00012770002862621299,0.0003370312787032345,0.0002093312500770215
55,4,0,4,44,6,0.00023089362831070563,0.0001449826948463212,0.00037587632315702683,0.00023089362831070563
55,5,0,5,44,5,0.000264388378124215,0.00012834557945602792,0.0003927339575802429,0.000264388378124215
55,6,0,6,44,6,0.00022904549599866197,0.0001436057133670563,0.0003726512093657183,0.00022904549599866197
55,7,0,7,44,7,0.0001984651370464379,0.00012444610874396368,0.0003229112457904016,0.0001984651370464379
55,8,0,8,44,8,0.00012961601598155648,6.854737383598924e-05,0.0001981633898175457,0.00012961601598155648
55,9,0,9,44,9,7.51087418983219e-05,2.482735078780196e-05,9.993609268612386e-05,7.51087418983219e-05
55,10,1,0,44,9,5.4779520822750973e-05,2.104155895252335e-05,7.582107977527432e-05,5.4779520822750973e-05
55,11,1,1,44,8,0.00012805238426109972,6.740390403091825e-05,0.00019545628829201796,0.00012805238426109972
55,12,1,2,44,7,0.0002095657527441806,0.0001348784255098138,0.0003444441782539944,0.0002095657527441806
55,13,1,3,44,6,0.00036293844457118384,0.00013793873408315813,0.000500877178654342,0.00036293844457118384
55,14,1,4,44,5,0.0006577942674551256,3.150489495677589e-05,0.0006892991624119015,0.0006577942674551256
55,15,1,5,44,4,0.0007182341476455,0.0001921482938660642,0.0009103824415115642,0.0007182341476455
55,16,1,6,44,5,0.0006582149088968745,3.24770249965619e-05,0.0006906919338934364,0.0006582149088968745
55,17,1,7,44,6,0.00035741973635399095,0.000135591327333518,0.000493011063687509,0.00035741973635399095
55,18,1,8,44,7,0.0001988018170051205,0.0001370831451189466,0.0003358849621240671,0.0001988018170051205
55,19,1,9,44,8,0.00018079825775341483,9.05604585341033e-05,0.00027135871628751815,0.00018079825775341483
55,20,2,0,44,8,0.0001461249785140068,7.232459026055272e-05,0.00021844956877455952,0.0001461249785140068
55,21,2,1,44,7,0.00020956575277581184,0.0001348784255087644,0.00034444417828457624,0.00020956575277581184
55,22,2,2,44,6,0.0004974651647831097,0.00013809992657988406,0.0006355650913629937,0.0004974651647831097
55,23,2,3,44,5,0.0012588638050141008,0.00024120743569972658,0.0015000712407138273,0.0012588638050141008
55,24,2,4,44,4,0.0016336924704145096,0.0012389175091142674,0.002872609979528777,0.0016336924704145096
55,25,2,5,44,3,0.0014185542723407854,0.002077710163902083,0.003496264436242868,0.002077710163902083
55,26,2,6,44,4,0.0016314239300801484,0.0012403098937331712,0.0028717338238133197,0.0016314239300801484
55,27,2,7,44,5,0.0012521029576045488,0.00024060769926530727,0.001492710656869856,0.0012521029576045488
55,28,2,8,44,6,0.00047447518187466406,0.00015338315506466292,0.0006278583369393269,0.00047447518187466406
55,29,2,9,44,7,0.0003231182428327899,0.00019372499118029544,0.0005168432340130853,0.0003231182428327899
55,30,3,0,44,7,0.00020933125019835462,0.00012770002862175716,0.00033703127882011175,0.00020933125019835462
55,31,3,1,44,6,0.00036293844457744396,0.00013793873408252493,0.0005008771786599689,0.00036293844457744396
55,32,3,2,44,5,0.001258863805037767,0.00024120743569975924,0.0015000712407375262,0.001258863805037767
55,33,3,3,44,4,0.0021236719725861814,0.0019362224533207321,0.0040598944259069136,0.0021236719725861814
55,34,3,4,44,3,0.004096921035074508,0.005557785417676569,0.009654706452751077,0.005557785417676569
55,35,3,5,44,2,0.00849702105034112,0.007978622947460563,0.016475643997801683,0.00849702105034112
55,36,3,6,44,3,0.0040918294283615155,0.005558405795351997,0.009650235223713513,0.005558405795351997
55,37,3,7,44,4,0.002112083899321978,0.0019306015767246584,0.004042685476046636,0.002112083899321978
55,38,3,8,44,5,0.0012209896512312777,0.00020874351987811452,0.0014297331711093922,0.0012209896512312777
55,39,3,9,44,6,0.00046297183135161966,0.00022926765807581277,0.0006922394894274325,0.00046297183135161966
55,40,4,0,44,6,0.00023089362837598506,0.0001449826948433445,0.0003758763232193296,0.00023089362837598506
55,41,4,1,44,5,0.0006577942674594878,3.1504894957416025e-05,0.0006892991624169038,0.0006577942674594878
55,42,4,2,44,4,0.0016336924704172088,0.0012389175091125732,0.002872609979529782,0.0016336924704172088
55,43,4,3,44,3,0.00409692103505442,0.005557785417675077,0.009654706452729497,0.005557785417675077
55,44,4,4,44,2,0.01925890129989453,0.013346345848701355,0.03260524714859589,0.01925890129989453
55,45,4,5,44,1,0.2101819520768373,0.011750357622397517,0.2219323096992348,0.2101819520768373
55,46,4,6,44,2,0.019265794844965402,0.013345947534705051,0.032611742379670454,0.019265794844965402
55,47,4,7,44,3,0.004109873115163147,0.005547354382655889,0.009657227497819037,0.005547354382655889
55,48,4,8,44,4,0.0016371726303526354,0.0011938202104991092,0.0028309928408517446,0.0016371726303526354
55,49,4,9,44,5,0.0008033627838159536,7.731133169526408e-05,0.0008806741155112177,0.0008033627838159536
55,50,5,0,44,5,0.00026438837817192656,0.00012834557945513145,0.000392733957627058,0.00026438837817192656
55,51,5,1,44,4,0.0007182341476389072,0.00019214829386485663,0.0009103824415037638,0.0007182341476389072
55,52,5,2,44,3,0.0014185542723125577,0.0020777101639007614,0.003496264436213319,0.0020777101639007614
55,53,5,3,44,2,0.00849702105034668,0.007978622947458975,0.016475643997805656,0.00849702105034668
55,54,5,4,44,1,0.21018195207683563,0.011750357622395853,0.22193230969923147,0.21018195207683563
55,55,5,5,44,0,2.4037370648231695,0.11150743773264138,2.515244502555811,2.4037370648231695
55,56,5,6,44,1,0.21018721014484815,0.011749723742364281,0.22193693388721242,0.21018721014484815
55,57,5,7,44,2,0.008500334058983601,0.007966612071042945,0.016466946130026548,0.008500334058983601
55,58,5,8,44,3,0.0014698048967863755,0.0020308299811356155,0.003500634877921991,0.0020308299811356155
55,59,5,9,44,4,0.0009181755479668886,0.00012434573440630047,0.001042521282373189,0.0009181755479668886
55,60,6,0,44,6,0.00022904549593764567,0.0001436057133667447,0.0003726512093043904,0.00022904549593764567
55,61,6,1,44,5,0.00065821490891455,3.247702499609065e-05,0.0006906919339106407,0.00065821490891455
55,62,6,2,44,4,0.0016314239300785059,0.0012403098937321432,0.002871733823810649,0.0016314239300785059
55,63,6,3,44,3,0.0040918294283632415,0.005558405795352591,0.009650235223715832,0.005558405795352591
55,64,6,4,44,2,0.019265794844957104,0.013345947534704297,0.0326117423796614,0.019265794844957104
55,65,6,5,44,1,0.21018721014478575,0.011749723742362547,0.2219369338871483,0.21018721014478575
55,66,6,6,44,2,0.019272459263884448,0.013345576325673535,0.03261803558955798,0.019272459263884448
55,67,6,7,44,3,0.0041049056263272625,0.005548129120563706,0.009653034746890969,0.005548129120563706
55,68,6,8,44,4,0.0016348450765136077,0.001195658559425692,0.0028305036359392998,0.0016348450765136077
55,69,6,9,44,5,0.0008030297733392341,7.513089062366655e-05,0.0008781606639629007,0.0008030297733392341
55,70,7,0,44,7,0.00019846513697825363,0.00012444610874668603,0.0003229112457249397,0.00019846513697825363
55,71,7,1,44,6,0.00035741973636259166,0.00013559132733363755,0.0004930110636962292,0.00035741973636259166
55,72,7,2,44,5,0.0012521029576175507,0.00024060769926489135,0.001492710656882442,0.0012521029576175507
55,73,7,3,44,4,0.0021120838993331174,0.0019306015767245983,0.004042685476057716,0.0021120838993331174
55,74,7,4,44,3,0.004109873115085143,0.005547354382658307,0.00965722749774345,0.005547354382658307
55,75,7,5,44,2,0.008500334058960307,0.007966612071043789,0.016466946130004094,0.008500334058960307
55,76,7,6,44,3,0.004104905626389279,0.005548129120563132,0.009653034746952411,0.005548129120563132
55,77,7,7,44,4,0.00210087154318869,0.0019255021488114579,0.004026373692000148,0.00210087154318869
55,78,7,8,44,5,0.0012151463959796456,0.00020925184357883074,0.0014243982395584763,0.0012151463959796456
55,79,7,9,44,6,0.00045010175400015686,0.00022536113061534294,0.0006754628846154998,0.00045010175400015686
55,80,8,0,44,8,0.00012961601592403562,6.854737384056215e-05,0.00019816338976459777,0.00012961601592403562
55,81,8,1,44,7,0.00019880181693126864,0.00013708314512179655,0.0003358849620530652,0.00019880181693126864
55,82,8,2,44,6,0.0004744751818807579,0.00015338315506478408,0.000627858336945542,0.0004744751818807579
55,83,8,3,44,5,0.001220989651271237,0.0002087435198794707,0.0014297331711507076,0.001220989651271237
55,84,8,4,44,4,0.001637172630366908,0.0011938202104990973,0.0028309928408660054,0.001637172630366908
55,85,8,5,44,3,0.0014698048968023484,0.002030829981134852,0.0035006348779372002,0.002030829981134852
55,86,8,6,44,4,0.0016348450765052453,0.0011956585594263968,0.0028305036359316423,0.0016348450765052453
55,87,8,7,44,5,0.0012151463959570279,0.00020925184357917223,0.0014243982395362,0.0012151463959570279
55,88,8,8,44,6,0.0004509154421086818,0.0001669868654126997,0.0006179023075213814,0.0004509154421086818
55,89,8,9,44,7,0.00030471487987071327,0.00019543079765581165,0.0005001456775265249,0.00030471487987071327
55,90,9,0,44,9,7.510874179118693e-05,2.482735079156583e-05,9.993609258275276e-05,7.510874179118693e-05
55,91,9,1,44,8,0.00018079825761113007,9.056045853605636e-05,0.00027135871614718645,0.00018079825761113007
55,92,9,2,44,7,0.0003231182428643983,0.00019372499118155886,0.0005168432340459572,0.0003231182428643983
55,93,9,3,44,6,0.00046297183134901286,0.00022926765807758164,0.0006922394894265945,0.00046297183134901286
55,94,9,4,44,5,0.0008033627838326561,7.73113316952096e-05,0.0008806741155278656,0.0008033627838326561
55,95,9,5,44,4,0.0009181755479593995,0.00012434573440520323,0.0010425212823646026,0.0009181755479593995
55,96,9,6,44,5,0.0008030297733410739,7.513089062296413e-05,0.0008781606639640381,0.0008030297733410739
55,97,9,7,44,6,0.00045010175401378344,0.00022536113061499697,0.0006754628846287804,0.00045010175401378344
55,98,9,8,44,7,0.00030471487987119336,0.0001954307976556413,0.0005001456775268347,0.00030471487987119336
55,99,9,9,44,8,0.00025049676912967744,0.00012063879250284868,0.0003711355616325261,0.00025049676912967744
55,0,0,0,45,10,3.681493802209383e-05,5.840839706371368e-06,4.26557777284652e-05,3.681493802209383e-05
55,1,0,1,45,9,7.381334497179701e-05,1.9642435765465676e-05,9.345578073726269e-05,7.381334497179701e-05
55,2,0,2,45,8,0.00016018250812649718,7.100464384257768e-05,0.00023118715196907485,0.00016018250812649718
55,3,0,3,45,7,0.00017154436645987298,0.00012793186828299687,0.00029947623474286985,0.00017154436645987298
55,4,0,4,45,6,0.000160766272426145,0.00014797491510973616,0.00030874118753588116,0.000160766272426145
55,5,0,5,45,5,0.0001966849514389146,0.0001327842594556855,0.0003294692108946001,0.0001966849514389146
55,6,0,6,45,6,0.00015975111615405363,0.00014660232221376022,0.0003063534383678138,0.00015975111615405363
55,7,0,7,45,7,0.00016144716952775314,0.00012461317566053937,0.00028606034518829254,0.00016144716952775314
55,8,0,8,45,8,0.0001493109493739385,6.692710118967637e-05,0.00021623805056361487,0.0001493109493739385
55,9,0,9,45,9,9.839130577165741e-05,2.2701779401473433e-05,0.00012109308517313085,9.839130577165741e-05
55,10,1,0,45,9,7.381334509997454e-05,1.9642435764046062e-05,9.34557808640206e-05,7.381334509997454e-05
55,11,1,1,45,8,0.0001307002539221018,6.651501962589204e-05,0.00019721527354799384,0.0001307002539221018
55,12,1,2,45,7,0.0001412592710104179,0.00013674963630233312,0.000278008907312751,0.0001412592710104179
55,13,1,3,45,6,0.00040733008340149466,0.00014657139541331685,0.0005539014788148115,0.00040733008340149466
55,14,1,4,45,5,0.0007778434242544431,2.4596730121741457e-05,0.0008024401543761845,0.0007778434242544431
55,15,1,5,45,4,0.0007641572840759079,0.00017193005068692912,0.000936087334762837,0.0007641572840759079
55,16,1,6,45,5,0.0007801190979750973,2.4787003943427933e-05,0.0008049061019185252,0.0007801190979750973
55,17,1,7,45,6,0.0004070795969612523,0.000144064698511788,0.0005511442954730403,0.0004070795969612523
55,18,1,8,45,7,0.00013556686998082568,0.00013849007359870746,0.00027405694357953315,0.00013849007359870746
55,19,1,9,45,8,0.0001979923464024473,8.88865614894321e-05,0.0002868789078918794,0.0001979923464024473
55,20,2,0,45,8,0.0001601825082639977,7.100464383860091e-05,0.00023118715210259863,0.0001601825082639977
55,21,2,1,45,7,0.00014125927103437487,0.00013674963630135912,0.000278008907335734,0.00014125927103437487
55,22,2,2,45,6,0.0006068328078060361,0.00015010436795437636,0.0007569371757604125,0.0006068328078060361
55,23,2,3,45,5,0.0015417557695868104,0.00021003259357280665,0.0017517883631596172,0.0015417557695868104
55,24,2,4,45,4,0.0016654185178724874,0.0011889492992967032,0.002854367817169191,0.0016654185178724874
55,25,2,5,45,3,0.0014250407223833543,0.002030181627361883,0.0034552223497452375,0.002030181627361883
55,26,2,6,45,4,0.0016644841108448079,0.0011904288370423917,0.0028549129478871995,0.0016644841108448079
55,27,2,7,45,5,0.00153383794604547,0.00020972318930232575,0.0017435611353477957,0.00153383794604547
55,28,2,8,45,6,0.0005652205392174091,0.0001647995208904616,0.0007300200601078707,0.0005652205392174091
55,29,2,9,45,7,0.00023834424648037204,0.00019526188645133978,0.0004336061329317118,0.00023834424648037204
55,30,3,0,45,7,0.00017154436657726026,0.0001279318682787203,0.00029947623485598055,0.00017154436657726026
55,31,3,1,45,6,0.00040733008337392855,0.00014657139541272257,0.0005539014787866511,0.00040733008337392855
55,32,3,2,45,5,0.0015417557696227708,0.00021003259357275898,0.0017517883631955299,0.0015417557696227708
55,33,3,3,45,4,0.0021230478571964613,0.0018703367492148987,0.0039933846064113595,0.0021230478571964613
55,34,3,4,45,3,0.005339422125822129,0.005492657049023478,0.010832079174845606,0.005492657049023478
55,35,3,5,45,2,0.007380942158654273,0.007994849046399577,0.015375791205053849,0.007994849046399577
55,36,3,6,45,3,0.005337106520617324,0.005493424275564045,0.010830530796181369,0.005493424275564045
55,37,3,7,45,4,0.0021097305488817263,0.0018651235815730115,0.003974854130454738,0.0021097305488817263
55,38,3,8,45,5,0.0014842334847381755,0.00017826044509107095,0.0016624939298292465,0.0014842334847381755
55,39,3,9,45,6,0.0004345414353092079,0.0002392083291397725,0.0006737497644489804,0.0004345414353092079
55,40,4,0,45,6,0.00016076627246468434,0.00014797491510690615,0.0003087411875715905,0.00016076627246468434
55,41,4,1,45,5,0.0007778434242547716,2.4596730121578044e-05,0.0008024401543763496,0.0007778434242547716
55,42,4,2,45,4,0.0016654185178882161,0.0011889492992950151,0.0028543678171832313,0.0016654185178882161
55,43,4,3,45,3,0.005339422125802433,0.005492657049022026,0.010832079174824458,0.005492657049022026
55,44,4,4,45,2,0.017150264978828194,0.013459760085538201,0.030610025064366393,0.017150264978828194
55,45,4,5,45,1,0.19090789142075643,0.012310796121083973,0.2032186875418404,0.19090789142075643
55,46,4,6,45,2,0.017155866687130622,0.013459543434973584,0.030615410122104204,0.017155866687130622
55,47,4,7,45,3,0.005360390054589376,0.00548264924077915,0.010843039295368527,0.00548264924077915
55,48,4,8,45,4,0.0016502033452949236,0.0011439478034620365,0.00279415114875696,0.0016502033452949236
55,49,4,9,45,5,0.0009112448380637387,9.694268076896492e-05,0.0010081875188327036,0.0009112448380637387
55,50,5,0,45,5,0.00019668495145151648,0.00013278425945478916,0.00032946921090630564,0.00019668495145151648
55,51,5,1,45,4,0.0007641572840542467,0.00017193005068581377,0.0009360873347400605,0.0007641572840542467
55,52,5,2,45,3,0.001425040722355874,0.002030181627360577,0.003455222349716451,0.002030181627360577
55,53,5,3,45,2,0.0073809421586661355,0.007994849046398115,0.01537579120506425,0.007994849046398115
55,54,5,4,45,1,0.1909078914207548,0.01231079612108232,0.2032186875418371,0.1909078914207548
55,55,5,5,45,0,2.340118783616223,0.10858016035401355,2.4486989439702365,2.340118783616223
55,56,5,6,45,1,0.19090961618585198,0.01231030855056586,0.20321992473641784,0.19090961618585198
55,57,5,7,45,2,0.007393773762750112,0.007983237932226665,0.015377011694976777,0.007983237932226665
55,58,5,8,45,3,0.0014677828551159615,0.0019831343915522634,0.003450917246668225,0.0019831343915522634
55,59,5,9,45,4,0.0009505379649694898,0.0001000490587953588,0.0010505870237648486,0.0009505379649694898
55,60,6,0,45,6,0.00015975111612118571,0.00014660232221353785,0.00030635343833472354,0.00015975111612118571
55,61,6,1,45,5,0.0007801190980100953,2.4787003943234108e-05,0.0008049061019533294,0.0007801190980100953
55,62,6,2,45,4,0.0016644841108426252,0.0011904288370414814,0.0028549129478841065,0.0016644841108426252
55,63,6,3,45,3,0.005337106520619954,0.005493424275564674,0.010830530796184627,0.005493424275564674
55,64,6,4,45,2,0.01715586668714924,0.013459543434972942,0.030615410122122183,0.01715586668714924
55,65,6,5,45,1,0.19090961618579166,0.012310308550564199,0.20321992473635586,0.19090961618579166
55,66,6,6,45,2,0.01716133681888307,0.013459349890080545,0.030620686708963618,0.01716133681888307
55,67,6,7,45,3,0.005358004158721921,0.0054835641048391155,0.010841568263561037,0.0054835641048391155
55,68,6,8,45,4,0.0016495553722721244,0.0011458695824569458,0.0027954249547290705,0.0016495553722721244
55,69,6,9,45,5,0.0009145061963939414,9.464982539355618e-05,0.0010091560217874976,0.0009145061963939414
55,70,7,0,45,7,0.00016144716946141788,0.0001246131756631372,0.0002860603451245551,0.00016144716946141788
55,71,7,1,45,6,0.0004070795970389925,0.00014406469851193412,0.0005511442955509266,0.0004070795970389925
55,72,7,2,45,5,0.0015338379460634072,0.0002097231893019747,0.001743561135365382,0.0015338379460634072
55,73,7,3,45,4,0.0021097305488914577,0.0018651235815730573,0.003974854130464515,0.0021097305488914577
55,74,7,4,45,3,0.005360390054506454,0.005482649240781396,0.010843039295287848,0.005482649240781396
55,75,7,5,45,2,0.0073937737627671205,0.007983237932227586,0.015377011694994707,0.007983237932227586
55,76,7,6,45,3,0.005358004158788118,0.005483564104838613,0.010841568263626731,0.005483564104838613
55,77,7,7,45,4,0.002097017570621594,0.0018604253141037612,0.003957442884725355,0.002097017570621594
55,78,7,8,45,5,0.0014785519243395123,0.00017906008112990296,0.0016576120054694152,0.0014785519243395123
55,79,7,9,45,6,0.0004318929033804702,0.00023507091462827843,0.0006669638180087486,0.0004318929033804702
55,80,8,0,45,8,0.00014931094931679455,6.692710119397872e-05,0.00021623805051077327,0.00014931094931679455
55,81,8,1,45,7,0.0001355668699202134,0.0001384900736014301,0.00027405694352164347,0.0001384900736014301
55,82,8,2,45,6,0.0005652205392412567,0.0001647995208905338,0.0007300200601317906,0.0005652205392412567
55,83,8,3,45,5,0.001484233484795893,0.00017826044509235733,0.0016624939298882503,0.001484233484795893
55,84,8,4,45,4,0.0016502033453358329,0.0011439478034619248,0.002794151148797758,0.0016502033453358329
55,85,8,5,45,3,0.0014677828551317362,0.0019831343915515747,0.003450917246683311,0.0019831343915515747
55,86,8,6,45,4,0.0016495553722532766,0.001145869582457684,0.002795424954710961,0.0016495553722532766
55,87,8,7,45,5,0.0014785519243049128,0.00017906008113029084,0.0016576120054352037,0.0014785519243049128
55,88,8,8,45,6,0.0005262385497900061,0.00017772367925570148,0.0007039622290457076,0.0005262385497900061
55,89,8,9,45,7,0.00023312934922595715,0.00019628056097371047,0.00042940991019966765,0.00023312934922595715
55,90,9,0,45,9,9.839130556673937e-05,2.2701779405169695e-05,0.00012109308497190905,9.839130556673937e-05
55,91,9,1,45,8,0.00019799234626002564,8.888656149130387e-05,0.0002868789077513295,0.00019799234626002564
55,92,9,2,45,7,0.00023834424650976871,0.00019526188645244282,0.00043360613296221156,0.00023834424650976871
55,93,9,3,45,6,0.0004345414352925133,0.00023920832914144417,0.0006737497644339575,0.0004345414352925133
55,94,9,4,45,5,0.0009112448381308063,9.694268076901731e-05,0.0010081875188998235,0.0009112448381308063
55,95,9,5,45,4,0.0009505379649604582,0.00010004905879434102,0.0010505870237547993,0.0009505379649604582
55,96,9,6,45,5,0.0009145061963999778,9.464982539286837e-05,0.0010091560217928462,0.0009145061963999778
55,97,9,7,45,6,0.0004318929033561949,0.0002350709146278424,0.0006669638179840373,0.0004318929033561949
55,98,9,8,45,7,0.00023312934922654856,0.00019628056097354852,0.0004294099102000971,0.00023312934922654856
55,99,9,9,45,8,0.0002917273641090829,0.00011773517098091984,0.0004094625350900028,0.0002917273641090829
55,0,0,0,46,10,3.436014296595723e-05,6.83528564105958e-06,4.119542860701681e-05,3.436014296595723e-05
55,1,0,1,46,9,9.701441296687565e-05,1.819104053713906e-05,0.00011520545350401472,9.701441296687565e-05
55,2,0,2,46,8,0.00017191996365244954,6.942832495714405e-05,0.0002413482886095936,0.00017191996365244954
55,3,0,3,46,7,0.00013212017562789317,0.00012765823749391812,0.0002597784131218113,0.00013212017562789317
55,4,0,4,46,6,0.00014226736527147587,0.00015031394132204617,0.00029258130659352204,0.00015031394132204617
55,5,0,5,46,5,0.00019780044490379445,0.00013656687350160882,0.0003343673184054033,0.00019780044490379445
55,6,0,6,46,6,0.00014374768577625008,0.0001489518651161812,0.0002926995508924313,0.0001489518651161812
55,7,0,7,46,7,0.00012301352057660423,0.00012429035589873167,0.0002473038764753359,0.00012429035589873167
55,8,0,8,46,8,0.00016723437269477648,6.507283108443227e-05,0.00023230720377920874,0.00016723437269477648
55,9,0,9,46,9,0.0001334370004552956,2.052535371000329e-05,0.0001539623541652989,0.0001334370004552956
55,10,1,0,46,9,9.70144131062672e-05,1.819104053567557e-05,0.00011520545364194277,9.70144131062672e-05
55,11,1,1,46,8,0.00013131295123872577,6.538271880730811e-05,0.0001966956700460339,0.00013131295123872577
55,12,1,2,46,7,0.00010418666289358708,0.0001380576617598037,0.00024224432465339078,0.0001380576617598037
55,13,1,3,46,6,0.0005548914923645894,0.00015443984365618634,0.0007093313360207758,0.0005548914923645894
55,14,1,4,46,5,0.000995168689330686,2.82963242159487e-05,0.0010234650135466346,0.000995168689330686
55,15,1,5,46,4,0.0009190193961447102,0.00015201009086854254,0.0010710294870132527,0.0009190193961447102
55,16,1,6,46,5,0.0009981219165032297,2.7518597879808795e-05,0.0010256405143830385,0.0009981219165032297
55,17,1,7,46,6,0.0005551501668191112,0.00015178722233665317,0.0007069373891557644,0.0005551501668191112
55,18,1,8,46,7,9.26297021480873e-05,0.00013933439698503305,0.00023196409913312036,0.00013933439698503305
55,19,1,9,46,8,0.00021232074054206853,8.689274156554635e-05,0.0002992134821076149,0.00021232074054206853
55,20,2,0,46,8,0.00017191996378856545,6.942832495326986e-05,0.0002413482887418353,0.00017191996378856545
55,21,2,1,46,7,0.00010418666289574515,0.00013805766175890448,0.00024224432465464965,0.00013805766175890448
55,22,2,2,46,6,0.0008250195838545971,0.00016127312632001182,0.000986292710174609,0.0008250195838545971
55,23,2,3,46,5,0.0019245953004687721,0.00017941592388529383,0.002104011224354066,0.0019245953004687721
55,24,2,4,46,4,0.0017905553768206351,0.0011372418475102122,0.0029277972243308475,0.0017905553768206351
55,25,2,5,46,3,0.0014408822481982802,0.0019788812268506577,0.003419763475048938,0.0019788812268506577
55,26,2,6,46,4,0.001789938231082879,0.0011388006344955335,0.0029287388655784125,0.001789938231082879
55,27,2,7,46,5,0.0019124887397667946,0.00017938640123493663,0.002091875141001731,0.0019124887397667946
55,28,2,8,46,6,0.0007690364086697902,0.00017532306871339523,0.0009443594773831855,0.0007690364086697902
55,29,2,9,46,7,0.00015937633081280342,0.00019601127315618772,0.0003553876039689911,0.00019601127315618772
55,30,3,0,46,7,0.00013212017573966157,0.00012765823748982344,0.00025977841322948503,0.00013212017573966157
55,31,3,1,46,6,0.0005548914923213452,0.00015443984365563098,0.0007093313359769762,0.0005548914923213452
55,32,3,2,46,5,0.0019245953005103517,0.00017941592388517232,0.002104011224395524,0.0019245953005103517
55,33,3,3,46,4,0.0021921303900588993,0.0018012818943301126,0.003993412284389012,0.0021921303900588993
55,34,3,4,46,3,0.006596311820760077,0.005415750445340507,0.012012062266100583,0.006596311820760077
55,35,3,5,46,2,0.008334859913967776,0.007991207297428957,0.016326067211396733,0.008334859913967776
55,36,3,6,46,3,0.0065970518330372855,0.005416658756168636,0.01201371058920592,0.0065970518330372855
55,37,3,7,46,4,0.002174707299989124,0.001796490281112439,0.003971197581101563,0.002174707299989124
55,38,3,8,46,5,0.001856133421367566,0.00014856866900387033,0.0020047020903714366,0.001856133421367566
55,39,3,9,46,6,0.000575943914231041,0.00024799575932820664,0.0008239396735592476,0.000575943914231041
55,40,4,0,46,6,0.00014226736525526886,0.000150313941319364,0.00029258130657463285,0.000150313941319364
55,41,4,1,46,5,0.0009951686893288727,2.829632421506445e-05,0.0010234650135439371,0.0009951686893288727
55,42,4,2,46,4,0.00179055537684619,0.0011372418475085332,0.0029277972243547234,0.00179055537684619
55,43,4,3,46,3,0.006596311820741122,0.005415750445339094,0.012012062266080217,0.006596311820741122
55,44,4,4,46,2,0.018988623006907616,0.013538158744866049,0.03252678175177366,0.018988623006907616
55,45,4,5,46,1,0.1726793116066934,0.012828813060637588,0.185508124667331,0.1726793116066934
55,46,4,6,46,2,0.01899525682035593,0.013538121631944702,0.03253337845230063,0.01899525682035593
55,47,4,7,46,3,0.006625015817936017,0.005406198643865511,0.01203121446180153,0.006625015817936017
55,48,4,8,46,4,0.001764311022379166,0.0010925135876242737,0.0028568246100034397,0.001764311022379166
55,49,4,9,46,5,0.0011813662882208024,0.00011606597759043934,0.0012974322658112418,0.0011813662882208024
55,50,5,0,46,5,0.0001978004448660906,0.00013656687350071598,0.00033436731836680657,0.0001978004448660906
55,51,5,1,46,4,0.0009190193961139557,0.0001520100908675178,0.0010710294869814736,0.0009190193961139557
55,52,5,2,46,3,0.0014408822481712443,0.001978881226849371,0.003419763475020615,0.001978881226849371
55,53,5,3,46,2,0.008334859913984478,0.007991207297427624,0.016326067211412103,0.008334859913984478
55,54,5,4,46,1,0.17267931160669203,0.012828813060635956,0.185508124667328,0.17267931160669203
55,55,5,5,46,0,2.278028984681133,0.10576596813875366,2.3837949528198865,2.278028984681133
55,56,5,6,46,1,0.17267771151906983,0.012828479612162004,0.18550619113123182,0.17267771151906983
55,57,5,7,46,2,0.008360687558635269,0.007980036163400647,0.016340723722035915,0.008360687558635269
55,58,5,8,46,3,0.0014749527967315287,0.0019318592093995187,0.0034068120061310474,0.0019318592093995187
55,59,5,9,46,4,0.0011577858635689721,7.706002336667979e-05,0.001234845886935652,0.0011577858635689721
55,60,6,0,46,6,0.0001437476858013769,0.000148951865116044,0.0002926995509174209,0.000148951865116044
55,61,6,1,46,5,0.0009981219165455114,2.7518597879952344e-05,0.0010256405144254638,0.0009981219165455114
55,62,6,2,46,4,0.0017899382310799352,0.0011388006344947386,0.0029287388655746737,0.0017899382310799352
55,63,6,3,46,3,0.0065970518330407115,0.005416658756169297,0.012013710589210008,0.0065970518330407115
55,64,6,4,46,2,0.01899525682039789,0.013538121631944169,0.03253337845234206,0.01899525682039789
55,65,6,5,46,1,0.1726777115190124,0.012828479612160403,0.1855061911311728,0.1726777115190124
55,66,6,6,46,2,0.019001794560871022,0.01353810354545751,0.032539898106328534,0.019001794560871022
55,67,6,7,46,3,0.0066254785236811616,0.005407247262264003,0.012032725785945164,0.0066254785236811616
55,68,6,8,46,4,0.0017643827143105422,0.0010945089409414614,0.0028588916552520034,0.0017643827143105422
55,69,6,9,46,5,0.0011861880536022248,0.00011370633561849998,0.0012998943892207247,0.0011861880536022248
55,70,7,0,46,7,0.00012301352051325497,0.00012429035590120452,0.0002473038764144595,0.00012429035590120452
55,71,7,1,46,6,0.0005551501669262779,0.00015178722233682128,0.0007069373892630992,0.0005551501669262779
55,72,7,2,46,5,0.001912488739786639,0.00017938640123465135,0.0020918751410212905,0.001912488739786639
55,73,7,3,46,4,0.002174707299997399,0.001796490281112587,0.003971197581109986,0.002174707299997399
55,74,7,4,46,3,0.0066250158178501285,0.005406198643867589,0.012031214461717718,0.0066250158178501285
55,75,7,5,46,2,0.008360687558688186,0.007980036163401642,0.016340723722089827,0.008360687558688186
55,76,7,6,46,3,0.006625478523749828,0.005407247262263575,0.012032725786013403,0.006625478523749828
55,77,7,7,46,4,0.002158218359459834,0.0017922047768112626,0.003950423136271097,0.002158218359459834
55,78,7,8,46,5,0.0018468637056537557,0.00014963458628653177,0.0019964982919402877,0.0018468637056537557
55,79,7,9,46,6,0.0005771838634334739,0.00024364888143164302,0.0008208327448651169,0.0005771838634334739
55,80,8,0,46,8,0.0001672343726387928,6.507283108846465e-05,0.00023230720372725746,0.0001672343726387928
55,81,8,1,46,7,9.262970212870795e-05,0.00013933439698762663,0.00023196409911633458,0.00013933439698762663
55,82,8,2,46,6,0.0007690364087006734,0.00017532306871341922,0.0009443594774140926,0.0007690364087006734
55,83,8,3,46,5,0.001856133421433162,0.0001485686690050789,0.002004702090438241,0.001856133421433162
55,84,8,4,46,4,0.001764311022441121,0.0010925135876240675,0.0028568246100651885,0.001764311022441121
55,85,8,5,46,3,0.001474952796747487,0.0019318592093989033,0.00340681200614639,0.0019318592093989033
55,86,8,6,46,4,0.0017643827142834704,0.0010945089409422307,0.002858891655225701,0.0017643827142834704
55,87,8,7,46,5,0.0018468637056135997,0.000149634586286958,0.0019964982919005577,0.0018468637056135997
55,88,8,8,46,6,0.0007158675956881439,0.0001875221486869521,0.000903389744375096,0.0007158675956881439
55,89,8,9,46,7,0.0001626692763605559,0.00019634978866151976,0.00035901906502207564,0.00019634978866151976
55,90,9,0,46,9,0.00013343700021655968,2.0525353713620972e-05,0.00015396235393018066,0.00013343700021655968
55,91,9,1,46,8,0.0002123207403999818,8.689274156733359e-05,0.0002992134819673154,0.0002123207403999818
55,92,9,2,46,7,0.00015937633083513555,0.00019601127315713488,0.00035538760399227045,0.00019601127315713488
55,93,9,3,46,6,0.0005759439142077523,0.0002479957593297835,0.0008239396735375358,0.0005759439142077523
55,94,9,4,46,5,0.0011813662883121206,0.00011606597759059138,0.001297432265902712,0.0011813662883121206
55,95,9,5,46,4,0.0011577858635596642,7.706002336576565e-05,0.0012348458869254298,0.0011577858635596642
55,96,9,6,46,5,0.0011861880536097635,0.00011370633561782114,0.0012998943892275846,0.0011861880536097635
55,97,9,7,46,6,0.0005771838633862384,0.000243648881431122,0.0008208327448173604,0.0005771838633862384
55,98,9,8,46,7,0.00016266927636106576,0.00019634978866136664,0.0003590190650224324,0.00019634978866136664
55,99,9,9,46,8,0.00032954632929310397,0.00011441535595484867,0.00044396168524795266,0.00032954632929310397
55,0,0,0,47,10,4.629458809764349e-05,7.7880163791495e-06,5.408260447679299e-05,4.629458809764349e-05
55,1,0,1,47,9,0.00012120261643516204,1.6695599860051905e-05,0.00013789821629521396,0.00012120261643516204
55,2,0,2,47,8,0.0001813270772700738,6.76109698578813e-05,0.0002489380471279551,0.0001813270772700738
55,3,0,3,47,7,9.277320092791892e-05,0.00012689943930689209,0.000219672640234811,0.00012689943930689209
55,4,0,4,47,6,0.00019145697084979092,0.0001520169492896134,0.0003434739201394043,0.00019145697084979092
55,5,0,5,47,5,0.00026591407896705546,0.000139705147727224,0.00040561922669427947,0.00026591407896705546
55,6,0,6,47,6,0.00019497748543973026,0.00015067137433517587,0.00034564885977490616,0.00019497748543973026
55,7,0,7,47,7,8.503954868060694e-05,0.00012349789046325,0.00020853743914385695,0.00012349789046325
55,8,0,8,47,8,0.00018318234830582144,6.300063330056212e-05,0.0002461829816063836,0.00018318234830582144
55,9,0,9,47,9,0.00017208815813631596,1.83101955188998e-05,0.00019039835365521575,0.00017208815813631596
55,10,1,0,47,9,0.00012120261657851674,1.669559985855117e-05,0.0001378982164370679,0.00012120261657851674
55,11,1,1,47,8,0.00013002405427357754,6.402052105340774e-05,0.00019404457532698526,0.00013002405427357754
55,12,1,2,47,7,0.0001308888478138519,0.00013882005456853212,0.000269708902382384,0.00013882005456853212
55,13,1,3,47,6,0.0007411307058904354,0.00016154608130164027,0.0009026767871920757,0.0007411307058904354
55,14,1,4,47,5,0.001250142313918869,3.897651885714702e-05,0.001289118832776016,0.001250142313918869
55,15,1,5,47,4,0.001128470182380656,0.0001324756118832759,0.001260945794263932,0.001128470182380656
55,16,1,6,47,5,0.0012531260486285983,3.7734298617581415e-05,0.0012908603472461797,0.0012531260486285983
55,17,1,7,47,6,0.0007394216194219738,0.0001587612703929098,0.0008981828898148835,0.0007394216194219738
55,18,1,8,47,7,0.00010326101069736645,0.0001396356441076116,0.00024289665480497808,0.0001396356441076116
55,19,1,9,47,8,0.0002237786565202992,8.459839138274633e-05,0.00030837704790304555,0.0002237786565202992
55,20,2,0,47,8,0.00018132707740442925,6.761096985411364e-05,0.00024893804725854287,0.00018132707740442925
55,21,2,1,47,7,0.00013088884779242202,0.00013882005456770664,0.0002697089023601287,0.00013882005456770664
55,22,2,2,47,6,0.001080105693313304,0.00017159635220003928,0.0012517020455133432,0.001080105693313304
55,23,2,3,47,5,0.0023409608056365553,0.0001495809223557069,0.002490541727992262,0.0023409608056365553
55,24,2,4,47,4,0.001973288420437118,0.001084070302278148,0.0030573587227152657,0.001973288420437118
55,25,2,5,47,3,0.0014648623769950757,0.0019242074630144545,0.0033890698400095304,0.0019242074630144545
55,26,2,6,47,4,0.0019721484982596167,0.0010857002380077886,0.0030578487362674053,0.0019721484982596167
55,27,2,7,47,5,0.002323397230956105,0.00014981470313983597,0.002473211934095941,0.002323397230956105
55,28,2,8,47,6,0.0010124380500146565,0.00018495050003808767,0.0011973885500527442,0.0010124380500146565
55,29,2,9,47,7,0.00010962439340466135,0.00019600066612059398,0.00030562505952525535,0.00019600066612059398
55,30,3,0,47,7,9.277320102903512e-05,0.00012689943930298131,0.00021967264033201643,0.00012689943930298131
55,31,3,1,47,6,0.0007411307058419518,0.0001615460813011249,0.0009026767871430767,0.0007411307058419518
55,32,3,2,47,5,0.0023409608056807448,0.00014958092235551945,0.0024905417280362643,0.0023409608056807448
55,33,3,3,47,4,0.002306263852773383,0.0017294635130439867,0.00403572736581737,0.002306263852773383
55,34,3,4,47,3,0.007843264928107028,0.005328013839728813,0.013171278767835842,0.007843264928107028
55,35,3,5,47,2,0.010683731901473785,0.007969019505995444,0.018652751407469227,0.010683731901473785
55,36,3,6,47,3,0.007847173620312302,0.005329056978086445,0.013176230598398748,0.007847173620312302
55,37,3,7,47,4,0.0022832183037111726,0.0017251050468891898,0.004008323350600362,0.0022832183037111726
55,38,3,8,47,5,0.0022663013806133833,0.00011998879269488253,0.002386290173308266,0.0022663013806133833
55,39,3,9,47,6,0.0007964272375111232,0.00025564422818232684,0.00105207146569345,0.0007964272375111232
55,40,4,0,47,6,0.00019145697079575648,0.0001520169492870791,0.0003434739200828356,0.00019145697079575648
55,41,4,1,47,5,0.0012501423139162297,3.897651885604456e-05,0.0012891188327722742,0.0012501423139162297
55,42,4,2,47,4,0.001973288420469148,0.001084070302276481,0.003057358722745629,0.001973288420469148
55,43,4,3,47,3,0.007843264928088954,0.005328013839727444,0.013171278767816399,0.007843264928088954
55,44,4,4,47,2,0.023564207550666513,0.013583638307252798,0.03714784585791931,0.023564207550666513
55,45,4,5,47,1,0.15561353924859925,0.0133036960861138,0.16891723533471303,0.15561353924859925
55,46,4,6,47,2,0.023573484827256977,0.01358377781845017,0.03715726264570715,0.023573484827256977
55,47,4,7,47,3,0.007879320846838893,0.005318947808596647,0.01319826865543554,0.007879320846838893
55,48,4,8,47,4,0.0019435326507344745,0.0010397853256357153,0.0029833179763701896,0.0019435326507344745
55,49,4,9,47,5,0.0015176560704048723,0.00013440728221444822,0.0016520633526193205,0.0015176560704048723
55,50,5,0,47,5,0.0002659140789026938,0.00013970514772633779,0.0004056192266290316,0.0002659140789026938
55,51,5,1,47,4,0.0011284701823453987,0.00013247561188234095,0.0012609457942277396,0.0011284701823453987
55,52,5,2,47,3,0.0014648623769682725,0.0019242074630131901,0.0033890698399814626,0.0019242074630131901
55,53,5,3,47,2,0.01068373190149262,0.007969019505994226,0.018652751407486845,0.01068373190149262
55,54,5,4,47,1,0.1556135392485985,0.01330369608611219,0.1689172353347107,0.1556135392485985
55,55,5,5,47,0,2.217480460606515,0.10306035963769022,2.3205408202442053,2.217480460606515
55,56,5,6,47,1,0.15560893470912812,0.013303521599144007,0.16891245630827212,0.15560893470912812
55,57,5,7,47,2,0.010719508398106509,0.007958325314397632,0.01867783371250414,0.010719508398106509
55,58,5,8,47,3,0.001489843123441104,0.0018773957039084647,0.003367238827349569,0.0018773957039084647
55,59,5,9,47,4,0.0014540673200553402,5.6146169614217996e-05,0.0015102134896695582,0.0014540673200553402
55,60,6,0,47,6,0.0001949774855039572,0.000150671374335121,0.0003456488598390782,0.0001949774855039572
55,61,6,1,47,5,0.0012531260486734904,3.7734298617873655e-05,0.001290860347291364,0.0012531260486734904
55,62,6,2,47,4,0.0019721484982558103,0.0010857002380071036,0.0030578487362629136,0.0019721484982558103
55,63,6,3,47,3,0.00784717362031646,0.005329056978087128,0.013176230598403588,0.00784717362031646
55,64,6,4,47,2,0.023573484827310847,0.013583777818449745,0.037157262645760594,0.023573484827310847
55,65,6,5,47,1,0.1556089347090746,0.013303521599142483,0.16891245630821708,0.1556089347090746
55,66,6,6,47,2,0.023582630367273597,0.01358393221759654,0.03716656258487014,0.023582630367273597
55,67,6,7,47,3,0.007882741136750146,0.005320123357898443,0.01320286449464859,0.007882741136750146
55,68,6,8,47,4,0.0019434467922378274,0.0010418442496539842,0.0029852910418918114,0.0019434467922378274
55,69,6,9,47,5,0.0015227808228969635,0.0001320073214102729,0.0016547881443072364,0.0015227808228969635
55,70,7,0,47,7,8.503954862376663e-05,0.00012349789046559734,0.00020853743908936395,0.00012349789046559734
55,71,7,1,47,6,0.0007394216195388157,0.00015876127039309642,0.0008981828899319122,0.0007394216195388157
55,72,7,2,47,5,0.0023233972309765695,0.00014981470313961797,0.0024732119341161875,0.0023233972309765695
55,73,7,3,47,4,0.002283218303718126,0.0017251050468894335,0.00400832335060756,0.002283218303718126
55,74,7,4,47,3,0.007879320846750944,0.0053189478085985615,0.013198268655349506,0.007879320846750944
55,75,7,5,47,2,0.010719508398176508,0.007958325314398702,0.018677833712575212,0.010719508398176508
55,76,7,6,47,3,0.007882741136820477,0.0053201233578981,0.013202864494718577,0.007882741136820477
55,77,7,7,47,4,0.0022614781913046487,0.0017212417253634168,0.003982719916668065,0.0022614781913046487
55,78,7,8,47,5,0.002251786296097304,0.00012127973535754707,0.0023730660314548514,0.002251786296097304
55,79,7,9,47,6,0.0007959240131069809,0.0002511098050760472,0.001047033818183028,0.0007959240131069809
55,80,8,0,47,8,0.00018318234825146886,6.300063330432615e-05,0.00024618298155579504,0.00018318234825146886
55,81,8,1,47,7,0.00010326101074092055,0.0001396356441100752,0.00024289665485099576,0.0001396356441100752
55,82,8,2,47,6,0.0010124380500478546,0.0001849505000380642,0.0011973885500859188,0.0010124380500478546
55,83,8,3,47,5,0.002266301380682587,0.00011998879269599804,0.002386290173378585,0.002266301380682587
55,84,8,4,47,4,0.0019435326508109871,0.0010397853256354148,0.002983317976446402,0.0019435326508109871
55,85,8,5,47,3,0.001489843123457575,0.0018773957039079222,0.003367238827365497,0.0018773957039079222
55,86,8,6,47,4,0.0019434467922050853,0.0010418442496547798,0.002985291041859865,0.0019434467922050853
55,87,8,7,47,5,0.002251786296054515,0.00012127973535799942,0.0023730660314125146,0.002251786296054515
55,88,8,8,47,6,0.0009465471967197522,0.00019638476077718693,0.0011429319574969392,0.0009465471967197522
55,89,8,9,47,7,0.00010387503208724085,0.00019566871087279986,0.0002995437429600407,0.00019566871087279986
55,90,9,0,47,9,0.00017208815788631514,1.8310195522428058e-05,0.0001903983534087432,0.00017208815788631514
55,91,9,1,47,8,0.0002237786563788736,8.459839138444655e-05,0.00030837704776332013,0.0002237786563788736
55,92,9,2,47,7,0.0001096243934037163,0.0001960006661213894,0.00030562505952510567,0.0001960006661213894
55,93,9,3,47,6,0.0007964272374864458,0.00025564422818381095,0.0010520714656702568,0.0007964272374864458
55,94,9,4,47,5,0.0015176560705059377,0.00013440728221469244,0.00165206335272063,0.0015176560705059377
55,95,9,5,47,4,0.001454067320046107,5.6146169613468826e-05,0.001510213489659576,0.001454067320046107
55,96,9,6,47,5,0.0015227808229047043,0.00013200732140959941,0.0016547881443143037,0.0015227808229047043
55,97,9,7,47,6,0.0007959240130516534,0.0002511098050754461,0.0010470338181270997,0.0007959240130516534
55,98,9,8,47,7,0.00010387503208708378,0.00019566871087265582,0.0002995437429597396,0.00019566871087265582
55,99,9,9,47,8,0.00036345486961768356,0.00011070697536738402,0.00047416184498506756,0.00036345486961768356
55,0,0,0,48,10,6.505470046873951e-05,8.694484272926646e-06,7.374918474166615e-05,6.505470046873951e-05
55,1,0,1,48,9,0.00014512368934476593,1.5164329104036174e-05,0.0001602880184488021,0.00014512368934476593
55,2,0,2,48,8,0.00018845168121693994,6.556843496604312e-05,0.00025402011618298303,0.00018845168121693994
55,3,0,3,48,7,5.870046765836084e-05,0.00012567725826639355,0.0001843777259247544,0.00012567725826639355
55,4,0,4,48,6,0.0002731971470342673,0.0001531035361268968,0.0004263006831611641,0.0002731971470342673
55,5,0,5,48,5,0.0003635442433240875,0.00014221370624704785,0.0005057579495711354,0.0003635442433240875
55,6,0,6,48,6,0.0002776344748810923,0.00015178027663371289,0.00042941475151480517,0.0002776344748810923
55,7,0,7,48,7,5.357485060627995e-05,0.00012225741323464563,0.00017583226384092557,0.00012225741323464563
55,8,0,8,48,8,0.000197072808727249,6.0726928210532234e-05,0.0002577997369377812,0.000197072808727249
55,9,0,9,48,9,0.00021124855829260584,1.606877094286387e-05,0.00022731732923546972,0.00021124855829260584
55,10,1,0,48,9,0.00014512368948940512,1.5164329102504606e-05,0.00016028801859190972,0.00014512368948940512
55,11,1,1,48,8,0.00012698905667522141,6.244247454386629e-05,0.0001894315312190877,0.00012698905667522141
55,12,1,2,48,7,0.0001968991767500329,0.00013905624558785128,0.00033595542233788415,0.0001968991767500329
55,13,1,3,48,6,0.0009379561509117978,0.00016789639252045834,0.001105852543432256,0.0009379561509117978
55,14,1,4,48,5,0.001515066552994263,5.1944586405988407e-05,0.0015670111394002514,0.001515066552994263
55,15,1,5,48,4,0.0013584953039225192,0.00011342107449262856,0.0014719163784151477,0.0013584953039225192
55,16,1,6,48,5,0.0015177739204976057,5.052561918831942e-05,0.001568299539685925,0.0015177739204976057
55,17,1,7,48,6,0.0009333656080055225,0.00016499339028409012,0.0010983589982896127,0.0009333656080055225
55,18,1,8,48,7,0.00015729982348914437,0.0001394150985962118,0.0002967149220853562,0.00015729982348914437
55,19,1,9,48,8,0.00023243236869502788,8.202353488094779e-05,0.00031445590357597565,0.00023243236869502788
55,20,2,0,48,8,0.0001884516813492619,6.556843496238525e-05,0.00025402011631164715,0.0001884516813492619
55,21,2,1,48,7,0.00019689917672125465,0.00013905624558709865,0.0003359554223083533,0.00019689917672125465
55,22,2,2,48,6,0.001343588631637843,0.00018107083203427926,0.0015246594636721224,0.001343588631637843
55,23,2,3,48,5,0.0027605752374032936,0.00012085848997724536,0.0028814337273805387,0.0027605752374032936
55,24,2,4,48,4,0.0021849675196903826,0.0010296982954171405,0.0032146658151075234,0.0021849675196903826
55,25,2,5,48,3,0.0014959487007768061,0.001866544159866287,0.003362492860643093,0.001866544159866287
55,26,2,6,48,4,0.0021827424978093242,0.0010313911359172967,0.0032141336337266208,0.0021827424978093242
55,27,2,7,48,5,0.0027370778820951245,0.00012132710674700788,0.0028584049888421325,0.0027370778820951245
55,28,2,8,48,6,0.0012655741092217454,0.00019368434621804022,0.0014592584554397857,0.0012655741092217454
55,29,2,9,48,7,0.00013336752939823002,0.00019526009786073676,0.0003286276272589668,0.00019526009786073676
55,30,3,0,48,7,5.8700467727621e-05,0.00012567725826266718,0.00018437772599028818,0.00012567725826266718
55,31,3,1,48,6,0.0009379561508617297,0.0001678963925199825,0.001105852543381712,0.0009379561508617297
55,32,3,2,48,5,0.002760575237448803,0.00012085848997700477,0.002881433727425808,0.002760575237448803
55,33,3,3,48,4,0.002445207017897723,0.0016552726044248537,0.004100479622322576,0.002445207017897723
55,34,3,4,48,3,0.009065064984319695,0.005230369602046599,0.014295434586366293,0.009065064984319695
55,35,3,5,48,2,0.013610200745941024,0.007929576038740801,0.021539776784681823,0.013610200745941024
55,36,3,6,48,3,0.00907218017218946,0.005231540882300375,0.014303721054489835,0.00907218017218946
55,37,3,7,48,4,0.002415759213182255,0.001651356669983088,0.0040671158831653426,0.002415759213182255
55,38,3,8,48,5,0.0026823494553214534,9.308873665810572e-05,0.0027754381919795593,0.0026823494553214534
55,39,3,9,48,6,0.0010412734114551715,0.000262173311964023,0.0013034467234191945,0.0010412734114551715
55,40,4,0,48,6,0.00027319714696893066,0.00015310353612451005,0.0004263006830934407,0.00027319714696893066
55,41,4,1,48,5,0.0015150665529914712,5.194458640487157e-05,0.0015670111393963429,0.0015150665529914712
55,42,4,2,48,4,0.0021849675197263803,0.001029698295415489,0.003214665815141869,0.0021849675197263803
55,43,4,3,48,3,0.009065064984302562,0.005230369602045273,0.014295434586347836,0.009065064984302562
55,44,4,4,48,2,0.029373443463723864,0.013598253316329134,0.042971696780053,0.029373443463723864
55,45,4,5,48,1,0.13985376576333486,0.013735613936386929,0.15358937969972178,0.13985376576333486
55,46,4,6,48,2,0.0293860073152919,0.013598565815636997,0.0429845731309289,0.0293860073152919
55,47,4,7,48,3,0.009108040658645076,0.005221816086300983,0.014329856744946058,0.009108040658645076
55,48,4,8,48,4,0.002157269732043669,0.000986018790103955,0.003143288522147624,0.002157269732043669
55,49,4,9,48,5,0.001873855693862364,0.00015183042244427578,0.0020256861163066397,0.001873855693862364
55,50,5,0,48,5,0.000363544243251412,0.00014221370624617046,0.0005057579494975825,0.000363544243251412
55,51,5,1,48,4,0.0013584953038849436,0.00011342107449178283,0.0014719163783767264,0.0013584953038849436
55,52,5,2,48,3,0.0014959487007501113,0.0018665441598650465,0.003362492860615158,0.0018665441598650465
55,53,5,3,48,2,0.013610200745961061,0.007929576038739707,0.021539776784700766,0.013610200745961061
55,54,5,4,48,1,0.1398537657633351,0.013735613936385348,0.15358937969972045,0.1398537657633351
55,55,5,5,48,0,2.1584799954883045,0.10045893186866123,2.2589389273569656,2.1584799954883045
55,56,5,6,48,1,0.13984662277885013,0.013735600944906529,0.15358222372375666,0.13984662277885013
55,57,5,7,48,2,0.013653372221755623,0.007919392475913754,0.021572764697669375,0.013653372221755623
55,58,5,8,48,3,0.0015112189671609897,0.0018201198616188542,0.003331338828779844,0.0018201198616188542
55,59,5,9,48,4,0.001783925794087478,3.934466315489136e-05,0.0018232704572423695,0.001783925794087478
55,60,6,0,48,6,0.00027763447495815616,0.00015178027663373652,0.0004294147515918927,0.00027763447495815616
55,61,6,1,48,5,0.0015177739205433313,5.0525619188646456e-05,0.0015682995397319776,0.0015177739205433313
55,62,6,2,48,4,0.0021827424978046223,0.0010313911359167201,0.0032141336337213424,0.0021827424978046223
55,63,6,3,48,3,0.009072180172194301,0.0052315408823010905,0.014303721054495393,0.009072180172194301
55,64,6,4,48,2,0.02938600731535097,0.01359856581563668,0.04298457313098765,0.02938600731535097
55,65,6,5,48,1,0.13984662277880175,0.013735600944905063,0.1535822237237068,0.13984662277880175
55,66,6,6,48,2,0.02939836532955466,0.013598889024995921,0.04299725435455058,0.02939836532955466
55,67,6,7,48,3,0.00911445651448882,0.005223111355799782,0.0143375678702886,0.00911445651448882
55,68,6,8,48,4,0.002156404219610501,0.0009881311941420767,0.0031445354137525777,0.002156404219610501
55,69,6,9,48,5,0.00187871398108153,0.00014940895697132233,0.0020281229380528522,0.00187871398108153
55,70,7,0,48,7,5.357485057115387e-05,0.00012225741323686773,0.0001758322638080216,0.00012225741323686773
55,71,7,1,48,6,0.0009333656081256888,0.0001649933902842918,0.0010983589984099806,0.0009333656081256888
55,72,7,2,48,5,0.0027370778821156796,0.00012132710674686239,0.002858404988862542,0.0027370778821156796
55,73,7,3,48,4,0.0024157592131881017,0.001651356669983422,0.004067115883171523,0.0024157592131881017
55,74,7,4,48,3,0.009108040658555553,0.005221816086302737,0.014329856744858292,0.009108040658555553
55,75,7,5,48,2,0.013653372221832384,0.007919392475914883,0.021572764697747267,0.013653372221832384
55,76,7,6,48,3,0.009114456514560372,0.005223111355799502,0.014337567870359873,0.009114456514560372
55,77,7,7,48,4,0.002387988059387364,0.0016479228216159435,0.004035910881003308,0.002387988059387364
55,78,7,8,48,5,0.002661912447943057,9.45253726550963e-05,0.0027564378205981533,0.002661912447943057
55,79,7,9,48,6,0.001036927843685379,0.0002574735946573313,0.0012944014383427101,0.001036927843685379
55,80,8,0,48,8,0.00019707280867483972,6.072692821403011e-05,0.0002577997368888698,0.00019707280867483972
55,81,8,1,48,7,0.0001572998235564165,0.00013941509859854517,0.00029671492215496166,0.0001572998235564165
55,82,8,2,48,6,0.001265574109255706,0.0001936843462179701,0.001459258455473676,0.001265574109255706
55,83,8,3,48,5,0.002682349455392555,9.308873665909542e-05,0.0027754381920516505,0.002682349455392555
55,84,8,4,48,4,0.0021572697321297373,0.000986018790103567,0.0031432885222333045,0.0021572697321297373
55,85,8,5,48,3,0.001511218967178235,0.0018201198616183806,0.0033313388287966156,0.0018201198616183806
55,86,8,6,48,4,0.002156404219574033,0.0009881311941428964,0.003144535413716929,0.002156404219574033
55,87,8,7,48,5,0.0026619124478988814,9.452537265554986e-05,0.0027564378205544313,0.0026619124478988814
55,88,8,8,48,6,0.0011878063395310357,0.00020431932343200026,0.001392125662963036,0.0011878063395310357
55,89,8,9,48,7,9.186502573736271e-05,0.0001942698718693972,0.0002861348976067599,0.0001942698718693972
55,90,9,0,48,9,0.00021124855803902732,1.60687709462912e-05,0.00022731732898531853,0.00021124855803902732
55,91,9,1,48,8,0.0002324323685545092,8.202353488255896e-05,0.00031445590343706815,0.0002324323685545092
55,92,9,2,48,7,0.0001333675293685769,0.00019526009786138523,0.00032862762722996215,0.00019526009786138523
55,93,9,3,48,6,0.0010412734114302509,0.00026217331196541665,0.0013034467233956676,0.0010412734114302509
55,94,9,4,48,5,0.001873855693967669,0.0001518304224446059,0.002025686116412275,0.001873855693967669
55,95,9,5,48,4,0.0017839257940782298,3.934466315446468e-05,0.0018232704572326945,0.0017839257940782298
55,96,9,6,48,5,0.0018787139810890383,0.0001494089569706519,0.00202812293805969,0.0018787139810890383
55,97,9,7,48,6,0.0010369278436268962,0.00025747359465665544,0.0012944014382835515,0.0010369278436268962
55,98,9,8,48,7,9.186502573565958e-05,0.0001942698718692627,0.00028613489760492226,0.0001942698718692627
55,99,9,9,48,8,0.00039322427447648864,0.00010663838300292319,0.0004998626574794118,0.00039322427447648864
55,0,0,0,49,10,8.603924675214448e-05,9.551288366191766e-06,9.559053511833625e-05,8.603924675214448e-05
55,1,0,1,49,9,0.00016819495380003606,1.3605503300598078e-05,0.00018180045710063415,0.00016819495380003606
55,2,0,2,49,8,0.0001933828066625933,6.331699781043828e-05,0.0002566998044730316,0.0001933828066625933
55,3,0,3,49,7,4.880761905457843e-05,0.00012401474569456096,0.0001728223647491394,0.00012401474569456096
55,4,0,4,49,6,0.0003649070465665817,0.00015359542028579775,0.0005185024668523795,0.0003649070465665817
55,5,0,5,49,5,0.0004706656075141145,0.00014410973385389818,0.0006147753413680127,0.0004706656075141145
55,6,0,6,49,6,0.00036984657414624423,0.0001523000947069543,0.0005221466688531985,0.00036984657414624423
55,7,0,7,49,7,4.9040135112543825e-05,0.00012059174094571961,0.00016963187605826342,0.00012059174094571961
55,8,0,8,49,8,0.0002088956723867279,5.8268397837195396e-05,0.0002671640702239233,0.0002088956723867279
55,9,0,9,49,9,0.0002495995331861459,1.3814427604075473e-05,0.00026341396079022136,0.0002495995331861459
55,10,1,0,49,9,0.00016819495394479922,1.3605503299042136e-05,0.00018180045724384137,0.00016819495394479922
55,11,1,1,49,8,0.0001223800706412393,6.0663056202924515e-05,0.00018304312684416384,0.0001223800706412393
55,12,1,2,49,7,0.00027432911719239513,0.00013878728923120913,0.00041311640642360424,0.00027432911719239513
55,13,1,3,49,6,0.0011347634535371239,0.00017350075378533782,0.0013082642073224617,0.0011347634535371239
55,14,1,4,49,5,0.0017777603692705585,6.53840172835968e-05,0.0018431443865541553,0.0017777603692705585
55,15,1,5,49,4,0.0015924337564129736,9.496020833643309e-05,0.0016873939647494066,0.0015924337564129736
55,16,1,6,49,5,0.001780025441388677,6.389129585991112e-05,0.0018439167372485883,0.001780025441388677
55,17,1,7,49,6,0.001126920229044963,0.00017049372301915108,0.001297413952064114,0.001126920229044963
55,18,1,8,49,7,0.0002248166286982532,0.00013869554752458206,0.00036351217622283523,0.0002248166286982532
55,19,1,9,49,8,0.00023839816494367584,7.918870243241124e-05,0.0003175868673760871,0.00023839816494367584
55,20,2,0,49,8,0.0001933828067926725,6.331699780689286e-05,0.00025669980459956535,0.0001933828067926725
55,21,2,1,49,7,0.0002743291171620425,0.00013878728923052787,0.00041311640639257036,0.0002743291171620425
55,22,2,2,49,6,0.001604222897334615,0.00018969873757708125,0.0017939216349116963,0.001604222897334615
55,23,2,3,49,5,0.0031693814274171956,9.384009644375505e-05,0.0032632215238609505,0.0031693814274171956
55,24,2,4,49,4,0.0024068744204248124,0.0009743780789380688,0.0033812524993628813,0.0024068744204248124
55,25,2,5,49,3,0.001533154893531246,0.0018062602092139273,0.0033394151027451736,0.0018062602092139273
55,26,2,6,49,4,0.0024032205868301636,0.0009761254858255242,0.003379346072655688,0.0024032205868301636
55,27,2,7,49,5,0.003139822778562732,9.448759042825508e-05,0.0032343103689909873,0.003139822778562732
55,28,2,8,49,6,0.0015168281496382042,0.00020153203917351963,0.0017183601888117238,0.0015168281496382042
55,29,2,9,49,7,0.00020766780014879412,0.00019382177300103287,0.00040148957314982696,0.00020766780014879412
55,30,3,0,49,7,4.880761903203593e-05,0.00012401474569101914,0.00017282236472305508,0.00012401474569101914
55,31,3,1,49,6,0.0011347634534868713,0.00017350075378490105,0.0013082642072717724,0.0011347634534868713
55,32,3,2,49,5,0.0031693814274634303,9.38400964434836e-05,0.0032632215239069137,0.0031693814274634303
55,33,3,3,49,4,0.0025946546231841706,0.0015790853669432536,0.004173739990127424,0.0025946546231841706
55,34,3,4,49,3,0.010250665359296007,0.005123712677841783,0.01537437803713779,0.010250665359296007
55,35,3,5,49,2,0.01671401955181967,0.007874133106644778,0.024588152658464448,0.01671401955181967
55,36,3,6,49,3,0.01026097973211601,0.00512500504645289,0.0153859847785689,0.01026097973211601
55,37,3,7,49,4,0.0025585286431558506,0.001575619187660109,0.00413414783081596,0.0025585286431558506
55,38,3,8,49,5,0.0030893086702387953,6.909633694765414e-05,0.0031584050071864493,0.0030893086702387953
55,39,3,9,49,6,0.0012908317638882566,0.00026760724650769593,0.0015584390103959525,0.0012908317638882566
55,40,4,0,49,6,0.00036490704649872835,0.00015359542028355736,0.0005185024667822857,0.00036490704649872835
55,41,4,1,49,5,0.0017777603692679686,6.538401728252122e-05,0.0018431443865504899,0.0017777603692679686
55,42,4,2,49,4,0.0024068744204631346,0.0009743780789364335,0.003381252499399568,0.0024068744204631346
55,43,4,3,49,3,0.010250665359279845,0.005123712677840498,0.015374378037120343,0.010250665359279845
55,44,4,4,49,2,0.03560244013689152,0.013584010912071585,0.049186451048963103,0.03560244013689152
55,45,4,5,49,1,0.1255769939248773,0.014125336652276603,0.13970233057715392,0.1255769939248773
55,46,4,6,49,2,0.03561848912029855,0.013584492103950964,0.049202981224249515,0.03561848912029855
55,47,4,7,49,3,0.010300098962642418,0.00511569541356342,0.015415794376205837,0.010300098962642418
55,48,4,8,49,4,0.0023849404459670466,0.0009314579838483991,0.0033163984298154457,0.0023849404459670466
55,49,4,9,49,5,0.0022304881610766655,0.00016826046934291573,0.002398748630419581,0.0022304881610766655
55,50,5,0,49,5,0.00047066560743908384,0.00014410973385303163,0.0006147753412921155,0.00047066560743908384
55,51,5,1,49,4,0.0015924337563740566,9.496020833567682e-05,0.0016873939647097335,0.0015924337563740566
55,52,5,2,49,3,0.0015331548935046105,0.001806260209212713,0.0033394151027173235,0.001806260209212713
55,53,5,3,49,2,0.016714019551840757,0.007874133106643798,0.024588152658484554,0.016714019551840757
55,54,5,4,49,1,0.1255769939248791,0.014125336652275056,0.13970233057715414,0.1255769939248791
55,55,5,5,49,0,2.101028966337955,0.09795738641237223,2.1989863527503273,2.101028966337955
55,56,5,6,49,1,0.12556796834428074,0.014125485857051232,0.13969345420133197,0.12556796834428074
55,57,5,7,49,2,0.016763266987895903,0.007864490576114701,0.024627757564010602,0.016763266987895903
55,58,5,8,49,3,0.0015379726969782523,0.0017603922111861763,0.003298364908164429,0.0017603922111861763
55,59,5,9,49,4,0.002121369921676468,3.1846937013576606e-05,0.0021532168586900443,0.002121369921676468
55,60,6,0,49,6,0.0003698465742277591,0.00015230009470705358,0.0005221466689348127,0.0003698465742277591
55,61,6,1,49,5,0.0017800254414345148,6.389129586023218e-05,0.0018439167372947469,0.0017800254414345148
55,62,6,2,49,4,0.0024032205868245618,0.0009761254858250521,0.003379346072649614,0.0024032205868245618
55,63,6,3,49,3,0.010260979732121506,0.005125005046453624,0.01538598477857513,0.010260979732121506
55,64,6,4,49,2,0.03561848912036011,0.013584492103950744,0.049202981224310854,0.03561848912036011
55,65,6,5,49,1,0.12556796834423914,0.014125485857049848,0.13969345420128898,0.12556796834423914
55,66,6,6,49,2,0.03563424143254429,0.01358497980753272,0.04921922124007701,0.03563424143254429
55,67,6,7,49,3,0.010309506035563932,0.005117102867163137,0.015426608902727068,0.010309506035563932
55,68,6,8,49,4,0.0023828985486003423,0.0009336137463108844,0.0033165122949112267,0.0023828985486003423
55,69,6,9,49,5,0.0022347874205605957,0.00016583271894972604,0.0024006201395103217,0.0022347874205605957
55,70,7,0,49,7,4.904013513326497e-05,0.00012059174094781697,0.00016963187608108195,0.00012059174094781697
55,71,7,1,49,6,0.0011269202291661956,0.00017049372301936494,0.0012974139521855605,0.0011269202291661956
55,72,7,2,49,5,0.003139822778583141,9.448759042819065e-05,0.0032343103690113317,0.003139822778583141
55,73,7,3,49,4,0.002558528643160815,0.0015756191876605302,0.004134147830821345,0.002558528643160815
55,74,7,4,49,3,0.01030009896255163,0.005115695413565016,0.015415794376116645,0.01030009896255163
55,75,7,5,49,2,0.016763266987975495,0.007864490576115896,0.024627757564091392,0.016763266987975495
55,76,7,6,49,3,0.010309506035636426,0.0051171028671629275,0.015426608902799354,0.010309506035636426
55,77,7,7,49,4,0.0025244290704743424,0.0015726200290238073,0.0040970490994981495,0.0025244290704743424
55,78,7,8,49,5,0.003062702338819438,7.04960130598437e-05,0.0031331983518792816,0.003062702338819438
55,79,7,9,49,6,0.001281842407335101,0.00026276466674081525,0.0015446070740759163,0.001281842407335101
55,80,8,0,49,8,0.00020889567233648484,5.8268397840430296e-05,0.00026716407017691513,0.00020889567233648484
55,81,8,1,49,7,0.00022481662877114908,0.0001386955475267852,0.0003635121762979343,0.00022481662877114908
55,82,8,2,49,6,0.0015168281496723468,0.00020153203917340436,0.001718360188845751,0.0015168281496723468
55,83,8,3,49,5,0.0030893086703110534,6.909633694843887e-05,0.0031584050072594925,0.0030893086703110534
55,84,8,4,49,4,0.0023849404460593825,0.0009314579838479256,0.003316398429907308,0.0023849404460593825
55,85,8,5,49,3,0.0015379726969964647,0.001760392211185767,0.0032983649081822315,0.001760392211185767
55,86,8,6,49,4,0.002382898548561416,0.0009336137463117259,0.0033165122948731417,0.002382898548561416
55,87,8,7,49,5,0.0030627023387744547,7.049601306024617e-05,0.003133198351834701,0.0030627023387744547
55,88,8,8,49,6,0.0014279126969555193,0.00021133820439710264,0.001639250901352622,0.0014279126969555193
55,89,8,9,49,7,0.00014140692773365095,0.00019218779121123964,0.0003335947189448906,0.00019218779121123964
55,90,9,0,49,9,0.00024959953293207063,1.3814427607388358e-05,0.000263413960539459,0.00024959953293207063
55,91,9,1,49,8,0.0002383981648042612,7.91887024339322e-05,0.0003175868672381934,0.0002383981648042612
55,92,9,2,49,7,0.0002076678001104382,0.00019382177300153897,0.00040148957311197714,0.0002076678001104382
55,93,9,3,49,6,0.001290831763863256,0.0002676072465090011,0.001558439010372257,0.001290831763863256
55,94,9,4,49,5,0.002230488161184018,0.00016826046934332686,0.0023987486305273448,0.002230488161184018
55,95,9,5,49,4,0.00212136992166706,3.1846937013751576e-05,0.0021532168586808117,0.00212136992166706
55,96,9,6,49,5,0.002234787420567735,0.00016583271894905722,0.0024006201395167922,0.002234787420567735
55,97,9,7,49,6,0.001281842407275086,0.0002627646667400696,0.0015446070740151557,0.001281842407275086
55,98,9,8,49,7,0.0001414069277312957,0.00019218779121111504,0.00033359471894241075,0.00019218779121111504
55,99,9,9,49,8,0.0004187838571167814,0.00010223850803457339,0.0005210223651513548,0.0004187838571167814
55,0,0,0,50,10,0.00010760827900543315,1.0355808051319243e-05,0.0001179640870567524,0.00010760827900543315
55,1,0,1,50,9,0.00019009866776113389,1.2027598737768671e-05,0.00020212626649890254,0.00019009866776113389
55,2,0,2,50,8,0.00019624003099028868,6.087326230936986e-05,0.00025711329329965854,0.00019624003099028868
55,3,0,3,50,7,7.524086165582692e-05,0.0001219360136156338,0.00019717687527146072,0.0001219360136156338
55,4,0,4,50,6,0.00045900371767751993,0.00015351615657365825,0.0006125198742511781,0.00045900371767751993
55,5,0,5,50,5,0.000579864318522411,0.00014541266050332807,0.000725276979025739,0.000579864318522411
55,6,0,6,50,6,0.0004642768360279112,0.0001522541637451567,0.0006165309997730678,0.0004642768360279112
55,7,0,7,50,7,7.768798772286039e-05,0.000118524672124681,0.00019621265984754138,0.000118524672124681
55,8,0,8,50,8,0.00021868803492756632,5.5641902543103416e-05,0.00027432993747066975,0.00021868803492756632
55,9,0,9,50,9,0.0002864593224749144,1.1562560580581882e-05,0.00029802188305549633,0.0002864593224749144
55,10,1,0,50,9,0.00019009866790543903,1.202759873619507e-05,0.0002021262666416341,0.00019009866790543903
55,11,1,1,50,8,0.00011638152638680307,5.869707610454314e-05,0.0001750786024913462,0.00011638152638680307
55,12,1,2,50,7,0.00035445250986827206,0.00013803562136196587,0.000492488131230238,0.00035445250986827206
55,13,1,3,50,6,0.0013267999717290167,0.00017837234311207406,0.0015051723148410908,0.0013267999717290167
55,14,1,4,50,5,0.002032327099948295,7.865912738332587e-05,0.0021109862273316206,0.002032327099948295
55,15,1,5,50,4,0.0018221000291841914,7.725213712594841e-05,0.00189935216631014,0.0018221000291841914
55,16,1,6,50,5,0.0020340452538923437,7.713580689658388e-05,0.0021111810607889274,0.0020340452538923437
55,17,1,7,50,6,0.0013155435190638754,0.00017527551865437083,0.0014908190377182463,0.0013155435190638754
55,18,1,8,50,7,0.0002956685557171285,0.00013750104259309878,0.0004331695983102273,0.0002956685557171285
55,19,1,9,50,8,0.0002418290693500802,7.611481168786653e-05,0.0003179438810379467,0.0002418290693500802
55,20,2,0,50,8,0.00019624003111795883,6.0873262305938856e-05,0.0002571132934238977,0.00019624003111795883
55,21,2,1,50,7,0.00035445250983791955,0.00013803562136135462,0.0004924881311992742,0.00035445250983791955
55,22,2,2,50,6,0.001856715379036766,0.0001974867362051715,0.0020542021152419377,0.001856715379036766
55,23,2,3,50,5,0.003560356285638405,6.980765871750051e-05,0.0036301639443559056,0.003560356285638405
55,24,2,4,50,4,0.0026278561288983035,0.0009183507419196911,0.0035462068708179946,0.0026278561288983035
55,25,2,5,50,3,0.0015754518690656073,0.0017437093821400958,0.003319161251205703,0.0017437093821400958
55,26,2,6,50,4,0.0026225720176259325,0.0009201443266669734,0.003542716344292906,0.0026225720176259325
55,27,2,7,50,5,0.0035247853413934915,7.050419121167166e-05,0.0035952895326051633,0.0035247853413934915
55,28,2,8,50,6,0.0017608175005377434,0.00020850519411475834,0.0019693226946525017,0.0017608175005377434
55,29,2,9,50,7,0.0002962447358194614,0.0001917197373003962,0.00048796447311985755,0.0002962447358194614
55,30,3,0,50,7,7.524086157546267e-05,0.00012193601361227555,0.00019717687518773822,0.00012193601361227555
55,31,3,1,50,6,0.0013267999716792107,0.00017837234311167584,0.0015051723147908864,0.0013267999716792107
55,32,3,2,50,5,0.003560356285685059,6.980765871724562e-05,0.0036301639444023047,0.003560356285685059
55,33,3,3,50,4,0.0027454314399427736,0.0015012631179644122,0.004246694557907186,0.0027454314399427736
55,34,3,4,50,3,0.011391390719409408,0.005008909259016165,0.016400299978425573,0.011391390719409408
55,35,3,5,50,2,0.019825327825214203,0.007803910485685726,0.027629238310899928,0.019825327825214203
55,36,3,6,50,3,0.011404864012231565,0.005010315352954647,0.016415179365186213,0.011404864012231565
55,37,3,7,50,4,0.0027026618209785797,0.0014982518035744257,0.004200913624553005,0.0027026618209785797
55,38,3,8,50,5,0.0034797263764067255,5.1051773944213265e-05,0.0035307781503509388,0.0034797263764067255
55,39,3,9,50,6,0.0015370806226543154,0.00027197434757613375,0.0018090549702304492,0.0015370806226543154
55,40,4,0,50,6,0.000459003717609915,0.00015351615657156287,0.0006125198741814778,0.000459003717609915
55,41,4,1,50,5,0.00203232709994611,7.865912738230771e-05,0.002110986227328418,0.00203232709994611
55,42,4,2,50,4,0.0026278561289379116,0.0009183507419180755,0.0035462068708559872,0.0026278561289379116
55,43,4,3,50,3,0.01139139071939423,0.005008909259014924,0.016400299978409152,0.01139139071939423
55,44,4,4,50,2,0.0418804916504528,0.013542866305552086,0.055423357956004886,0.0418804916504528
55,45,4,5,50,1,0.11299983411195054,0.014474044669548741,0.1274738787814993,0.11299983411195054
55,46,4,6,50,2,0.04190004818309097,0.013543511295641436,0.055443559478732404,0.04190004818309097
55,47,4,7,50,3,0.011446800006535834,0.005001448993964876,0.01644824900050071,0.011446800006535834
55,48,4,8,50,4,0.002614089205277903,0.0008763354425523225,0.003490424647830226,0.002614089205277903
55,49,4,9,50,5,0.002578439215362871,0.00018365448185694185,0.002762093697219813,0.002578439215362871
55,50,5,0,50,5,0.0005798643184469745,0.00014541266050247393,0.0007252769789494485,0.0005798643184469745
55,51,5,1,50,4,0.0018221000291443982,7.725213712528474e-05,0.001899352166269683,0.0018221000291443982
55,52,5,2,50,3,0.0015754518690390415,0.001743709382138907,0.0033191612511779484,0.001743709382138907
55,53,5,3,50,2,0.01982532782523637,0.007803910485684858,0.027629238310921227,0.01982532782523637
55,54,5,4,50,1,0.1129998341119544,0.014474044669547232,0.12747387878150163,0.1129998341119544
55,55,5,5,50,0,2.0451238950452924,0.09555153451080622,2.1406754295560986,2.0451238950452924
55,56,5,6,50,1,0.11298982176109618,0.01447435528185711,0.1274641770429533,0.11298982176109618
55,57,5,7,50,2,0.019879844250013518,0.007794836114432359,0.027674680364445876,0.019879844250013518
55,58,5,8,50,3,0.0015690435935205552,0.0016985577125480107,0.0032676013060685656,0.0016985577125480107
55,59,5,9,50,4,0.002454094567270582,3.7897283827451335e-05,0.0024919918510980335,0.002454094567270582
55,60,6,0,50,6,0.0004642768361112727,0.00015225416374532835,0.0006165309998566011,0.0004642768361112727
55,61,6,1,50,5,0.0020340452539379665,7.713580689688384e-05,0.0021111810608348503,0.0020340452539379665
55,62,6,2,50,4,0.00262257201761944,0.0009201443266666018,0.0035427163442860415,0.00262257201761944
55,63,6,3,50,3,0.011404864012237679,0.005010315352955409,0.016415179365193086,0.011404864012237679
55,64,6,4,50,2,0.04190004818315391,0.01354351129564131,0.05544355947879522,0.04190004818315391
55,65,6,5,50,1,0.11298982176106331,0.014474355281855795,0.1274641770429191,0.11298982176106331
55,66,6,6,50,2,0.041919209976289395,0.013544158596716281,0.05546336857300568,0.041919209976289395
55,67,6,7,50,3,0.011459163184771677,0.005002960829378833,0.01646212401415051,0.011459163184771677
55,68,6,8,50,4,0.00261062643292282,0.0008785244615423156,0.0034891508944651355,0.00261062643292282
55,69,6,9,50,5,0.0025819990703469567,0.00018123370954214565,0.0027632327798891025,0.0025819990703469567
55,70,7,0,50,7,7.768798777200543e-05,0.00011852467212665463,0.00019621265989866005,0.00011852467212665463
55,71,7,1,50,6,0.001315543519185223,0.00017527551865459447,0.0014908190378398174,0.001315543519185223
55,72,7,2,50,5,0.0035247853414136325,7.050419121170554e-05,0.003595289532625338,0.0035247853414136325
55,73,7,3,50,4,0.0027026618209828584,0.0014982518035749274,0.004200913624557786,0.0027026618209828584
55,74,7,4,50,3,0.011446800006443984,0.00500144899396632,0.016448249000410305,0.011446800006443984
55,75,7,5,50,2,0.01987984425009439,0.007794836114433614,0.027674680364528005,0.01987984425009439
55,76,7,6,50,3,0.01145916318484492,0.005002960829378687,0.016462124014223607,0.01145916318484492
55,77,7,7,50,4,0.002662237853747813,0.0014956905331360612,0.004157928386883874,0.002662237853747813
55,78,7,8,50,5,0.003446915432939742,5.195048499330742e-05,0.0034988659179330493,0.003446915432939742
55,79,7,9,50,6,0.0015230971063029876,0.00026701137515745094,0.0017901084814604387,0.0015230971063029876
55,80,8,0,50,8,0.00021868803487965708,5.564190254607888e-05,0.00027432993742573596,0.00021868803487965708
55,81,8,1,50,7,0.00029566855579104775,0.00013750104259517256,0.0004331695983862203,0.00029566855579104775
55,82,8,2,50,6,0.0017608175005718058,0.0002085051941145992,0.001969322694686405,0.0017608175005718058
55,83,8,3,50,5,0.003479726376479783,5.105177394460869e-05,0.0035307781504243917,0.003479726376479783
55,84,8,4,50,4,0.0026140892053744397,0.0008763354425517695,0.003490424647926209,0.0026140892053744397
55,85,8,5,50,3,0.001569043593539858,0.0016985577125476633,0.0032676013060875214,0.0016985577125476633
55,86,8,6,50,4,0.002610626432882232,0.0008785244615431754,0.0034891508944254073,0.002610626432882232
55,87,8,7,50,5,0.003446915432894252,5.1950484993533204e-05,0.003498865917887785,0.003446915432894252
55,88,8,8,50,6,0.0016615020284488134,0.00021745770684143632,0.0018789597352902498,0.0016615020284488134
55,89,8,9,50,7,0.0002133902078054264,0.00018945863992486845,0.00040284884773029485,0.0002133902078054264
55,90,9,0,50,9,0.0002864593222217992,1.1562560583761508e-05,0.0002980218828055607,0.0002864593222217992
55,91,9,1,50,8,0.00024182906921193462,7.611481168929658e-05,0.0003179438809012312,0.00024182906921193462
55,92,9,2,50,7,0.00029624473577860116,0.0001917197373007644,0.0004879644730793656,0.00029624473577860116
55,93,9,3,50,6,0.0015370806226292077,0.0002719743475773527,0.0018090549702065603,0.0015370806226292077
55,94,9,4,50,5,0.0025784392154712776,0.0001836544818574279,0.0027620936973287054,0.0025784392154712776
55,95,9,5,50,4,0.0024540945672609,3.789728382811416e-05,0.002491991851089014,0.0024540945672609
55,96,9,6,50,5,0.0025819990703536922,0.00018123370954147879,0.002763232779895171,0.0025819990703536922
55,97,9,7,50,6,0.001523097106242088,0.00026701137515664045,0.0017901084813987285,0.001523097106242088
55,98,9,8,50,7,0.00021339020780289202,0.0001894586399247542,0.00040284884772764625,0.00021339020780289202
55,99,9,9,50,8,0.00044016698589809306,9.753671309477383e-05,0.0005377036989928669,0.00044016698589809306
55,0,0,0,51,10,0.00012907246201106527,1.110601964288338e-05,0.00014017848165394866,0.00012907246201106527
55,1,0,1,51,9,0.00021064172819679352,1.0439577482076896e-05,0.0002210813056788704,0.00021064172819679352
55,2,0,2,51,8,0.0001971659298156427,5.825406927359483e-05,0.00025541999908923756,0.0001971659298156427
55,3,0,3,51,7,0.00011558841962325931,0.00011946603795075357,0.00023505445757401286,0.00011946603795075357
55,4,0,4,51,6,0.0005524948685789313,0.00015289086584605285,0.0007053857344249841,0.0005524948685789313
55,5,0,5,51,5,0.0006879475714920718,0.00014614386496403578,0.0008340914364561076,0.0006879475714920718
55,6,0,6,51,6,0.0005580011821206285,0.0001516673627898819,0.0007096685449105104,0.0005580011821206285
55,7,0,7,51,7,0.00011748927079706805,0.00011608079558089068,0.00023357006637795874,0.00011748927079706805
55,8,0,8,51,8,0.00022652016711052143,5.2864404431533985e-05,0.0002793845715420554,0.00022652016711052143
55,9,0,9,51,9,0.0003214179387459524,9.333407914950633e-06,0.000330751346660903,0.0003214179387459524
55,10,1,0,51,9,0.00021064172834030914,1.0439577480493303e-05,0.00022108130582080244,0.00021064172834030914
55,11,1,1,51,8,0.00010918670126903443,5.655958682220327e-05,0.0001657462880912377,0.00010918670126903443
55,12,1,2,51,7,0.0004342421058158044,0.00013682482994848433,0.0005710669357642887,0.0004342421058158044
55,13,1,3,51,6,0.001511511511435453,0.00018252711655304213,0.0016940386279884951,0.001511511511435453
55,14,1,4,51,5,0.0022756023883268254,9.150803699113683e-05,0.0023671104253179622,0.0022756023883268254
55,15,1,5,51,4,0.0020432043954955997,6.0564818765979486e-05,0.002103769214261579,0.0020432043954955997
55,16,1,6,51,5,0.0022767002218008515,8.997688418467774e-05,0.002366677105985529,0.0022767002218008515
55,17,1,7,51,6,0.0014967842949239988,0.00017935471902582855,0.0016761390139498273,0.0014967842949239988
55,18,1,8,51,7,0.000366628745238659,0.00013585667412283924,0.0005024854193614982,0.000366628745238659
55,19,1,9,51,8,0.00024290544829378325,7.282305524535343e-05,0.0003157285035391367,0.00024290544829378325
55,20,2,0,51,8,0.0001971659299407684,5.825406927027971e-05,0.0002554199992110481,0.0001971659299407684
55,21,2,1,51,7,0.00043424210578600294,0.0001368248299479415,0.0005710669357339444,0.00043424210578600294
55,22,2,2,51,6,0.0020981419485104932,0.00020444531220661005,0.0023025872607171033,0.0020981419485104932
55,23,2,3,51,5,0.003929789225440276,5.1908799668085146e-05,0.003981698025108361,0.003929789225440276
55,24,2,4,51,4,0.0028415762222182045,0.0008618465291509309,0.0037034227513691354,0.0028415762222182045
55,25,2,5,51,3,0.0016217266962346253,0.0016792302059080665,0.003300956902142692,0.0016792302059080665
55,26,2,6,51,4,0.0028345499148973224,0.0008636778915764823,0.0036982278064738045,0.0028345499148973224
55,27,2,7,51,5,0.003888358844661411,5.232655827101062e-05,0.003940685402932421,0.003888358844661411
55,28,2,8,51,6,0.001994597961014437,0.00021461902514992258,0.0022092169861643598,0.001994597961014437
55,29,2,9,51,7,0.00038829608009262556,0.00018898956213448295,0.0005772856422271085,0.00038829608009262556
55,30,3,0,51,7,0.00011558841953057658,0.00011946603794757755,0.00023505445747815413,0.00011946603794757755
55,31,3,1,51,6,0.0015115115113864212,0.00018252711655268155,0.0016940386279391028,0.0015115115113864212
55,32,3,2,51,5,0.003929789225487181,5.190879966796079e-05,0.003981698025155142,0.003929789225487181
55,33,3,3,51,4,0.0028920938929122833,0.0014221523213033974,0.004314246214215681,0.0028920938929122833
55,34,3,4,51,3,0.01248016993979953,0.004886795673946952,0.017366965613746482,0.01248016993979953
55,35,3,5,51,2,0.02286562334376061,0.007720089627334456,0.030585712971095066,0.02286562334376061
55,36,3,6,51,3,0.012496734946834459,0.0048883078763735325,0.01738504282320799,0.012496734946834459
55,37,3,7,51,4,0.002842899437287956,0.0014195989144724958,0.004262498351760452,0.002842899437287956
55,38,3,8,51,5,0.0038496518187840856,4.5085082502560427e-05,0.003894736901286646,0.0038496518187840856
55,39,3,9,51,6,0.0017759512335132708,0.0002753064779754839,0.0020512577114887545,0.0017759512335132708
55,40,4,0,51,6,0.0005524948685126319,0.0001528908658441002,0.0007053857343567321,0.0005524948685126319
55,41,4,1,51,5,0.0022756023883251726,9.150803699018078e-05,0.002367110425315353,0.0022756023883251726
55,42,4,2,51,4,0.00284157622225844,0.0008618465291493366,0.0037034227514077768,0.00284157622225844
55,43,4,3,51,3,0.01248016993978533,0.004886795673945757,0.01736696561373109,0.01248016993978533
55,44,4,4,51,2,0.04803108789237871,0.0134767190577782,0.06150780695015691,0.04803108789237871
55,45,4,5,51,1,0.10237602012392978,0.01478319619196292,0.1171592163158927,0.10237602012392978
55,46,4,6,51,2,0.04805409183018634,0.01347752241136605,0.061531614241552395,0.04805409183018634
55,47,4,7,51,3,0.012541058833033943,0.0048799101986723905,0.017420969031706333,0.012541058833033943
55,48,4,8,51,4,0.002837534884269402,0.0008208726437363925,0.0036584075280057947,0.002837534884269402
55,49,4,9,51,5,0.0029128513504473623,0.00019798861125870467,0.003110839961706067,0.0029128513504473623
55,50,5,0,51,5,0.0006879475714169742,0.0001461438649631955,0.0008340914363801698,0.0006879475714169742
55,51,5,1,51,4,0.0020432043954551745,6.056481876541602e-05,0.0021037692142205906,0.0020432043954551745
55,52,5,2,51,3,0.0016217266962081807,0.0016792302059069077,0.003300956902115088,0.0016792302059069077
55,53,5,3,51,2,0.022865623343783885,0.007720089627333703,0.030585712971117587,0.022865623343783885
55,54,5,4,51,1,0.1023760201239364,0.014783196191961443,0.11715921631589785,0.1023760201239364
55,55,5,5,51,0,1.9907569554850604,0.09323730124982058,2.083994256734881,1.9907569554850604
55,56,5,6,51,1,0.10236619448957446,0.014783666191226513,0.11714986068080097,0.10236619448957446
55,57,5,7,51,2,0.022924789032569767,0.007711607284771475,0.030636396317341243,0.022924789032569767
55,58,5,8,51,3,0.0016033700025650489,0.001634945708534265,0.003238315711099314,0.001634945708534265
55,59,5,9,51,4,0.0027757218954925452,5.19361194675843e-05,0.0028276580149601297,0.0027757218954925452
55,60,6,0,51,6,0.0005580011822048374,0.00015166736279012308,0.0007096685449949605,0.0005580011822048374
55,61,6,1,51,5,0.0022767002218460944,8.997688418494989e-05,0.0023666771060310444,0.0022767002218460944
55,62,6,2,51,4,0.0028345499148899537,0.0008636778915762064,0.00369822780646616,0.0028345499148899537
55,63,6,3,51,3,0.012496734946841163,0.004888307876374307,0.01738504282321547,0.012496734946841163
55,64,6,4,51,2,0.04805409183025021,0.013477522411366015,0.061531614241616225,0.04805409183025021
55,65,6,5,51,1,0.10236619448955266,0.014783666191225273,0.11714986068077793,0.10236619448955266
55,66,6,6,51,2,0.048076600127921545,0.01347832389005619,0.061554924017977734,0.048076600127921545
55,67,6,7,51,3,0.012556317935954048,0.004881518403769014,0.01743783633972306,0.012556317935954048
55,68,6,8,51,4,0.0028325033622120022,0.0008230848809958421,0.0036555882432078445,0.0028325033622120022
55,69,6,9,51,5,0.002915544848243986,0.00019558685021565947,0.003111131698459645,0.002915544848243986
55,70,7,0,51,7,0.0001174892708522697,0.00011608079558274184,0.00023357006643501155,0.0001174892708522697
55,71,7,1,51,6,0.0014967842950449931,0.00017935471902605991,0.001676139014071053,0.0014967842950449931
55,72,7,2,51,5,0.003888358844681216,5.232655827116373e-05,0.00394068540295238,0.003888358844681216
55,73,7,3,51,4,0.002842899437291711,0.0014195989144730743,0.004262498351764786,0.002842899437291711
55,74,7,4,51,3,0.012541058832941184,0.004879910198673687,0.017420969031614872,0.012541058832941184
55,75,7,5,51,2,0.02292478903265124,0.007711607284772774,0.030636396317424014,0.02292478903265124
55,76,7,6,51,3,0.012556317936027895,0.004881518403768933,0.017437836339796828,0.012556317936027895
55,77,7,7,51,4,0.002796336104866665,0.001417476767052367,0.004213812871919032,0.002796336104866665
55,78,7,8,51,5,0.0038107232188170233,4.46930010105632e-05,0.0038554162198275867,0.0038107232188170233
55,79,7,9,51,6,0.0017568210378075294,0.0002702454875676117,0.002027066525375141,0.0017568210378075294
55,80,8,0,51,8,0.00022652016706507634,5.2864404434254276e-05,0.00027938457149933064,0.00022652016706507634
55,81,8,1,51,7,0.0003666287453121198,0.00013585667412478449,0.0005024854194369043,0.0003666287453121198
55,82,8,2,51,6,0.0019945979610482803,0.0002146190251497208,0.0022092169861980013,0.0019945979610482803
55,83,8,3,51,5,0.003849651818857748,4.508508250233632e-05,0.0038947369013600844,0.003849651818857748
55,84,8,4,51,4,0.0028375348843688347,0.0008208726437357635,0.003658407528104598,0.0028375348843688347
55,85,8,5,51,3,0.0016033700025855045,0.001634945708533979,0.0032383157111194835,0.001634945708533979
55,86,8,6,51,4,0.0028325033621702566,0.0008230848809967184,0.003655588243166975,0.0028325033621702566
55,87,8,7,51,5,0.0038107232187712062,4.469300101041466e-05,0.003855416219781621,0.0038107232187712062
55,88,8,8,51,6,0.001885667390688545,0.00022269753660233475,0.0021083649272908797,0.001885667390688545
55,89,8,9,51,7,0.00029093767134563106,0.00018611993243970802,0.0004770576037853391,0.00029093767134563106
55,90,9,0,51,9,0.0003214179384945929,9.333407917966034e-06,0.00033075134641255896,0.0003214179384945929
55,91,9,1,51,8,0.00024290544815704857,7.282305524669234e-05,0.00031572850340374093,0.00024290544815704857
55,92,9,2,51,7,0.000388296080050542,0.00018898956213471798,0.0005772856421852599,0.000388296080050542
55,93,9,3,51,6,0.0017759512334879965,0.00027530647797661874,0.0020512577114646154,0.0017759512334879965
55,94,9,4,51,5,0.0029128513505563103,0.00019798861125926143,0.003110839961815572,0.0029128513505563103
55,95,9,5,51,4,0.002775721895482508,5.1936119468392893e-05,0.002827658014950901,0.002775721895482508
55,96,9,6,51,5,0.002915544848250321,0.00019558685021499374,0.0031111316984653147,0.002915544848250321
55,97,9,7,51,6,0.0017568210377460593,0.00027024548756674095,0.0020270665253128003,0.0017568210377460593
55,98,9,8,51,7,0.000290937671342971,0.00018611993243960448,0.0004770576037825755,0.000290937671342971
55,99,9,9,51,8,0.00045748132507361763,9.25626632080162e-05,0.0005500439882816339,0.00045748132507361763
55,0,0,0,52,10,0.00015005870000080413,1.1800391735531936e-05,0.00016185909173633607,0.00015005870000080413
55,1,0,1,52,9,0.00022970031458327477,8.851486549479031e-06,0.0002385518011327538,0.00022970031458327477
55,2,0,2,52,8,0.00019632023470858898,5.5476413201616296e-05,0.0002517966479102053,0.00019632023470858898
55,3,0,3,52,7,0.00015936141082001294,0.00011663047156008858,0.00027599188238010156,0.00015936141082001294
55,4,0,4,52,6,0.0006438412924823135,0.00015174597924816767,0.0007955872717304812,0.0006438412924823135
55,5,0,5,52,5,0.0007932146387838536,0.0001463263960800417,0.0009395410348638953,0.0007932146387838536
55,6,0,6,52,6,0.0006495029660883664,0.00015056586073598703,0.0008000688268243534,0.0006495029660883664
55,7,0,7,52,7,0.00016000030830214479,0.00011328530895623435,0.00027328561725837913,0.00016000030830214479
55,8,0,8,52,8,0.00023248662594506367,4.99528989461393e-05,0.000282439524891203,0.00023248662594506367
55,9,0,9,52,9,0.0003542046013486697,7.1597396562662505e-06,0.00036136434100493596,0.0003542046013486697
55,10,1,0,52,9,0.00022970031472579024,8.85148654789516e-06,0.0002385518012736854,0.00022970031472579024
55,11,1,1,52,8,0.00010099508542777025,5.426579835044372e-05,0.00015526088377821397,0.00010099508542777025
55,12,1,2,52,7,0.0005122331706509865,0.00013517943870152376,0.0006474126093525103,0.0005122331706509865
55,13,1,3,52,6,0.0016873282212432443,0.00018598343384928028,0.0018733116550925246,0.0016873282212432443
55,14,1,4,52,5,0.002505756057881479,0.00010380481876600748,0.0026095608766474867,0.002505756057881479
55,15,1,5,52,4,0.002253359675289366,4.544745676903606e-05,0.002298807132058402,0.002253359675289366
55,16,1,6,52,5,0.002506179216075929,0.00010228042603216798,0.002608459642108097,0.002506179216075929
55,17,1,7,52,6,0.0016691350901500476,0.00018274958956764832,0.0018518846797176958,0.0016691350901500476
55,18,1,8,52,7,0.00043624179283574104,0.00013378835809277025,0.0005700301509285112,0.00043624179283574104
55,19,1,9,52,8,0.00024182776558762158,6.933479647416467e-05,0.00031116256206178625,0.00024182776558762158
55,20,2,0,52,8,0.0001963202348310585,5.547641319841794e-05,0.0002517966480294764,0.0001963202348310585
55,21,2,1,52,7,0.0005122331706219781,0.00013517943870104763,0.0006474126093230257,0.0005122331706219781
55,22,2,2,52,6,0.002326696547653365,0.00021058822025417855,0.0025372847679075434,0.002326696547653365
55,23,2,3,52,5,0.004275693817080933,4.631028031454911e-05,0.004322004097395482,0.004275693817080933
55,24,2,4,52,4,0.003044603762810794,0.0008050852940404268,0.0038496890568512207,0.003044603762810794
55,25,2,5,52,3,0.001670779599824899,0.0016131459048304658,0.003283925504655365,0.001670779599824899
55,26,2,6,52,4,0.0030357816774484064,0.0008069460536638664,0.003842727731112273,0.0030357816774484064
55,27,2,7,52,5,0.004228626066362877,4.590128422554498e-05,0.004274527350588422,0.004228626066362877
55,28,2,8,52,6,0.002216356813100288,0.00021989185018565622,0.002436248663285944,0.002216356813100288
55,29,2,9,52,7,0.00048027933325724316,0.00018566804518672193,0.000665947378443965,0.00048027933325724316
55,30,3,0,52,7,0.0001593614107255831,0.00011663047155709258,0.0002759918822826757,0.0001593614107255831
55,31,3,1,52,6,0.0016873282211951762,0.00018598343384895706,0.0018733116550441332,0.0016873282211951762
55,32,3,2,52,5,0.004275693817127984,4.631028031472257e-05,0.004322004097442707,0.004275693817127984
55,33,3,3,52,4,0.0030317089881139636,0.001342084741509771,0.004373793729623735,0.0030317089881139636
55,34,3,4,52,3,0.013511160738811118,0.00475817748510275,0.01826933822391387,0.013511160738811118
55,35,3,5,52,2,0.025794294443157773,0.007623812119229499,0.03341810656238727,0.025794294443157773
55,36,3,6,52,3,0.013530726965713336,0.004759787978181565,0.0182905149438949,0.013530726965713336
55,37,3,7,52,4,0.0029764174002530498,0.0013399902615446075,0.004316407661797657,0.0029764174002530498
55,38,3,8,52,5,0.004196936755173398,5.400112175081723e-05,0.004250937876924215,0.004196936755173398
55,39,3,9,52,6,0.0020049906277649215,0.0002776385547972693,0.0022826291825621906,0.0020049906277649215
55,40,4,0,52,6,0.0006438412924177975,0.00015174597924635523,0.0007955872716641527,0.0006438412924177975
55,41,4,1,52,5,0.002505756057880441,0.0001038048187651139,0.0026095608766455547,0.002505756057880441
55,42,4,2,52,4,0.003044603762851231,0.0008050852940388552,0.0038496890568900863,0.003044603762851231
55,43,4,3,52,3,0.013511160738797899,0.004758177485101601,0.0182693382238995,0.013511160738797899
55,44,4,4,52,2,0.05396284545092678,0.01338741005486666,0.06735025550579343,0.05396284545092678
55,45,4,5,52,1,0.0939749992428459,0.015054433480435317,0.10902943272328122,0.0939749992428459
55,46,4,6,52,2,0.05398918891384225,0.013388365853116454,0.06737755476695871,0.05398918891384225
55,47,4,7,52,3,0.013577024925663853,0.0047518816739074475,0.0183289065995713,0.013577024925663853
55,48,4,8,52,4,0.0030512904705871017,0.0007652805581424519,0.003816571028729554,0.0030512904705871017
55,49,4,9,52,5,0.0032308552276921402,0.00021125169974452234,0.0034421069274366625,0.0032308552276921402
55,50,5,0,52,5,0.0007932146387094214,0.00014632639607921606,0.0009395410347886375,0.0007932146387094214
55,51,5,1,52,4,0.0022533596752484517,4.544745676859202e-05,0.0022988071320170435,0.0022533596752484517
55,52,5,2,52,3,0.001670779599798654,0.0016131459048293359,0.0032839255046279896,0.001670779599798654
55,53,5,3,52,2,0.02579429444318219,0.00762381211922885,0.03341810656241104,0.02579429444318219
55,54,5,4,52,1,0.09397499924285593,0.015054433480433893,0.10902943272328983,0.09397499924285593
55,55,5,5,52,0,1.9379164397862587,0.091010728902259,2.0289271686885177,1.9379164397862587
55,56,5,6,52,1,0.09396679559276812,0.01505505981303774,0.10902185540580586,0.09396679559276812
55,57,5,7,52,2,0.025857563707339652,0.007615942448402182,0.033473506155741836,0.025857563707339652
55,58,5,8,52,3,0.0016398702762381,0.0015698699371915674,0.003209740213429667,0.0016398702762381
55,59,5,9,52,4,0.0030826442694882996,6.842100971828079e-05,0.0031510652792065804,0.0030826442694882996
55,60,6,0,52,6,0.0006495029661729547,0.00015056586073629446,0.0008000688269092492,0.0006495029661729547
55,61,6,1,52,5,0.002506179216120698,0.00010228042603240917,0.002608459642153107,0.002506179216120698
55,62,6,2,52,4,0.003035781677440179,0.0008069460536636823,0.0038427277311038613,0.003035781677440179
55,63,6,3,52,3,0.013530726965720599,0.004759787978182359,0.018290514943902957,0.013530726965720599
55,64,6,4,52,2,0.0539891889139068,0.01338836585311651,0.06737755476702331,0.0539891889139068
55,65,6,5,52,1,0.09396679559275968,0.01505505981303656,0.10902185540579624,0.09396679559275968
55,66,6,6,52,2,0.05401493544339852,0.01338931562174462,0.06740425106514314,0.05401493544339852
55,67,6,7,52,3,0.013595098139271086,0.004753578080070145,0.01834867621934123,0.013595098139271086
55,68,6,8,52,4,0.003044604989518694,0.0007675060747099526,0.0038121110642286467,0.003044604989518694
55,69,6,9,52,5,0.003232586362183433,0.00020888009663352463,0.0034414664588169577,0.003232586362183433
55,70,7,0,52,7,0.00016000030835830724,0.00011328530895796499,0.0002732856173162722,0.00016000030835830724
55,71,7,1,52,6,0.001669135090270426,0.00018274958956788587,0.001851884679838312,0.001669135090270426
55,72,7,2,52,5,0.004228626066382303,4.5901284225785756e-05,0.004274527350608089,0.004228626066382303
55,73,7,3,52,4,0.0029764174002564095,0.0013399902615452556,0.004316407661801665,0.0029764174002564095
55,74,7,4,52,3,0.013577024925570303,0.0047518816739085985,0.018328906599478903,0.013577024925570303
55,75,7,5,52,2,0.025857563707421385,0.007615942448403531,0.033473506155824916,0.025857563707421385
55,76,7,6,52,3,0.013595098139345427,0.0047535780800701186,0.018348676219415546,0.013595098139345427
55,77,7,7,52,4,0.0029240077157986315,0.0013383065594909317,0.004262314275289563,0.0029240077157986315
55,78,7,8,52,5,0.004152058034691891,5.226847132413947e-05,0.004204326506016031,0.004152058034691891
55,79,7,9,52,6,0.0019806720285373424,0.0002725017022039956,0.002253173730741338,0.0019806720285373424
55,80,8,0,52,8,0.00023248662590218616,4.9952898948609276e-05,0.0002824395248507954,0.00023248662590218616
55,81,8,1,52,7,0.00043624179290812856,0.00013378835809458854,0.0005700301510027171,0.00043624179290812856
55,82,8,2,52,6,0.002216356813133826,0.00021989185018541355,0.0024362486633192396,0.002216356813133826
55,83,8,3,52,5,0.004196936755247547,5.4001121750136564e-05,0.0042509378769976834,0.004196936755247547
55,84,8,4,52,4,0.0030512904706885826,0.0007652805581417506,0.0038165710288303335,0.0030512904706885826
55,85,8,5,52,3,0.0016398702762597179,0.001569869937191337,0.0032097402134510546,0.0016398702762597179
55,86,8,6,52,4,0.0030446049894761232,0.0007675060747108416,0.0038121110641869647,0.0030446049894761232
55,87,8,7,52,5,0.004152058034645864,5.2268471323635626e-05,0.004204326505969499,0.004152058034645864
55,88,8,8,52,6,0.0020986266816763036,0.00022708033532944355,0.0023257070170057473,0.0020986266816763036
55,89,8,9,52,7,0.0003694097407558998,0.0001822102349895287,0.0005516199757454285,0.0003694097407558998
55,90,9,0,52,9,0.0003542046010995572,7.159739659054339e-06,0.00036136434075861157,0.0003542046010995572
55,91,9,1,52,8,0.00024182776545242195,6.933479647541273e-05,0.0003111625619278347,0.00024182776545242195
55,92,9,2,52,7,0.00048027933321426604,0.00018566804518682867,0.0006659473784010947,0.00048027933321426604
55,93,9,3,52,6,0.0020049906277394233,0.00027763855479832217,0.0022826291825377453,0.0020049906277394233
55,94,9,4,52,5,0.00323085522780133,0.00021125169974514488,0.003442106927546475,0.00323085522780133
55,95,9,5,52,4,0.0030826442694778518,6.842100971910368e-05,0.0031510652791969553,0.0030826442694778518
55,96,9,6,52,5,0.00323258636218939,0.0002088800966328613,0.0034414664588222513,0.00323258636218939
55,97,9,7,52,6,0.001980672028475484,0.0002725017022030691,0.002253173730678553,0.001980672028475484
55,98,9,8,52,7,0.0003694097407531222,0.00018221023498943617,0.0005516199757425584,0.0003694097407531222
55,99,9,9,52,8,0.00047089018372932024,8.734620884477992e-05,0.0005582363925741001,0.00047089018372932024
55,0,0,0,53,10,0.00017032233745973942,1.243781777897201e-05,0.00018276015523871142,0.00017032233745973942
55,1,0,1,53,9,0.0002471949926179066,7.275824916680817e-06,0.0002544708175345874,0.0002471949926179066
55,2,0,2,53,8,0.00019387503392518567,5.2557366760401006e-05,0.0002464324006855867,0.00019387503392518567
55,3,0,3,53,7,0.0002037907532114943,0.0001134554676614064,0.00031724622087290073,0.0002037907532114943
55,4,0,4,53,6,0.00073207240607627,0.00015010899696329204,0.000882181403039562,0.00073207240607627
55,5,0,5,53,5,0.0008945933398054335,0.00014598471069421918,0.0010405780504996528,0.0008945933398054335
55,6,0,6,53,6,0.0007378210287240463,0.00014897687691881124,0.0008867979056428575,0.0007378210287240463
55,7,0,7,53,7,0.00020291479562757977,0.00011016384781559337,0.00031307864344317315,0.00020291479562757977
55,8,0,8,53,8,0.00023670000971927116,4.69243568299457e-05,0.0002836243665492169,0.00023670000971927116
55,9,0,9,53,9,0.00038463254046124974,5.112226367345137e-06,0.0003897447668285949,0.00038463254046124974
55,10,1,0,53,9,0.00024719499275927567,7.2758249151111076e-06,0.00025447081767438677,0.00024719499275927567
55,11,1,1,53,8,9.201075565810957e-05,5.1830999314137106e-05,0.0001438417549722467,9.201075565810957e-05
55,12,1,2,53,7,0.0005875174928153561,0.000133124703866808,0.0007206421966821641,0.0005875174928153561
55,13,1,3,53,6,0.001853200431907007,0.0001887617223350177,0.0020419621542420246,0.001853200431907007
55,14,1,4,53,5,0.0027216886134659194,0.00011548200754458992,0.0028371706210105095,0.0027216886134659194
55,15,1,5,53,4,0.002451191647922985,3.3222727033855057e-05,0.0024844143749568398,0.002451191647922985
55,16,1,6,53,5,0.0027213964418896256,0.00011397514111289825,0.002835371583002524,0.0027213964418896256
55,17,1,7,53,6,0.0018315906234099223,0.00018548038933915723,0.0020170710127490796,0.0018315906234099223
55,18,1,8,53,7,0.0005036396327250816,0.0001313226363944588,0.0006349622691195404,0.0005036396327250816
55,19,1,9,53,8,0.00023881066130993316,6.567147522778692e-05,0.00030448213653772006,0.00023881066130993316
55,20,2,0,53,8,0.0001938750340449063,5.2557366757319927e-05,0.00024643240080222625,0.0001938750340449063
55,21,2,1,53,7,0.0005875174927872669,0.00013312470386639687,0.0007206421966536638,0.0005875174927872669
55,22,2,2,53,6,0.0025411900653398546,0.00021593202743030003,0.0027571220927701547,0.0025411900653398546
55,23,2,3,53,5,0.004597068856156783,5.5576546155933214e-05,0.004652645402312716,0.004597068856156783
55,24,2,4,53,4,0.0032352495737491987,0.0007482771356047673,0.003983526709353966,0.0032352495737491987
55,25,2,5,53,3,0.0017213462171584044,0.0015457644039083506,0.003267110621066755,0.0017213462171584044
55,26,2,6,53,4,0.003224618497688556,0.0007501589538469986,0.003974777451535554,0.003224618497688556
55,27,2,7,53,5,0.0045446360201567716,5.427497504825531e-05,0.004598910995205027,0.0045446360201567716
55,28,2,8,53,6,0.002424896214901155,0.00022434465993401162,0.0026492408748351667,0.002424896214901155
55,29,2,9,53,7,0.0005704834099168985,0.00018179292799282452,0.0007522763379097231,0.0005704834099168985
55,30,3,0,53,7,0.0002037907531182031,0.00011345546765858774,0.0003172462207767908,0.0002037907531182031
55,31,3,1,53,6,0.0018532004318600223,0.00018876172233472956,0.002041962154194752,0.0018532004318600223
55,32,3,2,53,5,0.004597068856203914,5.5576546156387156e-05,0.004652645402360302,0.004597068856203914
55,33,3,3,53,4,0.0031629714112188486,0.0012613777520415989,0.004424349163260448,0.0031629714112188486
55,34,3,4,53,3,0.014479540679792345,0.004623828782494771,0.019103369462287117,0.014479540679792345
55,35,3,5,53,2,0.028588337486167036,0.007516178462210504,0.03610451594837754,0.028588337486167036
55,36,3,6,53,3,0.014501997022597227,0.004625529597237463,0.01912752661983469,0.014501997022597227
55,37,3,7,53,4,0.0031019750728988904,0.0012597412327615114,0.004361716305660401,0.0031019750728988904
55,38,3,8,53,5,0.004520452683310781,7.15081969408199e-05,0.004591960880251601,0.004520452683310781
55,39,3,9,53,6,0.0022225408958257537,0.0002790080925068202,0.002501548988332574,0.0022225408958257537
55,40,4,0,53,6,0.0007320724060137801,0.00015010899696161706,0.0008821814029753971,0.0007320724060137801
55,41,4,1,53,5,0.0027216886134655547,0.00011548200754375832,0.002837170621009313,0.0027216886134655547
55,42,4,2,53,4,0.003235249573789555,0.0007482771356032214,0.0039835267093927765,0.003235249573789555
55,43,4,3,53,3,0.014479540679780101,0.004623828782493662,0.019103369462273763,0.014479540679780101
55,44,4,4,53,2,0.059625007886253995,0.013276719092757338,0.07290172697901133,0.059625007886253995
55,45,4,5,53,1,0.08803032535235185,0.015289515612493719,0.10331984096484556,0.08803032535235185
55,46,4,6,53,2,0.059654550599640775,0.01327782098666547,0.07293237158630625,0.059654550599640775
55,47,4,7,53,3,0.014549872680313,0.004618134643619193,0.019168007323932194,0.014549872680313
55,48,4,8,53,4,0.003253281290411403,0.0007097603994019347,0.003963041689813338,0.003253281290411403
55,49,4,9,53,5,0.003530638942226678,0.00022344175517798908,0.0037540806974046674,0.003530638942226678
55,50,5,0,53,5,0.0008945933397318251,0.00014598471069340865,0.0010405780504252338,0.0008945933397318251
55,51,5,1,53,4,0.0024511916478816725,3.322272703357881e-05,0.0024844143749152515,0.0024511916478816725
55,52,5,2,53,3,0.0017213462171324478,0.0015457644039072512,0.003267110621039699,0.0017213462171324478
55,53,5,3,53,2,0.028588337486192602,0.007516178462209955,0.036104515948402555,0.028588337486192602
55,54,5,4,53,1,0.08803032535236581,0.015289515612492336,0.10331984096485815,0.08803032535236581
55,55,5,5,53,0,1.886587187301726,0.0888679795030062,1.9754551668047322,1.886587187301726
55,56,5,6,53,1,0.08802531433791458,0.015290294349601396,0.10331560868751598,0.08802531433791458
55,57,5,7,53,2,0.028655199335634495,0.007508938922659194,0.03616413825829369,0.028655199335634495
55,58,5,8,53,3,0.0016774453040610418,0.001503628603379647,0.003181073907440689,0.0016774453040610418
55,59,5,9,53,4,0.0033726902320627412,8.52890282044746e-05,0.0034579792602672157,0.0033726902320627412
55,60,6,0,53,6,0.0007378210288087546,0.00014897687691918214,0.0008867979057279367,0.0007378210288087546
55,61,6,1,53,5,0.0027213964419338637,0.00011397514111310765,0.0028353715830469715,0.0027213964419338637
55,62,6,2,53,4,0.0032246184976794886,0.000750158953846902,0.003974777451526391,0.0032246184976794886
55,63,6,3,53,3,0.014501997022605023,0.004625529597238275,0.019127526619843297,0.014501997022605023
55,64,6,4,53,2,0.05965455059970588,0.013277820986665604,0.07293237158637149,0.05965455059970588
55,65,6,5,53,1,0.08802531433792148,0.015290294349600308,0.10331560868752178,0.08802531433792148
55,66,6,6,53,2,0.0596833963118622,0.01327891274284601,0.07296230905470821,0.0596833963118622
55,67,6,7,53,3,0.0145706590557842,0.004619910976024022,0.01919057003180822,0.0145706590557842
55,68,6,8,53,4,0.0032448996672682934,0.0007119893805795645,0.0039568890478478575,0.0032448996672682934
55,69,6,9,53,5,0.00353133328585403,0.00022111073712252998,0.00375244402297656,0.00353133328585403
55,70,7,0,53,7,0.00020291479568322553,0.00011016384781720519,0.00031307864350043073,0.00020291479568322553
55,71,7,1,53,6,0.0018315906235295179,0.00018548038933939958,0.0020170710128689174,0.0018315906235295179
55,72,7,2,53,5,0.004544636020175788,5.4274975048472615e-05,0.00459891099522426,0.004544636020175788
55,73,7,3,53,4,0.0031019750729019565,0.0012597412327622261,0.004361716305664183,0.0031019750729019565
55,74,7,4,53,3,0.01454987268021876,0.004618134643620201,0.01916800732383896,0.01454987268021876
55,75,7,5,53,2,0.02865519933571629,0.007508938922660597,0.03616413825837689,0.02865519933571629
55,76,7,6,53,3,0.014570659055858939,0.004619910976024055,0.019190570031882993,0.014570659055858939
55,77,7,7,53,4,0.003044076676392412,0.0012584934310241342,0.0043025701074165465,0.003044076676392412
55,78,7,8,53,5,0.004469849987804732,6.901467059461803e-05,0.00453886465839935,0.004469849987804732
55,79,7,9,53,6,0.002193067524628454,0.0002738172005039447,0.0024668847251323985,0.002193067524628454
55,80,8,0,53,8,0.00023670000967904357,4.6924356832170684e-05,0.00028362436651121423,0.00023670000967904357
55,81,8,1,53,7,0.0005036396327960859,0.00013132263639615202,0.0006349622691922379,0.0005036396327960859
55,82,8,2,53,6,0.0024248962149343274,0.0002243446599337297,0.002649240874868057,0.0024248962149343274
55,83,8,3,53,5,0.004520452683385332,7.150819693998226e-05,0.004591960880325314,0.004520452683385332
55,84,8,4,53,4,0.0032532812905143576,0.0007097603994011654,0.003963041689915523,0.0032532812905143576
55,85,8,5,53,3,0.0016774453040837877,0.0015036286033794724,0.0031810739074632603,0.0016774453040837877
55,86,8,6,53,4,0.0032448996672251266,0.0007119893805804634,0.00395688904780559,0.0032448996672251266
55,87,8,7,53,5,0.004469849987758579,6.901467059393643e-05,0.004538864658352515,0.004469849987758579
55,88,8,8,53,6,0.002299201504275384,0.00023063126406939262,0.0025298327683447763,0.002299201504275384
55,89,8,9,53,7,0.0004469199243247626,0.00017776889108280395,0.0006246888154075665,0.0004469199243247626
55,90,9,0,53,9,0.0003846325402147196,5.112226369744434e-06,0.00038974476658446407,0.0003846325402147196
55,91,9,1,53,8,0.00023881066117637805,6.567147522894489e-05,0.0003044821364053229,0.00023881066117637805
55,92,9,2,53,7,0.000570483409873126,0.00018179292799280793,0.0007522763378659339,0.000570483409873126
55,93,9,3,53,6,0.002222540895799983,0.0002790080925077931,0.002501548988307776,0.002222540895799983
55,94,9,4,53,5,0.003530638942335915,0.00022344175517867345,0.0037540806975145885,0.003530638942335915
55,95,9,5,53,4,0.003372690232051843,8.52890282052747e-05,0.0034579792602571174,0.003372690232051843
55,96,9,6,53,5,0.0035313332858596383,0.00022111073712186935,0.0037524440229815075,0.0035313332858596383
55,97,9,7,53,6,0.0021930675245663304,0.0002738172005029672,0.0024668847250692975,0.0021930675245663304
55,98,9,8,53,7,0.0004469199243218744,0.00017776889108272277,0.0006246888154045971,0.0004469199243218744
55,99,9,9,53,8,0.0004805994403956427,8.191728788070862e-05,0.0005625167282763513,0.0004805994403956427
55,0,0,0,54,10,0.00018968270976778246,1.3017567651650151e-05,0.0002027002774194326,0.00018968270976778246
55,1,0,1,54,9,0.00026307805614607144,5.731041557040377e-06,0.00026880909770311183,0.00026307805614607144
55,2,0,2,54,8,0.0001900106852556849,4.9514014880307334e-05,0.00023952470013599225,0.0001900106852556849
55,3,0,3,54,7,0.00024777269826834245,0.00010996751411719798,0.0003577402123855404,0.00024777269826834245
55,4,0,4,54,6,0.0008164915462842244,0.0001480082614519063,0.0009644998077361306,0.0008164915462842244
55,5,0,5,54,5,0.0009913272463588606,0.00014514442762081258,0.001136471673979673,0.0009913272463588606
55,6,0,6,54,6,0.0008222639788695553,0.00014692845625197189,0.0009691924351215273,0.0008222639788695553
55,7,0,7,54,7,0.0002452590800439711,0.00010674232571168518,0.00035200140575565624,0.0002452590800439711
55,8,0,8,54,8,0.0002392862074952616,4.3795679749408986e-05,0.0002830818872446706,0.0002392862074952616
55,9,0,9,54,9,0.0004125729342543915,3.4008598721473838e-06,0.00041597379412653887,0.0004125729342543915
55,10,1,0,54,9,0.000263078056286185,5.731041555510946e-06,0.00026880909784169596,0.000263078056286185
55,11,1,1,54,8,8.244217544989285e-05,4.9270485343236135e-05,0.00013171266079312898,8.244217544989285e-05
55,12,1,2,54,7,0.0006594428314120975,0.00013068642428318625,0.0007901292556952837,0.0006594428314120975
55,13,1,3,54,6,0.0020083961863545416,0.0001908841722224525,0.002199280358576994,0.0020083961863545416
55,14,1,4,54,5,0.0029227440551964088,0.00012650122221927735,0.0030492452774156862,0.0029227440551964088
55,15,1,5,54,4,0.0026359137899351548,2.6910535513139825e-05,0.0026628243254482944,0.0026359137899351548
55,16,1,6,54,5,0.0029217070563720554,0.0001250205865222712,0.0030467276428943267,0.0029217070563720554
55,17,1,7,54,6,0.001983453972032204,0.00018756907238683584,0.00217102304441904,0.001983453972032204
55,18,1,8,54,7,0.0005682092949371403,0.00012848649041699597,0.0006966957853541363,0.0005682092949371403
55,19,1,9,54,8,0.00023407793924177012,6.18545258510856e-05,0.0002959324650928557,0.00023407793924177012
55,20,2,0,54,8,0.0001900106853725798,4.951401487734357e-05,0.00023952470024992336,0.0001900106853725798
55,21,2,1,54,7,0.0006594428313850014,0.00013068642428283803,0.0007901292556678394,0.0006594428313850014
55,22,2,2,54,6,0.0027408224612325413,0.0002204957184603574,0.0029613181796928987,0.0027408224612325413
55,23,2,3,54,5,0.004893523104643726,7.338623484847519e-05,0.004966909339492201,0.004893523104643726
55,24,2,4,54,4,0.0034128786742859715,0.0006916232979373861,0.004104501972223357,0.0034128786742859715
55,25,2,5,54,3,0.001772132923868275,0.0014773783944644417,0.0032495113183327166,0.001772132923868275
55,26,2,6,54,4,0.003400455175151204,0.0006935178880142236,0.004093973063165428,0.003400455175151204
55,27,2,7,54,5,0.004836035749873139,7.152943908732996e-05,0.004907565188960469,0.004836035749873139
55,28,2,8,54,6,0.002619401196355327,0.00022800073580136194,0.002847401932156689,0.002619401196355327
55,29,2,9,54,7,0.0006578195438693557,0.00017740263087625104,0.0008352221747456067,0.0006578195438693557
55,30,3,0,54,7,0.00024777269817724296,0.00010996751411455345,0.0003577402122917964,0.00024777269817724296
55,31,3,1,54,6,0.0020083961863087184,0.0001908841722221987,0.0021992803585309173,0.0020083961863087184
55,32,3,2,54,5,0.00489352310469089,7.338623484908459e-05,0.0049669093395399745,0.00489352310469089
55,33,3,3,54,4,0.0032856089169533377,0.0011803348379274023,0.0044659437548807395,0.0032856089169533377
55,34,3,4,54,3,0.015381375301916682,0.004484491661634059,0.019865866963550742,0.015381375301916682
55,35,3,5,54,2,0.031233936174214032,0.007398247134219264,0.03863218330843329,0.031233936174214032
55,36,3,6,54,3,0.015406592307483412,0.0044862747247093595,0.01989286703219277,0.015406592307483412
55,37,3,7,54,4,0.003219338389233628,0.0011791533554884625,0.0043984917447220905,0.003219338389233628
55,38,3,8,54,5,0.004819697381277603,9.207519511348704e-05,0.004911772576391089,0.004819697381277603
55,39,3,9,54,6,0.0024274059436721978,0.00027945477896306706,0.0027068607226352647,0.0024274059436721978
55,40,4,0,54,6,0.0008164915462238924,0.0001480082614503653,0.0009644998076742577,0.0008164915462238924
55,41,4,1,54,5,0.0029227440551967587,0.00012650122221850594,0.0030492452774152647,0.0029227440551967587
55,42,4,2,54,4,0.003412878674326056,0.0006916232979358667,0.004104501972261923,0.003412878674326056
55,43,4,3,54,3,0.015381375301905394,0.004484491661632993,0.019865866963538387,0.015381375301905394
55,44,4,4,54,2,0.06498816307267383,0.013146362999839704,0.07813452607251353,0.06498816307267383
55,45,4,5,54,1,0.08466030928308642,0.015490269576742382,0.1001505788598288,0.08466030928308642
55,46,4,6,54,2,0.06502074051570245,0.013147604261910015,0.07816834477761246,0.06502074051570245
55,47,4,7,54,3,0.015455669125063081,0.004479408396015048,0.019935077521078128,0.015455669125063081
55,48,4,8,54,4,0.003442588100058159,0.0006545046607651877,0.004097092760823347,0.003442588100058159
55,49,4,9,54,5,0.0038110233662672363,0.00023456381926738096,0.004045587185534617,0.0038110233662672363
55,50,5,0,54,5,0.0009913272462861583,0.00014514442762001792,0.0011364716739061763,0.0009913272462861583
55,51,5,1,54,4,0.002635913789893509,2.691053551310582e-05,0.0026628243254066147,0.002635913789893509
55,52,5,2,54,3,0.0017721329238426997,0.0014773783944633707,0.0032495113183060704,0.0017721329238426997
55,53,5,3,54,2,0.031233936174240744,0.007398247134218812,0.03863218330845956,0.031233936174240744
55,54,5,4,54,1,0.08466030928310452,0.015490269576741036,0.10015057885984555,0.08466030928310452
55,55,5,5,54,0,1.836750979406879,0.08680533672285946,1.9235563161297384,1.836750979406879
55,56,5,6,54,1,0.0846599381933204,0.015491196042934363,0.10015113423625477,0.0846599381933204
55,57,5,7,54,2,0.03130390092334809,0.007391652055912735,0.03869555297926082,0.03130390092334809
55,58,5,8,54,3,0.0017149946835918952,0.0014365045086276236,0.003151499192219519,0.0017149946835918952
55,59,5,9,54,4,0.0036445129556827993,0.00010180882796497581,0.003746321783647775,0.0036445129556827993
55,60,6,0,54,6,0.000822263978954218,0.00014692845625240348,0.0009691924352066214,0.000822263978954218
55,61,6,1,54,5,0.0029217070564157245,0.0001250205865224482,0.0030467276429381727,0.0029217070564157245
55,62,6,2,54,4,0.0034004551751413183,0.0006935178880142093,0.0040939730631555276,0.0034004551751413183
55,63,6,3,54,3,0.01540659230749171,0.0044862747247101835,0.019892867032201892,0.01540659230749171
55,64,6,4,54,2,0.06502074051576805,0.013147604261910239,0.07816834477767828,0.06502074051576805
55,65,6,5,54,1,0.0846599381933436,0.015491196042933333,0.10015113423627693,0.0846599381933436
55,66,6,6,54,2,0.06505252334292548,0.013148831339370632,0.07820135468229611,0.06505252334292548
55,67,6,7,54,3,0.015479050669680357,0.004481256320762409,0.019960306990442767,0.015479050669680357
55,68,6,8,54,4,0.0034324997146193345,0.0006567274266099626,0.004089227141229297,0.0034324997146193345
55,69,6,9,54,5,0.0038106238593894853,0.00023228317451969425,0.004042907033909179,0.0038106238593894853
55,70,7,0,54,7,0.00024525908009852184,0.00010674232571318062,0.00035200140581170245,0.00024525908009852184
55,71,7,1,54,6,0.001983453972150901,0.00018756907238708177,0.002171023044537983,0.001983453972150901
55,72,7,2,54,5,0.004836035749891722,7.152943908747685e-05,0.0049075651889791995,0.004836035749891722
55,73,7,3,54,4,0.003219338389236478,0.001179153355489239,0.004398491744725717,0.003219338389236478
55,74,7,4,54,3,0.01545566912496824,0.004479408396015926,0.019935077520984168,0.01545566912496824
55,75,7,5,54,2,0.031303900923429835,0.007391652055914184,0.03869555297934402,0.031303900923429835
55,76,7,6,54,3,0.015479050669755412,0.004481256320762489,0.0199603069905179,0.015479050669755412
55,77,7,7,54,4,0.0031563473796865924,0.001178337076533635,0.0043346844562202275,0.0031563473796865924
55,78,7,8,54,5,0.004763642239196155,8.914936965432459e-05,0.00485279160885048,0.004763642239196155
55,79,7,9,54,6,0.002392869762099389,0.00027423123267912884,0.0026671009947785177,0.002392869762099389
55,80,8,0,54,8,0.00023928620745774934,4.3795679751394803e-05,0.0002830818872091442,0.00023928620745774934
55,81,8,1,54,7,0.0005682092950065804,0.00012848649041856622,0.0006966957854251467,0.0005682092950065804
55,82,8,2,54,6,0.0026194011963880885,0.0002280007358010426,0.002847401932189131,0.0026194011963880885
55,83,8,3,54,5,0.004819697381352493,9.207519511262228e-05,0.004911772576465115,0.004819697381352493
55,84,8,4,54,4,0.003442588100162185,0.0006545046607643556,0.004097092760926541,0.003442588100162185
55,85,8,5,54,3,0.001714994683615702,0.0014365045086274998,0.0031514991922432017,0.001714994683615702
55,86,8,6,54,4,0.003432499714575738,0.0006567274266108694,0.0040892271411866075,0.003432499714575738
55,87,8,7,54,5,0.004763642239149944,8.914936965355752e-05,0.004852791608803502,0.004763642239149944
55,88,8,8,54,6,0.0024865853737871635,0.0002333776275926296,0.002719963001379793,0.0024865853737871635
55,89,8,9,54,7,0.0005223801788031156,0.00017283576456194664,0.0006952159433650622,0.0005223801788031156
55,90,9,0,54,9,0.00041257293401069067,3.4008598736439063e-06,0.00041597379388433456,0.00041257293401069067
55,91,9,1,54,8,0.00023407793910995667,6.185452585215453e-05,0.0002959324649621112,0.00023407793910995667
55,92,9,2,54,7,0.0006578195438248178,0.00017740263087611565,0.0008352221747009335,0.0006578195438248178
55,93,9,3,54,6,0.0024274059436461127,0.00027945477896396223,0.002706860722610075,0.0024274059436461127
55,94,9,4,54,5,0.0038110233663763786,0.0002345638192681227,0.004045587185644501,0.0038110233663763786
55,95,9,5,54,4,0.0036445129556714247,0.00010180882796574124,0.003746321783637166,0.0036445129556714247
55,96,9,6,54,5,0.003810623859394779,0.0002322831745190374,0.004042907033913816,0.003810623859394779
55,97,9,7,54,6,0.002392869762037096,0.0002742312326781048,0.0026671009947152008,0.002392869762037096
55,98,9,8,54,7,0.0005223801788001261,0.0001728357645618773,0.0006952159433620034,0.0005223801788001261
55,99,9,9,54,8,0.0004868475308858828,7.63058538527073e-05,0.0005631533847385901,0.0004868475308858828
55,0,0,0,55,10,0.00020799764084481783,1.3539249642815985e-05,0.00022153689048763381,0.00020799764084481783
55,1,0,1,55,9,0.0002773262823192829,4.251986980300423e-06,0.00028157826929958333,0.0002773262823192829
55,2,0,2,55,8,0.00018491226742112682,4.6363401299547246e-05,0.00023127566872067407,0.00018491226742112682
55,3,0,3,55,7,0.0002906674521750404,0.00010619327906531256,0.00039686073124035296,0.0002906674521750404
55,4,0,4,55,6,0.0008965610650919305,0.0001454727451562435,0.001042033810248174,0.0008965610650919305
55,5,0,5,55,5,0.0010828462266079253,0.00014383209723754556,0.0012266783238454708,0.0010828462266079253
55,6,0,6,55,6,0.0009022981774245067,0.0001444492588728893,0.001046747436297396,0.0009022981774245067
55,7,0,7,55,7,0.000286448796218971,0.00010304678564144729,0.00038949558186041826,0.000286448796218971
55,8,0,8,55,8,0.00024038057487197747,4.058367488812344e-05,0.0002809642497601009,0.00024038057487197747
55,9,0,9,55,9,0.00043794103938067126,2.691098118673731e-06,0.000440632137499345,0.00043794103938067126
55,10,1,0,55,9,0.00027732628245805564,4.251986978870597e-06,0.0002815782694369262,0.00027732628245805564
55,11,1,1,55,8,7.250431392552869e-05,4.659949577191461e-05,0.0001191038096974433,7.250431392552869e-05
55,12,1,2,55,7,0.0007275040376202306,0.0001278907647524475,0.0008553948023726782,0.0007275040376202306
55,13,1,3,55,6,0.002152401947323421,0.00019237445872952934,0.0023447764060529506,0.002152401947323421
55,14,1,4,55,5,0.003108560146348379,0.00013684045384417884,0.003245400600192558,0.003108560146348379
55,15,1,5,55,4,0.0028071080406247904,2.9437828177894013e-05,0.0028365458688026845,0.0028071080406247904
55,16,1,6,55,5,0.0031067586594310742,0.00013539348586418326,0.0032421521452952575,0.0031067586594310742
55,17,1,7,55,6,0.0021242409264924434,0.00018903901588581982,0.002313279942378263,0.0021242409264924434
55,18,1,8,55,7,0.000629478093364579,0.00012530716801676796,0.000754785261381347,0.000629478093364579
55,19,1,9,55,8,0.00022785824268340476,5.790531102571413e-05,0.0002857635537091189,0.00022785824268340476
55,20,2,0,55,8,0.00018491226753513266,4.6363401296700707e-05,0.00023127566883183337,0.00018491226753513266
55,21,2,1,55,7,0.0007275040375941745,0.00012789076475216025,0.0008553948023463348,0.0007275040375941745
55,22,2,2,55,6,0.0029250666047115183,0.00022430034874929136,0.0031493669534608097,0.0029250666047115183
55,23,2,3,55,5,0.0051650683514030595,9.428381825956874e-05,0.005259352169662628,0.0051650683514030595
55,24,2,4,55,4,0.0035775007153577092,0.0006353174589734759,0.004212818174331185,0.0035775007153577092
55,25,2,5,55,3,0.001821855783273975,0.0014082654616166593,0.0032301212448906345,0.001821855783273975
55,26,2,6,55,4,0.003563324573685696,0.0006372165783581014,0.004200541152043797,0.003563324573685696
55,27,2,7,55,5,0.005102866850260372,9.206873151958208e-05,0.0051949355817799536,0.005102866850260372
55,28,2,8,55,6,0.0027993228423398337,0.00023088530703437664,0.0030302081493742104,0.0027993228423398337
55,29,2,9,55,7,0.0007414800125889418,0.0001725360057167453,0.0009140160183056871,0.0007414800125889418
55,30,3,0,55,7,0.0002906674520866,0.00010619327906283856,0.0003968607311494386,0.0002906674520866
55,31,3,1,55,6,0.002152401947278815,0.0001923744587293084,0.002344776406008123,0.002152401947278815
55,32,3,2,55,5,0.005165068351450223,9.428381826026932e-05,0.005259352169710492,0.005165068351450223
55,33,3,3,55,4,0.003399991482948003,0.0010992463550283753,0.004499237837976378,0.003399991482948003
55,34,3,4,55,3,0.01621352465903218,0.004340875875047572,0.020554400534079753,0.01621352465903218
55,35,3,5,55,2,0.033722600042297816,0.007271033914882496,0.04099363395718031,0.033722600042297816
55,36,3,6,55,3,0.016241356601166747,0.004342733052520269,0.020584089653687014,0.016241356601166747
55,37,3,7,55,4,0.0033288989490327103,0.0010985150393810934,0.004427413988413804,0.0033288989490327103
55,38,3,8,55,5,0.0050945801954467565,0.00011340785360010757,0.005207988049046864,0.0050945801954467565
55,39,3,9,55,6,0.00261869798001404,0.0002790200822548483,0.0028977180622688885,0.00261869798001404
55,40,4,0,55,6,0.0008965610650338296,0.00014547274515483316,0.0010420338101886628,0.0008965610650338296
55,41,4,1,55,5,0.0031085601463494736,0.0001368404538434656,0.003245400600192939,0.0031085601463494736
55,42,4,2,55,4,0.003577500715397392,0.0006353174589719856,0.0042128181743693776,0.003577500715397392
55,43,4,3,55,3,0.016213524659021837,0.004340875875046546,0.020554400534068384,0.016213524659021837
55,44,4,4,55,2,0.07003516748113615,0.012997994237080143,0.0830331617182163,0.07003516748113615
55,45,4,5,55,1,0.08379433369303696,0.015658554292878858,0.09945288798591581,0.08379433369303696
55,46,4,6,55,2,0.07007059605308402,0.012999367810705617,0.08306996386378963,0.07007059605308402
55,47,4,7,55,3,0.016291280068363813,0.004336409942978192,0.020627690011342004,0.016291280068363813
55,48,4,8,55,4,0.003618998634882316,0.0005996985838485864,0.004218697218730903,0.003618998634882316
55,49,4,9,55,5,0.004071248384439608,0.0002446285644457771,0.004315876948885385,0.004071248384439608
55,50,5,0,55,5,0.0010828462265361739,0.00014383209723676705,0.001226678323772941,0.0010828462265361739
55,51,5,1,55,4,0.0028071080405828613,2.9437828178058944e-05,0.00283654586876092,0.0028071080405828613
55,52,5,2,55,3,0.0018218557832488686,0.0014082654616156185,0.003230121244864487,0.0018218557832488686
55,53,5,3,55,2,0.03372260004232566,0.007271033914882149,0.040993633957207815,0.03372260004232566
55,54,5,4,55,1,0.08379433369305903,0.015658554292877557,0.09945288798593659,0.08379433369305903
55,55,5,5,55,0,1.7883869029085806,0.08481920710385153,1.8732061100124322,1.7883869029085806
55,56,5,6,55,1,0.08379962302520857,0.015659623173536585,0.09945924619874516,0.08379962302520857
55,57,5,7,55,2,0.03379519556729992,0.007265094562589669,0.04106029012988959,0.03379519556729992
55,58,5,8,55,3,0.0017514395746206788,0.0013687652388655138,0.0031202048134861926,0.0017514395746206788
55,59,5,9,55,4,0.0038972849545088357,0.0001176774451260423,0.004014962399634878,0.0038972849545088357
55,60,6,0,55,6,0.0009022981775090049,0.0001444492588733791,0.001046747436382384,0.0009022981775090049
55,61,6,1,55,5,0.0031067586594741487,0.00013539348586432843,0.0032421521453384772,0.0031067586594741487
55,62,6,2,55,4,0.003563324573675014,0.0006372165783581663,0.00420054115203318,0.003563324573675014
55,63,6,3,55,3,0.01624135660117552,0.004342733052521106,0.020584089653696628,0.01624135660117552
55,64,6,4,55,2,0.07007059605315005,0.012999367810705915,0.08306996386385597,0.07007059605315005
55,65,6,5,55,1,0.08379962302524763,0.01565962317353563,0.09945924619878325,0.08379962302524763
55,66,6,6,55,2,0.07010513585985743,0.013000723227833884,0.08310585908769132,0.07010513585985743
55,67,6,7,55,3,0.016317123653246307,0.00433832111104399,0.020655444764290296,0.016317123653246307
55,68,6,8,55,4,0.003607217466106833,0.0006019055789855236,0.0042091230450923564,0.003607217466106833
55,69,6,9,55,5,0.0040697132969591,0.00024240747895129045,0.00431212077591039,0.0040697132969591
55,70,7,0,55,7,0.000286448796272146,0.00010304678564282883,0.0003894955819149748,0.000286448796272146
55,71,7,1,55,6,0.0021242409266101557,0.00018903901588606872,0.0023132799424962244,0.0021242409266101557
55,72,7,2,55,5,0.005102866850278506,9.206873151966312e-05,0.005194935581798169,0.005102866850278506
55,73,7,3,55,4,0.003328898949035406,0.0010985150393819268,0.004427413988417333,0.003328898949035406
55,74,7,4,55,3,0.016291280068268445,0.004336409942978935,0.02062769001124738,0.016291280068268445
55,75,7,5,55,2,0.033795195567381545,0.007265094562591155,0.0410602901299727,0.033795195567381545
55,76,7,6,55,3,0.016317123653321608,0.004338321111044123,0.020655444764365732,0.016317123653321608
55,77,7,7,55,4,0.0032612335040082983,0.0010981240918902227,0.004359357595898521,0.0032612335040082983
55,78,7,8,55,5,0.005033380491971281,0.00011018800689390718,0.005143568498865188,0.005033380491971281
55,79,7,9,55,6,0.0025792396050741987,0.00027378473405688814,0.002853024339131087,0.0025792396050741987
55,80,8,0,55,8,0.00024038057483723158,4.0583674889876285e-05,0.0002809642497271079,0.00024038057483723158
55,81,8,1,55,7,0.0006294780934323381,0.0001253071680182178,0.0007547852614505559,0.0006294780934323381
55,82,8,2,55,6,0.002799322842372147,0.00023088530703402202,0.003030208149406169,0.002799322842372147
55,83,8,3,55,5,0.005094580195521933,0.00011340785359925979,0.005207988049121193,0.005094580195521933
55,84,8,4,55,4,0.003618998634987116,0.0005996985838476956,0.004218697218834812,0.003618998634987116
55,85,8,5,55,3,0.0017514395746454539,0.0013687652388654418,0.0031202048135108955,0.0017514395746454539
55,86,8,6,55,4,0.0036072174660629333,0.0006019055789864351,0.004209123045049368,0.0036072174660629333
55,87,8,7,55,5,0.005033380491925068,0.00011018800689309006,0.005143568498818158,0.005033380491925068
55,88,8,8,55,6,0.0026602280929190632,0.00023534853309068748,0.0028955766260097505,0.0026602280929190632
55,89,8,9,55,7,0.0005950192735169279,0.00016745100070866305,0.0007624702742255909,0.0005950192735169279
55,90,9,0,55,9,0.00043794103913999204,2.691098118100235e-06,0.00044063213725809225,0.00043794103913999204
55,91,9,1,55,8,0.00022785824255341908,5.790531102669546e-05,0.00028576355358011455,0.00022785824255341908
55,92,9,2,55,7,0.0007414800125436458,0.00017253600571649614,0.0009140160182601419,0.0007414800125436458
55,93,9,3,55,6,0.002618697979987604,0.0002790200822556679,0.0028977180622432723,0.002618697979987604
55,94,9,4,55,5,0.004071248384548548,0.00024462856444657264,0.004315876948995121,0.004071248384548548
55,95,9,5,55,4,0.003897284954496969,0.00011767744512676975,0.004014962399623739,0.003897284954496969
55,96,9,6,55,5,0.004069713296964115,0.00024240747895063838,0.0043121207759147535,0.004069713296964115
55,97,9,7,55,6,0.002579239605011815,0.00027378473405582183,0.002853024339067637,0.002579239605011815
55,98,9,8,55,7,0.0005950192735138484,0.00016745100070860583,0.0007624702742224542,0.0005950192735138484
55,99,9,9,55,8,0.0004898972886728219,7.054184251008417e-05,0.000560439131182906,0.0004898972886728219
55,0,0,0,56,10,0.0002251520790707494,1.4002778552886422e-05,0.00023915485762363584,0.0002251520790707494
55,1,0,1,56,9,0.0002899362834948073,2.9275689851924274e-06,0.0002928638524799997,0.0002899362834948073
55,2,0,2,56,8,0.00017876647381950348,4.312249195960209e-05,0.00022188896577910556,0.00017876647381950348
55,3,0,3,56,7,0.00033201503522179614,0.0001021594683820988,0.0004341745036038949,0.00033201503522179614
55,4,0,4,56,6,0.0009718513378498119,0.00014253185261947578,0.0011143831904692875,0.0009718513378498119
55,5,0,5,56,5,0.0011687063628433346,0.00014207498635978767,0.0013107813492031224,0.0011687063628433346
55,6,0,6,56,6,0.000977497781911712,0.00014156836422728138,0.0011190661461389934,0.000977497781911712
55,7,0,7,56,7,0.00032605720690339924,9.910326332394792e-05,0.00042516047022734713,0.00032605720690339924
55,8,0,8,56,8,0.00024012473984343137,3.7305057416989094e-05,0.0002774297972604205,0.00024012473984343137
55,9,0,9,56,9,0.00046068788239762853,3.566067948367067e-06,0.0004642539503459956,0.00046068788239762853
55,10,1,0,56,9,0.0002899362836321697,2.927568984035038e-06,0.0002928638526162047,0.0002899362836321697
55,11,1,1,56,8,6.242500312977447e-05,4.3833160301308765e-05,0.00010625816343108324,6.242500312977447e-05
55,12,1,2,56,7,0.0007912969987467646,0.00012476409270763177,0.0009160610914543964,0.0007912969987467646
55,13,1,3,56,6,0.0022848683713316176,0.00019325748790167925,0.002478125859233297,0.0022848683713316176
55,14,1,4,56,5,0.003278983440302355,0.00014648792350182338,0.0034254713638041784,0.003278983440302355
55,15,1,5,56,4,0.0029646031822422314,3.834526463760107e-05,0.0030029484468798327,0.0029646031822422314
55,16,1,6,56,5,0.0032764068707130996,0.0001450811801647699,0.0034214880508778695,0.0032764068707130996
55,17,1,7,56,6,0.002253627424372683,0.00018991477188641656,0.0024435421962590996,0.002253627424372683
55,18,1,8,56,7,0.0006870668283889672,0.00012181202387831338,0.0008088788522672806,0.0006870668283889672
55,19,1,9,56,8,0.0002203812944940319,5.384507696732478e-05,0.0002742263714613567,0.0002203812944940319
55,20,2,0,56,8,0.00017876647393056872,4.312249195687232e-05,0.00022188896588744105,0.00017876647393056872
55,21,2,1,56,7,0.0007912969987217791,0.00012476409270740352,0.0009160610914291827,0.0007912969987217791
55,22,2,2,56,6,0.0030936024250206124,0.0002273687354261399,0.0033209711604467525,0.0030936024250206124
55,23,2,3,56,5,0.005411996257965839,0.00011598617077901892,0.005527982428744858,0.005411996257965839
55,24,2,4,56,4,0.003729520333970002,0.0005795476197803724,0.0043090679537503744,0.003729520333970002
55,25,2,5,56,3,0.0018692770005210185,0.001338688274348515,0.0032079652748695335,0.0018692770005210185
55,26,2,6,56,4,0.0037136501842311123,0.0005814430365760261,0.004295093220807138,0.0037136501842311123
55,27,2,7,56,5,0.005345444163266577,0.00011349853282325365,0.00545894269608983,0.005345444163266577
55,28,2,8,56,6,0.002964312913153175,0.00023302524075205253,0.003197338153905227,0.002964312913153175
55,29,2,9,56,7,0.0008208193681511326,0.00016723210692027901,0.0009880514750714117,0.0008208193681511326
55,30,3,0,56,7,0.0003320150351362481,0.00010215946837979125,0.00043417450351603936,0.0003320150351362481
55,31,3,1,56,6,0.0022848683712882656,0.00019325748790148938,0.002478125859189755,0.0022848683712882656
55,32,3,2,56,5,0.005411996258012974,0.00011598617077978496,0.005527982428792759,0.005411996258012974
55,33,3,3,56,4,0.0035068752785169925,0.0010183906430701064,0.004525265921587099,0.0035068752785169925
55,34,3,4,56,3,0.016973570221275946,0.004193658646859139,0.021167228868135084,0.016973570221275946
55,35,3,5,56,2,0.03604922408192757,0.007135511447180102,0.04318473552910767,0.03604922408192757
55,36,3,6,56,3,0.017003857092269523,0.004195581784848335,0.02119943887711786,0.017003857092269523
55,37,3,7,56,4,0.003431423655453845,0.0010181026632588221,0.004449526318712667,0.003431423655453845
55,38,3,8,56,5,0.005345295622566196,0.00013459766327059264,0.005479893285836789,0.005345295622566196
55,39,3,9,56,6,0.002795758322605128,0.00027774688670882507,0.003073505209313953,0.002795758322605128
55,40,4,0,56,6,0.0009718513377939803,0.00014253185261819224,0.0011143831904121726,0.0009718513377939803
55,41,4,1,56,5,0.003278983440304215,0.00014648792350116684,0.003425471363805382,0.003278983440304215
55,42,4,2,56,4,0.0037295203340091906,0.000579547619778912,0.004309067953788103,0.0037295203340091906
55,43,4,3,56,3,0.01697357022126653,0.004193658646858154,0.021167228868124683,0.01697357022126653
55,44,4,4,56,2,0.07475651569447206,0.012833199923724043,0.0875897156181961,0.07475651569447206
55,45,4,5,56,1,0.08515703390634576,0.015796233898944037,0.10095326780528979,0.08515703390634576
55,46,4,6,56,2,0.07479459650499537,0.012834698470276145,0.08762929497527151,0.07479459650499537
55,47,4,7,56,3,0.017054296603860528,0.004189813841849417,0.021244110445709945,0.017054296603860528
55,48,4,8,56,4,0.0037827362493012976,0.0005455223032658652,0.004328258552567163,0.0037827362493012976
55,49,4,9,56,5,0.004310855072166675,0.0002536512985616347,0.0045645063707283095,0.004310855072166675
55,50,5,0,56,5,0.0011687063627725566,0.00014207498635902482,0.0013107813491315815,0.0011687063627725566
55,51,5,1,56,4,0.0029646031822000585,3.834526463781871e-05,0.003002948446837877,0.0029646031822000585
55,52,5,2,56,3,0.0018692770004964604,0.0013386882743475048,0.0032079652748439654,0.0018692770004964604
55,53,5,3,56,2,0.03604922408195653,0.007135511447179839,0.04318473552913637,0.03604922408195653
55,54,5,4,56,1,0.0851570339063713,0.01579623389894277,0.10095326780531408,0.0851570339063713
55,55,5,5,56,0,1.7414716845476514,0.08290612071467977,1.8243778052623312,1.7414716845476514
55,56,5,6,56,1,0.08516840229549465,0.015797439331839743,0.1009658416273344,0.08516840229549465
55,57,5,7,56,2,0.03612399580307494,0.007130236094619848,0.043254231897694784,0.03612399580307494
55,58,5,8,56,3,0.0017857470711946087,0.0013006634105497809,0.0030864104817443895,0.0017857470711946087
55,59,5,9,56,4,0.004130532814609104,0.00013275126456428554,0.00426328407917339,0.004130532814609104
55,60,6,0,56,6,0.0009774977819959536,0.00014156836422782632,0.00111906614622378,0.0009774977819959536
55,61,6,1,56,5,0.0032764068707555613,0.0001450811801648837,0.0034214880509204453,0.0032764068707555613
55,62,6,2,56,4,0.0037136501842196584,0.0005814430365761645,0.004295093220795822,0.0037136501842196584
55,63,6,3,56,3,0.01700385709227874,0.004195581784849178,0.02119943887712792,0.01700385709227874
55,64,6,4,56,2,0.0747945965050618,0.012834698470276509,0.0876292949753383,0.0747945965050618
55,65,6,5,56,1,0.08516840229554784,0.01579743933183885,0.1009658416273867,0.08516840229554784
55,66,6,6,56,2,0.0748316987379774,0.012836174976394566,0.08766787371437197,0.0748316987379774
55,67,6,7,56,3,0.017082455785079602,0.004191779929846877,0.021274235714926478,0.017082455785079602
55,68,6,8,56,4,0.0037692963868144248,0.0005477040554474525,0.004317000442261877,0.0037692963868144248
55,69,6,9,56,5,0.004308156912063309,0.00025149836958895255,0.0045596552816522615,0.004308156912063309
55,70,7,0,56,7,0.00032605720695503984,9.91032633252183e-05,0.00042516047028025815,0.00032605720695503984
55,71,7,1,56,6,0.002253627424489341,0.00018991477188666782,0.0024435421963760087,0.002253627424489341
55,72,7,2,56,5,0.0053454441632842485,0.00011349853282327914,0.005458942696107528,0.0053454441632842485
55,73,7,3,56,4,0.0034314236554564333,0.0010181026632597088,0.0044495263187161425,0.0034314236554564333
55,74,7,4,56,3,0.017054296603764705,0.004189813841850031,0.021244110445614736,0.017054296603764705
55,75,7,5,56,2,0.03612399580315638,0.0071302360946213636,0.043254231897777745,0.03612399580315638
55,76,7,6,56,3,0.017082455785155076,0.004191779929847055,0.02127423571500213,0.017082455785155076
55,77,7,7,56,4,0.0033595133050819408,0.0010181290352654483,0.004377642340347389,0.0033595133050819408
55,78,7,8,56,5,0.005279288747625958,0.00013115084186823443,0.005410439589494193,0.005279288747625958
55,79,7,9,56,6,0.002751560537424718,0.0002725199704918958,0.003024080507916614,0.002751560537424718
55,80,8,0,56,8,0.00024012473981149037,3.730505741851567e-05,0.000277429797230006,0.00024012473981149037
55,81,8,1,56,7,0.0006870668284549632,0.0001218120238796457,0.0008088788523346089,0.0006870668284549632
55,82,8,2,56,6,0.00296431291318501,0.00023302524075166425,0.0031973381539366743,0.00296431291318501
55,83,8,3,56,5,0.005345295622641612,0.00013459766326977864,0.0054798932859113905,0.005345295622641612
55,84,8,4,56,4,0.003782736249406648,0.0005455223032649215,0.00432825855267157,0.003782736249406648
55,85,8,5,56,3,0.0017857470712202414,0.001300663410549757,0.0030864104817699984,0.0017857470712202414
55,86,8,6,56,4,0.0037692963867703225,0.0005477040554483657,0.004317000442218688,0.0037692963867703225
55,87,8,7,56,5,0.005279288747579792,0.00013115084186738217,0.005410439589447175,0.005279288747579792
55,88,8,8,56,6,0.0028197716603809587,0.00023657457885090712,0.003056346239231866,0.0028197716603809587
55,89,8,9,56,7,0.0006642311659305704,0.00016165480582259017,0.0008258859717531606,0.0006642311659305704
55,90,9,0,56,9,0.00046068788216012597,3.566067946230576e-06,0.0004642539501063565,0.00046068788216012597
55,91,9,1,56,8,0.0002203812943659503,5.3845076968220273e-05,0.0002742263713341706,0.0002203812943659503
55,92,9,2,56,7,0.0008208193681050784,0.00016723210691992096,0.0009880514750249994,0.0008208193681050784
55,93,9,3,56,6,0.002795758322578312,0.0002777468867095713,0.0030735052092878833,0.002795758322578312
55,94,9,4,56,5,0.004310855072275324,0.00025365129856248054,0.004564506370837805,0.004310855072275324
55,95,9,5,56,4,0.004130532814596735,0.00013275126456497398,0.0042632840791617084,0.004130532814596735
55,96,9,6,56,5,0.004308156912068081,0.0002514983695883066,0.004559655281656388,0.004308156912068081
55,97,9,7,56,6,0.0027515605373623127,0.0002725199704907913,0.003024080507853104,0.0027515605373623127
55,98,9,8,56,7,0.0006642311659274138,0.00016165480582254544,0.0008258859717499592,0.0006642311659274138
55,99,9,9,56,8,0.0004900290249875198,6.465519709453837e-05,0.0005546842220820581,0.0004900290249875198
55,0,0,0,57,10,0.00024105246800325053,1.4408347670590083e-05,0.0002554608156738406,0.00024105246800325053
55,1,0,1,57,9,0.00030092119781570956,2.0431154539721313e-06,0.0003029643132696817,0.00030092119781570956
55,2,0,2,57,8,0.00017175889125259513,3.980816243066974e-05,0.00021156705368326488,0.00017175889125259513
55,3,0,3,57,7,0.0003714483730416315,9.789269552795338e-05,0.00046934106856958487,0.0003714483730416315
55,4,0,4,57,6,0.0010420154499897313,0.00013921523693653985,0.0011812306869262712,0.0010420154499897313
55,5,0,5,57,5,0.0012485590765578844,0.00013990087809790427,0.0013884599546557888,0.0012485590765578844
55,6,0,6,57,6,0.0010475198207469593,0.0001383150894912535,0.001185834910238213,0.0010475198207469593
55,7,0,7,57,7,0.00036374219568817255,9.493766278864611e-05,0.00045867985847681864,0.00036374219568817255
55,8,0,8,57,8,0.00023866387641126714,3.397649648764646e-05,0.0002726403728989136,0.00023866387641126714
55,9,0,9,57,9,0.00048079467320055497,5.236855308402886e-06,0.00048603152850895784,0.00048079467320055497
55,10,1,0,57,9,0.00030092119795160395,2.043115453622644e-06,0.0003029643134052266,0.00030092119795160395
55,11,1,1,57,8,5.245980671098404e-05,4.0986458085328496e-05,9.344626479631253e-05,5.245980671098404e-05
55,12,1,2,57,7,0.0008504963441778049,0.00012133282811781751,0.0009718291722956224,0.0008504963441778049
55,13,1,3,57,6,0.002405577511366823,0.0001935591638240302,0.002599136675190853,0.002405577511366823
55,14,1,4,57,5,0.0034340170834545915,0.00015543882078352628,0.0035894559042381176,0.0034340170834545915
55,15,1,5,57,4,0.003108402519256553,4.9752216328520405e-05,0.003158154735585073,0.003108402519256553
55,16,1,6,57,5,0.0034306633761216256,0.00015407817982950934,0.0035847415559511348,0.0034306633761216256
55,17,1,7,57,6,0.0023714175545600765,0.00019022184033389,0.0025616393948939666,0.0023714175545600765
55,18,1,8,57,7,0.0007406678595551211,0.00011802837323906768,0.0008586962327941887,0.0007406678595551211
55,19,1,9,57,8,0.00021187462563983968,4.969493898373855e-05,0.0002615695646235782,0.00021187462563983968
55,20,2,0,57,8,0.00017175889136067865,3.980816242805616e-05,0.00021156705378873482,0.00017175889136067865
55,21,2,1,57,7,0.0008504963441539104,0.00012133282811764577,0.0009718291722715562,0.0008504963441539104
55,22,2,2,57,6,0.0032462756485414305,0.0002297251798770426,0.003476000828418473,0.0032462756485414305
55,23,2,3,57,5,0.005634799779120358,0.00013757836571402267,0.0057723781448343805,0.005634799779120358
55,24,2,4,57,4,0.0038695807143340043,0.0005244989577997219,0.004394079672133726,0.0038695807143340043
55,25,2,5,57,3,0.001913235696618681,0.0012688948402528666,0.0031821305368715477,0.001913235696618681
55,26,2,6,57,4,0.0038520909217705603,0.0005263823758271884,0.0043784732975977484,0.0038520909217705603
55,27,2,7,57,5,0.005564278284774126,0.00013486161534579703,0.005699139900119923,0.005564278284774126
55,28,2,8,57,6,0.0031141834148204106,0.00023444876044106884,0.0033486321752614796,0.0031141834148204106
55,29,2,9,57,7,0.0008953058796699147,0.0001615299809168683,0.001056835860586783,0.0008953058796699147
55,30,3,0,57,7,0.0003714483729590988,9.789269552580804e-05,0.00046934106848490684,0.0003714483729590988
55,31,3,1,57,6,0.0024055775113247502,0.00019355916382386972,0.00259913667514862,0.0024055775113247502
55,32,3,2,57,5,0.005634799779167442,0.00013757836571484257,0.005772378144882284,0.005634799779167442
55,33,3,3,57,4,0.0036072340367731036,0.0009380356480442815,0.004545269684817385,0.0036072340367731036
55,34,3,4,57,3,0.017659753252943253,0.0040434846404853635,0.021703237893428616,0.017659753252943253
55,35,3,5,57,2,0.038211029739741394,0.006992609014688138,0.04520363875442953,0.038211029739741394
55,36,3,6,57,3,0.017692322710121472,0.0040454656027538284,0.0217377883128753,0.017692322710121472
55,37,3,7,57,4,0.003527889442062097,0.000938182155684503,0.0044660715977466,0.003527889442062097
55,38,3,8,57,5,0.0055722435100078165,0.00015523660975776536,0.005727480119765582,0.0055722435100078165
55,39,3,9,57,6,0.0029581119143566475,0.0002756791566989215,0.003233791071055569,0.0029581119143566475
55,40,4,0,57,6,0.0010420154499361845,0.0001392152369353789,0.0011812306868715634,0.0010420154499361845
55,41,4,1,57,5,0.003434017083457233,0.00015543882078292403,0.0035894559042401572,0.003434017083457233
55,42,4,2,57,4,0.0038695807143726353,0.0005244989577982925,0.004394079672170928,0.0038695807143726353
55,43,4,3,57,3,0.01765975325293474,0.004043484640484419,0.02170323789341916,0.01765975325293474
55,44,4,4,57,2,0.0791477959304991,0.01265350124321526,0.09180129717371437,0.0791477959304991
55,45,4,5,57,1,0.08832964317994374,0.015905157790607367,0.1042348009705511,0.08832964317994374
55,46,4,6,57,2,0.07918831788539667,0.012655117186852482,0.09184343507224915,0.07918831788539667
55,47,4,7,57,3,0.017742973081913943,0.004040262169588243,0.021783235251502185,0.017742973081913943
55,48,4,8,57,4,0.0039342912071896885,0.0004921540913164695,0.004426445298506158,0.0039342912071896885
55,49,4,9,57,5,0.004529614967695281,0.00026165121253228805,0.004791266180227569,0.004529614967695281
55,50,5,0,57,5,0.0012485590764880902,0.00013990087809715717,0.0013884599545852473,0.0012485590764880902
55,51,5,1,57,4,0.0031084025192141722,4.9752216328717276e-05,0.0031581547355428894,0.0031084025192141722
55,52,5,2,57,3,0.0019132356965947405,0.0012688948402518874,0.003182130536846628,0.0019132356965947405
55,53,5,3,57,2,0.038211029739771425,0.0069926090146879664,0.04520363875445939,0.038211029739771425
55,54,5,4,57,1,0.08832964317997219,0.015905157790606143,0.10423480097057833,0.08832964317997219
55,55,5,5,57,0,1.6959799988231874,0.08106273128116068,1.777042730104348,1.6959799988231874
55,56,5,6,57,1,0.08834695419424343,0.015906493445469055,0.10425344763971249,0.08834695419424343
55,57,5,7,57,2,0.03828754199964603,0.006988003027773783,0.04527554502741981,0.03828754199964603
55,58,5,8,57,3,0.0018169528111888413,0.0012324369769963488,0.0030493897881851903,0.0018169528111888413
55,59,5,9,57,4,0.004344040601851371,0.00014695638181735297,0.004490996983668724,0.004344040601851371
55,60,6,0,57,6,0.0010475198208308675,0.00013831508949185118,0.0011858349103227187,0.0010475198208308675
55,61,6,1,57,5,0.00343066337616346,0.00015407817982959258,0.003584741555993052,0.00343066337616346
55,62,6,2,57,4,0.0038520909217583587,0.0005263823758273969,0.004378473297585755,0.0038520909217583587
55,63,6,3,57,3,0.01769232271013111,0.004045465602754681,0.02173778831288579,0.01769232271013111
55,64,6,4,57,2,0.07918831788546346,0.012655117186852922,0.09184343507231638,0.07918831788546346
55,65,6,5,57,1,0.08834695419430838,0.015906493445468226,0.1042534476397766,0.08834695419430838
55,66,6,6,57,2,0.07922777655214853,0.012656707306235502,0.09188448385838403,0.07922777655214853
55,67,6,7,57,3,0.01777328987438147,0.004042274917353426,0.021815564791734895,0.01777328987438147
55,68,6,8,57,4,0.003919243741348251,0.0004943011199765432,0.004413544861324795,0.003919243741348251
55,69,6,9,57,5,0.004525739793841883,0.0002595744505659592,0.004785314244407842,0.004525739793841883
55,70,7,0,57,7,0.00036374219573817926,9.49376627898081e-05,0.00045867985852798734,0.00036374219573817926
55,71,7,1,57,6,0.0023714175546756247,0.00019022184033414292,0.0025616393950097676,0.0023714175546756247
55,72,7,2,57,5,0.005564278284791324,0.00013486161534577567,0.0056991399001371,0.005564278284791324
55,73,7,3,57,4,0.0035278894420646156,0.0009381821556854364,0.004466071597750052,0.0035278894420646156
55,74,7,4,57,3,0.01774297308181773,0.004040262169588731,0.02178323525140646,0.01774297308181773
55,75,7,5,57,2,0.038287541999727254,0.006988003027775338,0.04527554502750259,0.038287541999727254
55,76,7,6,57,3,0.017773289874457057,0.004042274917353649,0.021815564791810706,0.017773289874457057
55,77,7,7,57,4,0.003452167724281773,0.000938615967256418,0.004390783691538191,0.003452167724281773
55,78,7,8,57,5,0.005501790721846942,0.00015160282664362928,0.005653393548490571,0.005501790721846942
55,79,7,9,57,6,0.002909394638211845,0.0002704802114209676,0.0031798748496328125,0.002909394638211845
55,80,8,0,57,8,0.00023866387638215824,3.3976496488953704e-05,0.00027264037287111196,0.00023866387638215824
55,81,8,1,57,7,0.0007406678596192949,0.0001180283732402854,0.0008586962328595803,0.0007406678596192949
55,82,8,2,57,6,0.003114183414851741,0.000234448760440649,0.0033486321752923902,0.003114183414851741
55,83,8,3,57,5,0.005572243510083426,0.0001552366097569922,0.005727480119840418,0.005572243510083426
55,84,8,4,57,4,0.003934291207295412,0.0004921540913154785,0.0044264452986108906,0.003934291207295412
55,85,8,5,57,3,0.0018169528112152078,0.0012324369769963716,0.0030493897882115793,0.0018169528112152078
55,86,8,6,57,4,0.003919243741304029,0.0004943011199774537,0.004413544861281482,0.003919243741304029
55,87,8,7,57,5,0.00550179072180087,0.00015160282664275008,0.00565339354844362,0.00550179072180087
55,88,8,8,57,6,0.002965011036133644,0.0002370875697243081,0.003202098605857952,0.002965011036133644
55,89,8,9,57,7,0.0007295175553516441,0.0001554872457176359,0.0008850048010692799,0.0007295175553516441
55,90,9,0,57,9,0.0004807946729663571,5.236855305895186e-06,0.00048603152827225227,0.0004807946729663571
55,91,9,1,57,8,0.0002118746255137294,4.969493898455023e-05,0.0002615695644982796,0.0002118746255137294
55,92,9,2,57,7,0.0008953058796231012,0.00016152998091640633,0.0010568358605395076,0.0008953058796231012
55,93,9,3,57,6,0.0029581119143294267,0.00027567915669959674,0.0032337910710290236,0.0029581119143294267
55,94,9,4,57,5,0.004529614967803561,0.0002616512125331807,0.004791266180336742,0.004529614967803561
55,95,9,5,57,4,0.004344040601838493,0.00014695638181800214,0.0044909969836564945,0.004344040601838493
55,96,9,6,57,5,0.00452573979384645,0.00025957445056532045,0.004785314244411771,0.00452573979384645
55,97,9,7,57,6,0.002909394638149483,0.0002704802114198288,0.0031798748495693117,0.002909394638149483
55,98,9,8,57,7,0.0007295175553484238,0.00015548724571760392,0.0008850048010660277,0.0007295175553484238
55,99,9,9,57,8,0.00048753452466309663,5.867598888382293e-05,0.0005462105135469196,0.00048753452466309663
55,0,0,0,58,10,0.00025562364167948056,1.4756403413369525e-05,0.0002703800450928501,0.00025562364167948056
55,1,0,1,58,9,0.00031030811976554516,2.1630923589977744e-06,0.00031247121212454296,0.00031030811976554516
55,2,0,2,58,8,0.00016407162573424074,3.643722163618473e-05,0.00020050884737042547,0.00016407162573424074
55,3,0,3,58,7,0.0004086611831654414,9.341936445652523e-05,0.0005020805476219667,0.0004086611831654414
55,4,0,4,58,6,0.0011067752159460336,0.00013555263042260344,0.001242327846368637,0.0011067752159460336
55,5,0,5,58,5,0.0013221336401118796,0.00013733788640747765,0.0014594715265193571,0.0013221336401118796
55,6,0,6,58,6,0.0011120903446665041,0.0001347188221977747,0.0012468091668642789,0.0011120903446665041
55,7,0,7,58,7,0.0003992186293785666,9.057564489034397e-05,0.0004897942742689105,0.0003992186293785666
55,8,0,8,58,8,0.00023614435214046979,3.061473357903965e-05,0.00026675908571950944,0.00023614435214046979
55,9,0,9,58,9,0.0004982686361562541,7.120093788764289e-06,0.0005053887299450184,0.0004982686361562541
55,10,1,0,58,9,0.000310308119899923,2.163092359886993e-06,0.00031247121225981,0.000310308119899923
55,11,1,1,58,8,4.2925143152957295e-05,3.8074193117397184e-05,8.099933627035447e-05,4.2925143152957295e-05
55,12,1,2,58,7,0.0009048431445245585,0.00011762330653339812,0.0010224664510579565,0.0009048431445245585
55,13,1,3,58,6,0.002514420972928354,0.0001933061754473822,0.0027077271483757362,0.002514420972928354
55,14,1,4,58,5,0.0035737863040469766,0.00016369342092987613,0.0037374797249768526,0.0035737863040469766
55,15,1,5,58,4,0.003238637971552033,6.1824641546369e-05,0.003300462613098402,0.003238637971552033
55,16,1,6,58,5,0.0035696615134649425,0.00016238419018976865,0.003732045703654711,0.0035696615134649425
55,17,1,7,58,6,0.002477522121427519,0.00018998646155662396,0.002667508582984143,0.002477522121427519
55,18,1,8,58,7,0.0007900333807137646,0.0001139833589378593,0.0009040167396516239,0.0007900333807137646
55,19,1,9,58,8,0.00020256074106592974,4.54759128112563e-05,0.00024803665387718605,0.00020256074106592974
55,20,2,0,58,8,0.00016407162583931056,3.6437221633686796e-05,0.00020050884747299736,0.00016407162583931056
55,21,2,1,58,7,0.0009048431445017675,0.00011762330653328127,0.0010224664510350488,0.0009048431445017675
55,22,2,2,58,6,0.003383069444974504,0.0002313952172202956,0.0036144646621948,0.003383069444974504
55,23,2,3,58,5,0.005834119801348566,0.0001586452403787099,0.005992765041727276,0.005834119801348566
55,24,2,4,58,4,0.003998462832280936,0.0004703582924803377,0.004468821124761274,0.003998462832280936
55,25,2,5,58,3,0.0019526719450292755,0.0011991188289379924,0.0031517907739672677,0.0019526719450292755
55,26,2,6,58,4,0.003979441078504254,0.0004722212073215539,0.004451662285825808,0.003979441078504254
55,27,2,7,58,5,0.0057600229094552854,0.00015572671284621114,0.0059157496223014965,0.0057600229094552854
55,28,2,8,58,6,0.0032488791733569235,0.00023518518969111563,0.003484064363048039,0.0032488791733569235
55,29,2,9,58,7,0.0009644987718653898,0.0001554684745155472,0.001119967246380937,0.0009644987718653898
55,30,3,0,58,7,0.0004086611830859873,9.341936445453736e-05,0.0005020805475405247,0.0004086611830859873
55,31,3,1,58,6,0.002514420972887578,0.00019330617544724936,0.0027077271483348275,0.002514420972887578
55,32,3,2,58,5,0.0058341198013955806,0.00015864524037957644,0.005992765041775157,0.0058341198013955806
55,33,3,3,58,4,0.003702147116407284,0.0008584413096187279,0.004560588426026012,0.003702147116407284
55,34,3,4,58,3,0.018270920106461672,0.003890966070151925,0.022161886176613597,0.018270920106461672
55,35,3,5,58,2,0.04020694142530946,0.006843212514612979,0.047050153939922436,0.04020694142530946
55,36,3,6,58,3,0.01830558938523347,0.0038929967726561675,0.022198586157889638,0.01830558938523347
55,37,3,7,58,4,0.003619373422882499,0.000859011314666264,0.004478384737548763,0.003619373422882499
55,38,3,8,58,5,0.005775975422675844,0.00017511671346796018,0.005951092136143804,0.005775975422675844
55,39,3,9,58,6,0.0031054383269473614,0.00027286162704640916,0.0033782999539937707,0.0031054383269473614
55,40,4,0,58,6,0.0011067752158947718,0.00013555263042156103,0.0012423278463163329,0.0011067752158947718
55,41,4,1,58,5,0.003573786304050409,0.0001636934209293261,0.003737479724979735,0.003573786304050409
55,42,4,2,58,4,0.003998462832318966,0.0004703582924789439,0.004468821124797909,0.003998462832318966
55,43,4,3,58,3,0.018270920106454043,0.0038909660701510196,0.022161886176605063,0.018270920106454043
55,44,4,4,58,2,0.0832081933539667,0.012460353189179119,0.09566854654314583,0.0832081933539667
55,45,4,5,58,1,0.09284877338116097,0.015987145655376404,0.10883591903653737,0.09284877338116097
55,46,4,6,58,2,0.08325093583760129,0.01246207875939702,0.09571301459699831,0.08325093583760129
55,47,4,7,58,3,0.018356171991359384,0.003888364639975525,0.02224453663133491,0.018356171991359384
55,48,4,8,58,4,0.004074312861879406,0.00043977546876135026,0.0045140883306407555,0.004074312861879406
55,49,4,9,58,5,0.004727484042230385,0.0002686507816235835,0.004996134823853968,0.004727484042230385
55,50,5,0,58,5,0.0013221336400430716,0.0001373378864067459,0.0014594715264498175,0.0013221336400430716
55,51,5,1,58,4,0.0032386379715094765,6.182464154652139e-05,0.003300462613055998,0.0032386379715094765
55,52,5,2,58,3,0.0019526719450060103,0.001199118828937043,0.0031517907739430535,0.0019526719450060103
55,53,5,3,58,2,0.040206941425340544,0.006843212514612894,0.04705015393995344,0.040206941425340544
55,54,5,4,58,1,0.09284877338119168,0.015987145655375224,0.1088359190365669,0.09284877338119168
55,55,5,5,58,0,1.6518847511467254,0.07928581584310346,1.731170566989829,1.6518847511467254
55,56,5,6,58,1,0.09287152774504566,0.01598860480409382,0.10886013254913948,0.09287152774504566
55,57,5,7,58,2,0.04028477928441479,0.006839278443090027,0.04712405772750482,0.04028477928441479
55,58,5,8,58,3,0.0018441801277060538,0.0011643095985943556,0.003008489726300409,0.0018441801277060538
55,59,5,9,58,4,0.004537789147472821,0.00016025396490582282,0.0046980431123786436,0.004537789147472821
55,60,6,0,58,6,0.0011120903447500124,0.00013471882219842252,0.0012468091669484349,0.0011120903447500124
55,61,6,1,58,5,0.0035696615135061382,0.0001623841901898227,0.003732045703695961,0.0035696615135061382
55,62,6,2,58,4,0.003979441078491331,0.00047222120732182647,0.004451662285813157,0.003979441078491331
55,63,6,3,58,3,0.018305589385243497,0.0038929967726570205,0.02219858615790052,0.018305589385243497
55,64,6,4,58,2,0.0832509358376684,0.012462078759397534,0.09571301459706594,0.0832509358376684
55,65,6,5,58,1,0.09287152774511988,0.01598860480409306,0.10886013254921294,0.09287152774511988
55,66,6,6,58,2,0.08329253609684666,0.012463774833053708,0.09575631092990036,0.08329253609684666
55,67,6,7,58,3,0.01838847860812311,0.0038904158850080915,0.022278894493131203,0.01838847860812311
55,68,6,8,58,4,0.004057723554298088,0.00044187810890072377,0.0044996016631988125,0.004057723554298088
55,69,6,9,58,5,0.0047224309269122845,0.00026665760670832177,0.004989088533620606,0.0047224309269122845
55,70,7,0,58,7,0.0003992186294268729,9.05756448914008e-05,0.0004897942743182737,0.0003992186294268729
55,71,7,1,58,6,0.00247752212154191,0.000189986461556879,0.002667508583098789,0.00247752212154191
55,72,7,2,58,5,0.005760022909472004,0.00015572671284614896,0.005915749622318152,0.005760022909472004
55,73,7,3,58,4,0.0036193734228849744,0.0008590113146672409,0.004478384737552216,0.0036193734228849744
55,74,7,4,58,3,0.01835617199126284,0.003888364639975891,0.02224453663123873,0.01835617199126284
55,75,7,5,58,2,0.040284779284495746,0.00683927844309161,0.047124057727587355,0.040284779284495746
55,76,7,6,58,3,0.018388478608198762,0.0038904158850083556,0.022278894493207118,0.018388478608198762
55,77,7,7,58,4,0.00354027265684668,0.000859840705607744,0.004400113362454424,0.00354027265684668
55,78,7,8,58,5,0.005701456952015949,0.00017132449804125338,0.005872781450057203,0.005701456952015949
55,79,7,9,58,6,0.0030524542788648427,0.0002677094292953246,0.0033201637081601673,0.0030524542788648427
55,80,8,0,58,8,0.00023614435211421006,3.061473358013501e-05,0.00026675908569434505,0.00023614435211421006
55,81,8,1,58,7,0.0007900333807760722,0.00011398335893896573,0.0009040167397150379,0.0007900333807760722
55,82,8,2,58,6,0.003248879173387726,0.00023518518969066612,0.0034840643630783923,0.003248879173387726
55,83,8,3,58,5,0.0057759754227516055,0.00017511671346723083,0.005951092136218836,0.0057759754227516055
55,84,8,4,58,4,0.004074312861985357,0.0004397754687603175,0.004514088330745675,0.004074312861985357
55,85,8,5,58,3,0.0018441801277330212,0.0011643095985944198,0.003008489726327441,0.0018441801277330212
55,86,8,6,58,4,0.0040577235542538165,0.0004418781089016282,0.004499601663155444,0.0040577235542538165
55,87,8,7,58,5,0.005701456951970012,0.00017132449804035276,0.005872781450010365,0.005701456951970012
55,88,8,8,58,6,0.0030958677953340495,0.00023692025695952948,0.003332788052293579,0.0030958677953340495
55,89,8,9,58,7,0.0007904626688276929,0.00014898806366553125,0.0009394507324932242,0.0007904626688276929
55,90,9,0,58,9,0.0004982686359254682,7.120093786223948e-06,0.0005053887297116921,0.0004982686359254682
55,91,9,1,58,8,0.00020256074094184974,4.547591281198629e-05,0.00024803665375383604,0.00020256074094184974
55,92,9,2,58,7,0.0009644987718178164,0.00015546847451498608,0.0011199672463328026,0.0009644987718178164
55,93,9,3,58,6,0.0031054383269197125,0.0002728616270470153,0.0033782999539667276,0.0031054383269197125
55,94,9,4,58,5,0.004727484042338228,0.00026865078162451966,0.004996134823962748,0.004727484042338228
55,95,9,5,58,4,0.004537789147459433,0.00016025396490643347,0.0046980431123658664,0.004537789147459433
55,96,9,6,58,5,0.004722430926916684,0.0002666576067076914,0.004989088533624375,0.004722430926916684
55,97,9,7,58,6,0.0030524542788025826,0.0002677094292941553,0.003320163708096738,0.0030524542788025826
55,98,9,8,58,7,0.0007904626688244226,0.00014898806366551222,0.0009394507324899349,0.0007904626688244226
55,99,9,9,58,8,0.0004827117787301405,5.263470178659511e-05,0.0005353464805167356,0.0004827117787301405
55,0,0,0,59,10,0.00026880689457795817,1.5047621955088351e-05,0.00028385451653304653,0.00026880689457795817
55,1,0,1,59,9,0.0003181359712335252,3.1326096124654755e-06,0.00032126858084599065,0.0003181359712335252
55,2,0,2,59,8,0.00015588124689333322,3.302649384816525e-05,0.00018890774074149845,0.00015588124689333322
55,3,0,3,59,7,0.0004433942581237029,8.876556650768985e-05,0.0005321598246313927,0.0004433942581237029
55,4,0,4,59,6,0.0011659125662088628,0.0001315736893610805,0.0012974862555699433,0.0011659125662088628
55,5,0,5,59,5,0.0013892262476342225,0.00013441428503496486,0.0015236405326691873,0.0013892262476342225
55,6,0,6,59,6,0.0011709958362470252,0.00013080886690899102,0.0013018047031560162,0.0011709958362470252
55,7,0,7,59,7,0.00043224626598103256,8.604252959910357e-05,0.0005182887955801362,0.00043224626598103256
55,8,0,8,59,8,0.0002327116920437229,2.7236829196738123e-05,0.00025994852124046103,0.0002327116920437229
55,9,0,9,59,9,0.0005131396262318101,9.042784533661362e-06,0.0005221824107654715,0.0005131396262318101
55,10,1,0,59,9,0.00031813597136634553,3.132609613904006e-06,0.0003212685809802495,0.00031813597136634553
55,11,1,1,59,8,3.427074200813656e-05,3.5110992303368165e-05,6.938173431150473e-05,3.5110992303368165e-05
55,12,1,2,59,7,0.0009541371538903027,0.00011366165516156597,0.0010677988090518687,0.0009541371538903027
55,13,1,3,59,6,0.0026113840431331845,0.00019252580158711039,0.002803909844720295,0.0026113840431331845
55,14,1,4,59,5,0.003698514022839326,0.00017125591215151284,0.0038697699349908386,0.003698514022839326
55,15,1,5,59,4,0.003355539114688009,7.385174348537253e-05,0.0034293908581733814,0.003355539114688009
55,16,1,6,59,5,0.00369363190754792,0.00017000289145730434,0.0038636347990052243,0.00369363190754792
55,17,1,7,59,6,0.002571942995903401,0.00018923542675530302,0.0027611784226587036,0.002571942995903401
55,18,1,8,59,7,0.000834968247559296,0.00010970383176155301,0.0009446720793208491,0.000834968247559296
55,19,1,9,59,8,0.00019265468384760384,4.120901936506474e-05,0.00023386370321266858,0.00019265468384760384
55,20,2,0,59,8,0.0001558812469953655,3.302649384578245e-05,0.00018890774084114796,0.0001558812469953655
55,21,2,1,59,7,0.0009541371538686224,0.0001136616551615015,0.001067798809030124,0.0009541371538686224
55,22,2,2,59,6,0.0035040833170842294,0.00023240538940074235,0.0037364887064849717,0.0035040833170842294
55,23,2,3,59,5,0.006010706898798585,0.00017897296032847734,0.006189679859127063,0.006010706898798585
55,24,2,4,59,4,0.004117018956900465,0.00041732136871689915,0.004534340325617364,0.004117018956900465
55,25,2,5,59,3,0.0019866443198078734,0.0011295799708703697,0.003116224290678243,0.0019866443198078734
55,26,2,6,59,4,0.004096564244375407,0.0004191548017278678,0.0045157190461032745,0.004096564244375407
55,27,2,7,59,5,0.005933437098077751,0.00017587322932003204,0.006109310327397783,0.005933437098077751
55,28,2,8,59,6,0.003368457647840831,0.00023526471870533163,0.0036037223665461625,0.003368457647840831
55,29,2,9,59,7,0.0010280360162160424,0.00014908606251104326,0.0011771220787270857,0.0010280360162160424
55,30,3,0,59,7,0.00044339425804735486,8.876556650585459e-05,0.0005321598245532095,0.00044339425804735486
55,31,3,1,59,6,0.0026113840430937144,0.00019252580158700343,0.002803909844680718,0.0026113840430937144
55,32,3,2,59,5,0.006010706898845513,0.00017897296032938563,0.006189679859174899,0.006010706898845513
55,33,3,3,59,4,0.0037927247112440362,0.0007798631458234447,0.004572587857067481,0.0037927247112440362
55,34,3,4,59,3,0.018806472025090153,0.003736682947729462,0.022543154972819616,0.018806472025090153
55,35,3,5,59,2,0.04203719256578768,0.006688164608300521,0.0487253571740882,0.04203719256578768
55,36,3,6,59,3,0.018843049816628165,0.003738755390173599,0.022581805206801763,0.018843049816628165
55,37,3,7,59,4,0.0037069794770679698,0.0007808432803500832,0.004487822757418053,0.0037069794770679698
55,38,3,8,59,5,0.005957156562398423,0.0001941211554359608,0.006151277717834384,0.005957156562398423
55,39,3,9,59,6,0.003237551358495215,0.00026933951889107,0.0035068908773862846,0.003237551358495215
55,40,4,0,59,6,0.0011659125661598747,0.00013157368936015206,0.0012974862555200268,0.0011659125661598747
55,41,4,1,59,5,0.003698514022843553,0.00017125591215101353,0.0038697699349945665,0.003698514022843553
55,42,4,2,59,4,0.0041170189569378615,0.00041732136871554286,0.004534340325653404,0.0041170189569378615
55,43,4,3,59,3,0.018806472025083384,0.003736682947728597,0.02254315497281198,0.018806472025083384
55,44,4,4,59,2,0.08693955252839161,0.012255144615531942,0.09919469714392355,0.08693955252839161
55,45,4,5,59,1,0.09828704288017696,0.016043976255132344,0.11433101913530931,0.09828704288017696
55,46,4,6,59,2,0.08698428782435448,0.012256971887486935,0.09924125971184142,0.08698428782435448
55,47,4,7,59,3,0.018893313349656743,0.003734698855302552,0.022628012204959295,0.018893313349656743
55,48,4,8,59,4,0.0042035389972291965,0.0003885796250310441,0.004592118622260241,0.0042035389972291965
55,49,4,9,59,5,0.004904570415721176,0.00027467526960378845,0.005179245685324964,0.004904570415721176
55,50,5,0,59,5,0.0013892262475663972,0.0001344142850342482,0.0015236405326006454,0.0013892262475663972
55,51,5,1,59,4,0.003355539114645304,7.385174348547335e-05,0.0034293908581307774,0.003355539114645304
55,52,5,2,59,3,0.00198664431978533,0.0011295799708694496,0.0031162242906547797,0.00198664431978533
55,53,5,3,59,2,0.04203719256581978,0.0066881646083005114,0.04872535717412029,0.04203719256581978
55,54,5,4,59,1,0.09828704288020945,0.0160439762551312,0.11433101913534065,0.09828704288020945
55,55,5,5,59,0,1.6091573381437758,0.07757227398565944,1.6867296121294353,1.6091573381437758
55,56,5,6,59,1,0.0983145791674002,0.016045551834511552,0.11436013100191175,0.0983145791674002
55,57,5,7,59,2,0.04211596358305559,0.006684902285062282,0.04880086586811787,0.04211596358305559
55,58,5,8,59,3,0.0018666551896867603,0.0010964910832646463,0.0029631462729514065,0.0018666551896867603
55,59,5,9,59,4,0.0047119151731775145,0.00017262503694242325,0.004884540210119938,0.0047119151731775145
55,60,6,0,59,6,0.0011709958363300744,0.00013080886690968675,0.001301804703239761,0.0011709958363300744
55,61,6,1,59,5,0.003693631907588469,0.00017000289145732968,0.0038636347990457986,0.003693631907588469
55,62,6,2,59,4,0.004096564244361788,0.0004191548017281994,0.004515719046089987,0.004096564244361788
55,63,6,3,59,3,0.01884304981663855,0.0037387553901744542,0.022581805206813004,0.01884304981663855
55,64,6,4,59,2,0.08698428782442189,0.012256971887487502,0.09924125971190939,0.08698428782442189
55,65,6,5,59,1,0.09831457916748151,0.016045551834510844,0.11436013100199235,0.09831457916748151
55,66,6,6,59,2,0.08702780832074718,0.012258766112742028,0.0992865744334892,0.08702780832074718
55,67,6,7,59,3,0.018927433906481467,0.0037367805641077266,0.022664214470589195,0.018927433906481467
55,68,6,8,59,4,0.004185486400864496,0.00039062769938381643,0.004576114100248312,0.004185486400864496
55,69,6,9,59,5,0.004898350933204112,0.0002727725056784626,0.005171123438882575,0.004898350933204112
55,70,7,0,59,7,0.0004322462660275922,8.604252960005836e-05,0.0005182887956276506,0.0004322462660275922
55,71,7,1,59,6,0.0025719429960165954,0.00018923542675555968,0.002761178422772155,0.0025719429960165954
55,72,7,2,59,5,0.005933437098093982,0.00017587322931993395,0.006109310327413916,0.005933437098093982
55,73,7,3,59,4,0.003706979477070424,0.0007808432803510985,0.004487822757421522,0.003706979477070424
55,74,7,4,59,3,0.018893313349559928,0.0037346988553027993,0.022628012204862727,0.018893313349559928
55,75,7,5,59,2,0.04211596358313624,0.006684902285063892,0.048800865868200136,0.04211596358313624
55,76,7,6,59,3,0.01892743390655712,0.0037367805641080293,0.02266421447066515,0.01892743390655712
55,77,7,7,59,4,0.0036249269324195757,0.0007820541911166173,0.004406981123536193,0.0036249269324195757
55,78,7,8,59,5,0.005878967214213936,0.00019019356576321068,0.006069160779977147,0.005878967214213936
55,79,7,9,59,6,0.0031805820611604373,0.0002642520242199302,0.0034448340853803676,0.0031805820611604373
55,80,8,0,59,8,0.00023271169202032025,2.7236829197629476e-05,0.00025994852121794974,0.00023271169202032025
55,81,8,1,59,7,0.0008349682476197052,0.00010970383176255151,0.0009446720793822567,0.0008349682476197052
55,82,8,2,59,6,0.0033684576478710863,0.00023526471870485445,0.003603722366575941,0.0033684576478710863
55,83,8,3,59,5,0.005957156562474297,0.00019412115543527647,0.006151277717909574,0.005957156562474297
55,84,8,4,59,4,0.004203538997335256,0.00038857962502997825,0.004592118622365234,0.004203538997335256
55,85,8,5,59,3,0.0018666551897141889,0.0010964910832647516,0.0029631462729789405,0.0018666551897141889
55,86,8,6,59,4,0.004185486400820238,0.00039062769938470916,0.004576114100204947,0.004185486400820238
55,87,8,7,59,5,0.005878967214168173,0.000190193565762292,0.006069160779930465,0.005878967214168173
55,88,8,8,59,6,0.003212370918819758,0.00023610610046238278,0.0034484770192821407,0.003212370918819758
55,89,8,9,59,7,0.0008467205918750357,0.0001421965184999195,0.0009889171103749552,0.0008467205918750357
55,90,9,0,59,9,0.0005131396260045254,9.042784531173833e-06,0.0005221824105356992,0.0005131396260045254
55,91,9,1,59,8,0.00019265468372560565,4.120901936571543e-05,0.00023386370309132106,0.00019265468372560565
55,92,9,2,59,7,0.0010280360161677108,0.000149086062510388,0.0011771220786780988,0.0010280360161677108
55,93,9,3,59,6,0.0032375513584671197,0.0002693395188916092,0.003506890877358729,0.0032375513584671197
55,94,9,4,59,5,0.0049045704158285205,0.000274675269604765,0.0051792456854332855,0.0049045704158285205
55,95,9,5,59,4,0.00471191517316362,0.0001726250369429964,0.004884540210106617,0.00471191517316362
55,96,9,6,59,5,0.00489835093320838,0.00027277250567784184,0.005171123438886221,0.00489835093320838
55,97,9,7,59,6,0.003180582061098336,0.0002642520242187342,0.00344483408531707,0.003180582061098336
55,98,9,8,59,7,0.0008467205918717295,0.0001421965184999137,0.0009889171103716432,0.0008467205918717295
55,99,9,9,59,8,0.0004758603494518369,4.6562818158704196e-05,0.0005224231676105412,0.0004758603494518369
55,0,0,0,60,10,0.0002805586148019449,1.5282887455136932e-05,0.0002958415022570818,0.0002805586148019449
55,1,0,1,60,9,0.00032445365746089225,4.387866007678912e-06,0.0003288415234685712,0.00032445365746089225
55,2,0,2,60,8,0.0001473570265352276,2.9593000311194253e-05,0.00017695002684642186,0.0001473570265352276
55,3,0,3,60,7,0.00047542878896345686,8.395699261127339e-05,0.0005593857815747302,0.00047542878896345686
55,4,0,4,60,6,0.0012192636139249067,0.00012730785268117234,0.001346571466606079,0.0012192636139249067
55,5,0,5,60,5,0.001449692472999943,0.00013115835054798328,0.0015808508235479264,0.001449692472999943
55,6,0,6,60,6,0.001224077248120263,0.00012661430576207955,0.0013506915538823426,0.001224077248120263
55,7,0,7,60,7,0.00046262369642380876,8.136321330795146e-05,0.0005439869097317602,0.00046262369642380876
55,8,0,8,60,8,0.0002285088207393872,2.3860653489441222e-05,0.0002523694742288284,0.0002285088207393872
55,9,0,9,60,9,0.0005254572109462492,1.09463487782586e-05,0.0005364035597245078,0.0005254572109462492
55,10,1,0,60,9,0.0003244536575921205,4.38786600927851e-06,0.000328841523601399,0.0003244536575921205
55,11,1,1,60,8,2.722036459671172e-05,3.2111337174305774e-05,5.9331701771017496e-05,3.2111337174305774e-05
55,12,1,2,60,7,0.0009982312385651186,0.00010947368187298292,0.0011077049204381015,0.0009982312385651186
55,13,1,3,60,6,0.0026965332844034995,0.00019124573287389012,0.0028877790172773896,0.0026965332844034995
55,14,1,4,60,5,0.0038085025894664007,0.0001781336127558001,0.003986636202222201,0.0038085025894664007
55,15,1,5,60,4,0.0034594111241326676,8.553183091989674e-05,0.0035449429550525645,0.0034594111241326676
55,16,1,6,60,5,0.0038028841953437827,0.0001769411304760771,0.00397982532581986,0.0038028841953437827
55,17,1,7,60,6,0.002654760843140672,0.00018799590524799247,0.002842756748388664,0.002654760843140672
55,18,1,8,60,7,0.0008753249639013024,0.00010521624411594683,0.0009805412080172492,0.0008753249639013024
55,19,1,9,60,8,0.00018236196415911626,3.6915514959241225e-05,0.0002192774791183575,0.00018236196415911626
55,20,2,0,60,8,0.0001473570266342058,2.9593000308926607e-05,0.00017695002694313242,0.0001473570266342058
55,21,2,1,60,7,0.0009982312385445507,0.00010947368187296879,0.0011077049204175195,0.0009982312385445507
55,22,2,2,60,6,0.003609516329726702,0.0002327830393619334,0.003842299369088635,0.003609516329726702
55,23,2,3,60,5,0.006165392667838878,0.00019843989824372708,0.006363832566082605,0.006165392667838878
55,24,2,4,60,4,0.004226127886321573,0.0003656053049151589,0.004591733191236732,0.004226127886321573
55,25,2,5,60,3,0.0020143418680880535,0.001060484542525633,0.0030748264106136864,0.0020143418680880535
55,26,2,6,60,4,0.004204348800297809,0.0003673993090060903,0.0045717481093039,0.004204348800297809
55,27,2,7,60,5,0.006085357020680642,0.00019517640836183643,0.006280533429042478,0.006085357020680642
55,28,2,8,60,6,0.0034730730388028877,0.0002347181916140567,0.0037077912304169444,0.0034730730388028877
55,29,2,9,60,7,0.001085626761493056,0.00014242069509092794,0.001228047456583984,0.001085626761493056
55,30,3,0,60,7,0.0004754287888902188,8.395699260958576e-05,0.0005593857814998046,0.0004754287888902188
55,31,3,1,60,6,0.0026965332843653395,0.00019124573287380728,0.0028877790172391468,0.0026965332843653395
55,32,3,2,60,5,0.006165392667885704,0.0001984398982446733,0.006363832566130377,0.006165392667885704
55,33,3,3,60,4,0.003880057759719459,0.0007025577901864664,0.0045826155499059254,0.003880057759719459
55,34,3,4,60,3,0.01926631816338098,0.0035811834573557418,0.02284750162073672,0.01926631816338098
55,35,3,5,60,2,0.04370305976184272,0.006528265032182458,0.05023132479402518,0.04370305976184272
55,36,3,6,60,3,0.019304606448890843,0.0035832897518011295,0.02288789620069197,0.019304606448890843
55,37,3,7,60,4,0.003791789113304823,0.0007039318815011759,0.004495720994805999,0.003791789113304823
55,38,3,8,60,5,0.006116537448155673,0.00021217994492869633,0.00632871739308437,0.006116537448155673
55,39,3,9,60,6,0.0033543833746901702,0.00026515827996651697,0.0036195416546566874,0.0033543833746901702
55,40,4,0,60,6,0.0012192636138781711,0.00012730785268035363,0.0013465714665585249,0.0012192636138781711
55,41,4,1,60,5,0.0038085025894714253,0.00017813361275534936,0.003986636202226774,0.0038085025894714253
55,42,4,2,60,4,0.004226127886358318,0.0003656053049138444,0.004591733191272163,0.004226127886358318
55,43,4,3,60,3,0.019266318163375047,0.003581183457354917,0.022847501620729963,0.019266318163375047
55,44,4,4,60,2,0.09034575485087812,0.012039198558272275,0.1023849534091504,0.09034575485087812
55,45,4,5,60,1,0.10429223440185859,0.016077379059309047,0.12036961346116763,0.10429223440185859
55,46,4,6,60,2,0.09039225036900013,0.012041119490920566,0.1024333698599207,0.09039225036900013
55,47,4,7,60,3,0.019354327316015555,0.0035798106849445643,0.02293413800096012,0.019354327316015555
55,48,4,8,60,4,0.004322748542785574,0.00033878600018378326,0.004661534542969357,0.004322748542785574
55,49,4,9,60,5,0.005061110159900613,0.00027975230568088097,0.005340862465581494,0.005061110159900613
55,50,5,0,60,5,0.0014496924729330927,0.0001311583505472809,0.0015808508234803737,0.0014496924729330927
55,51,5,1,60,4,0.0034594111240898416,8.553183091994417e-05,0.003544942955009786,0.0034594111240898416
55,52,5,2,60,3,0.002014341868066268,0.0010604845425247408,0.003074826410591009,0.002014341868066268
55,53,5,3,60,2,0.043703059761875794,0.006528265032182532,0.05023132479405833,0.043703059761875794
55,54,5,4,60,1,0.10429223440189249,0.016077379059307957,0.12036961346120045,0.10429223440189249
55,55,5,5,60,0,1.5677678867545908,0.07591912669004318,1.643687013444634,1.5677678867545908
55,56,5,6,60,1,0.10432386436681575,0.016079063727761914,0.12040292809457766,0.10432386436681575
55,57,5,7,60,2,0.04378239556589508,0.006525671679538992,0.050308067245434074,0.04378239556589508
55,58,5,8,60,3,0.0018837183015116999,0.0010291779074642808,0.0029128962089759805,0.0018837183015116999
55,59,5,9,60,4,0.0048666819800065085,0.0001840630321379313,0.00505074501214444,0.0048666819800065085
55,60,6,0,60,6,0.0012240772482027995,0.00012661430576282073,0.0013506915539656203,0.0012240772482027995
55,61,6,1,60,5,0.003802884195383681,0.00017694113047607521,0.003979825325859756,0.003802884195383681
55,62,6,2,60,4,0.0042043488002835245,0.000367399309006475,0.004571748109289999,0.0042043488002835245
55,63,6,3,60,3,0.01930460644890156,0.003583289751801983,0.022887896200703542,0.01930460644890156
55,64,6,4,60,2,0.09039225036906778,0.012041119490921187,0.10243336985998897,0.09039225036906778
55,65,6,5,60,1,0.10432386436690237,0.016079063727761272,0.12040292809466364,0.10432386436690237
55,66,6,6,60,2,0.09043746537662238,0.012043003958835166,0.10248046933545754,0.09043746537662238
55,67,6,7,60,3,0.01939007949517832,0.0035819149813328607,0.02297199447651118,0.01939007949517832
55,68,6,8,60,4,0.004303322386051188,0.0003407682032940903,0.0046440905893452775,0.004303322386051188
55,69,6,9,60,5,0.005053747840923771,0.00027794617497213563,0.005331694015895907,0.005053747840923771
55,70,7,0,60,7,0.0004626236964685895,8.13632133088075e-05,0.000543986909777397,0.0004626236964685895
55,71,7,1,60,6,0.0026547608432526365,0.00018799590524825108,0.0028427567485008877,0.0026547608432526365
55,72,7,2,60,5,0.006085357020696381,0.00019517640836170673,0.006280533429058087,0.006085357020696381
55,73,7,3,60,4,0.0037917891133072723,0.0007039318815022248,0.004495720994809497,0.0037917891133072723
55,74,7,4,60,3,0.019354327315918518,0.003579810684944695,0.022934138000863212,0.019354327315918518
55,75,7,5,60,2,0.0437823955659754,0.006525671679540627,0.05030806724551603,0.0437823955659754
55,76,7,6,60,3,0.019390079495253933,0.0035819149813331986,0.02297199447658713,0.019390079495253933
55,77,7,7,60,4,0.003707204142548255,0.0007055076533461443,0.004412711795894399,0.003707204142548255
55,78,7,8,60,5,0.006035082574503484,0.00020813713676258954,0.006243219711266073,0.006035082574503484
55,79,7,9,60,6,0.0032937353354954005,0.0002601525726870777,0.0035538879081824784,0.0032937353354954005
55,80,8,0,60,8,0.00022850882071884097,2.3860653490137077e-05,0.00025236947420897803,0.00022850882071884097
55,81,8,1,60,7,0.00087532496395979,0.00010521624411684111,0.0009805412080766312,0.00087532496395979
55,82,8,2,60,6,0.0034730730388325788,0.0002347181916135541,0.003707791230446133,0.0034730730388325788
55,83,8,3,60,5,0.006116537448231623,0.00021217994492805757,0.00632871739315968,0.006116537448231623
55,84,8,4,60,4,0.004322748542891636,0.0003387860001826951,0.0046615345430743305,0.004322748542891636
55,85,8,5,60,3,0.0018837183015394444,0.0010291779074644248,0.0029128962090038692,0.0018837183015394444
55,86,8,6,60,4,0.004303322386006997,0.00034076820329496525,0.004644090589301962,0.004303322386006997
55,87,8,7,60,5,0.006035082574457931,0.0002081371367616561,0.006243219711219587,0.006035082574457931
55,88,8,8,60,6,0.0033146417922974908,0.00023467905186194408,0.003549320844159435,0.0033146417922974908
55,89,8,9,60,7,0.0008980079300233494,0.00013515124392536303,0.0010331591739487125,0.0008980079300233494
55,90,9,0,60,9,0.00052545721072254,1.094634877584972e-05,0.0005364035594983898,0.00052545721072254
55,91,9,1,60,8,0.0001823619640392445,3.6915514959815155e-05,0.00021927747899905966,0.0001823619640392445
55,92,9,2,60,7,0.0010856267614439692,0.00014242069509018312,0.0012280474565341524,0.0010856267614439692
55,93,9,3,60,6,0.003354383374661613,0.0002651582799669914,0.003619541654628605,0.003354383374661613
55,94,9,4,60,5,0.005061110160007404,0.0002797523056818948,0.005340862465689299,0.005061110160007404
55,95,9,5,60,4,0.004866681979992111,0.0001840630321384675,0.005050745012130578,0.004866681979992111
55,96,9,6,60,5,0.005053747840927943,0.00027794617497152593,0.005331694015899469,0.005053747840927943
55,97,9,7,60,6,0.003293735335433511,0.00026015257268585874,0.00355388790811937,0.003293735335433511
55,98,9,8,60,7,0.0008980079300200212,0.0001351512439253707,0.001033159173945392,0.0008980079300200212
55,99,9,9,60,8,0.00046727730243800334,4.049399808284729e-05,0.0005077713005208507,0.00046727730243800334
55,0,0,0,61,10,0.00029084918811691384,1.5463271662932527e-05,0.00030631245977984635,0.00029084918811691384
55,1,0,1,61,9,0.0003293184246223727,5.712351439583335e-06,0.000335030776061956,0.0003293184246223727
55,2,0,2,61,8,0.00013865944807895275,2.6154322802430474e-05,0.00016481377088138323,0.00013865944807895275
55,3,0,3,61,7,0.0005045826224687284,7.901886280494825e-05,0.0005836014852736767,0.0005045826224687284
55,4,0,4,61,6,0.0012667141102268022,0.00012278421442079955,0.0013894983246476018,0.0012667141102268022
55,5,0,5,61,5,0.0015034415516334931,0.00012759821912616554,0.0016310397707596587,0.0015034415516334931
55,6,0,6,61,6,0.0012712254055594885,0.00012216387271948024,0.0013933892782789687,0.0012712254055594885
55,7,0,7,61,7,0.0004901848245988839,7.656210305617236e-05,0.0005667469276550563,0.0004901848245988839
55,8,0,8,61,8,0.00022367455556257174,2.0505876869586874e-05,0.0002441804324321586,0.00022367455556257174
55,9,0,9,61,9,0.000535288053166948,1.2804684919440762e-05,0.0005480927380863888,0.000535288053166948
55,10,1,0,61,9,0.0003293184247519796,5.712351441237202e-06,0.00033503077619321685,0.0003293184247519796
55,11,1,1,61,8,2.2895144266559992e-05,2.9089648836551597e-05,5.198479310311159e-05,2.9089648836551597e-05
55,12,1,2,61,7,0.0010370269038858793,0.00010508477708576862,0.001142111680971648,0.0010370269038858793
55,13,1,3,61,6,0.0027700062676147513,0.00018949390958339208,0.002959500177198143,0.0027700062676147513
55,14,1,4,61,5,0.0039041194335395083,0.0001843364146640424,0.00408845584820355,0.0039041194335395083
55,15,1,5,61,4,0.0035506182916098107,9.672084150201465e-05,0.0036473391331118253,0.0035506182916098107
55,16,1,6,61,5,0.0038977926494568127,0.0001832083504041896,0.004081000999861003,0.0038977926494568127
55,17,1,7,61,6,0.0027261249504029043,0.0001862952873772646,0.002912420237780169,0.0027261249504029043
55,18,1,8,61,7,0.0009109997378196195,0.00010054655715049479,0.0010115462949701144,0.0009109997378196195
55,19,1,9,61,8,0.0001718768217141365,3.261735064766379e-05,0.00020449417236180029,0.0001718768217141365
55,20,2,0,61,8,0.00013865944817486662,2.6154322800278658e-05,0.00016481377097514528,0.00013865944817486662
55,21,2,1,61,7,0.0010370269038664224,0.00010508477708580254,0.0011421116809522249,0.0010370269038664224
55,22,2,2,61,6,0.003699653118375572,0.00023255612426817152,0.0039322092426437435,0.003699653118375572
55,23,2,3,61,5,0.006299067461214181,0.00021697193602837522,0.006516039397242556,0.006299067461214181
55,24,2,4,61,4,0.004326664399690716,0.000315471016329866,0.004642135416020582,0.004326664399690716
55,25,2,5,61,3,0.0020350916619947005,0.000992025954826076,0.0030271176168207765,0.0020350916619947005
55,26,2,6,61,4,0.0043036775371136145,0.00031721372888591164,0.0046208912659995265,0.0043036775371136145
55,27,2,7,61,5,0.006216674044146284,0.00021356055287951708,0.006430234597025801,0.006216674044146284
55,28,2,8,61,6,0.003562963116111334,0.0002335769129502551,0.003796540029061589,0.003562963116111334
55,29,2,9,61,7,0.0011370458906928137,0.00013550966587651977,0.0012725555565693335,0.0011370458906928137
55,30,3,0,61,7,0.0005045826223985873,7.901886280340292e-05,0.0005836014852019901,0.0005045826223985873
55,31,3,1,61,6,0.0027700062675778993,0.00018949390958333156,0.002959500177161231,0.0027700062675778993
55,32,3,2,61,5,0.006299067461260891,0.00021697193602935623,0.006516039397290247,0.006299067461260891
55,33,3,3,61,4,0.003965184541332189,0.0006267918502370939,0.004591976391569283,0.003965184541332189
55,34,3,4,61,3,0.019650831131916804,0.003424984451502123,0.023075815583418927,0.019650831131916804
55,35,3,5,61,2,0.04520667224118516,0.00636427105325853,0.051570943294443686,0.04520667224118516
55,36,3,6,61,3,0.019690626962942197,0.003427116848088657,0.023117743811030853,0.019690626962942197
55,37,3,7,61,4,0.0038748287578259156,0.0006285401577389479,0.004503368915564863,0.0038748287578259156
55,38,3,8,61,5,0.006254932049518415,0.00022924980822320798,0.006484181857741623,0.006254932049518415
55,39,3,9,61,6,0.003455972419448408,0.000260363348244847,0.003716335767693255,0.003455972419448408
55,40,4,0,61,6,0.0012667141101822912,0.00012278421442008585,0.001389498324602377,0.0012667141101822912
55,41,4,1,61,5,0.003904119433545329,0.00018433641466363774,0.004088455848208967,0.003904119433545329
55,42,4,2,61,4,0.004326664399726796,0.00031547101632860053,0.004642135416055396,0.004326664399726796
55,43,4,3,61,3,0.019650831131911684,0.0034249844515013336,0.02307581558341302,0.019650831131911684
55,44,4,4,61,2,0.09343228239080402,0.011813772799461952,0.10524605519026597,0.09343228239080402
55,45,4,5,61,1,0.11059328663687594,0.016089028072917202,0.12668231470979313,0.11059328663687594
55,46,4,6,61,2,0.09348030273310286,0.011815779271562542,0.10529608200466539,0.09348030273310286
55,47,4,7,61,3,0.0197396093389677,0.00342421476438766,0.02316382410335536,0.0197396093389677
55,48,4,8,61,4,0.0044327294393277615,0.00029066697029604596,0.0047233964096238075,0.0044327294393277615
55,49,4,9,61,5,0.005197448124923655,0.0002839115156551993,0.005481359640578855,0.005197448124923655
55,50,5,0,61,5,0.0015034415515676077,0.00012759821912547716,0.0016310397706930848,0.0015034415515676077
55,51,5,1,61,4,0.003550618291566888,9.67208415020092e-05,0.0036473391330688974,0.003550618291566888
55,52,5,2,61,3,0.0020350916619737013,0.0009920259548252118,0.0030271176167989133,0.0020350916619737013
55,53,5,3,61,2,0.04520667224121915,0.006364271053258677,0.05157094329447783,0.04520667224121915
55,54,5,4,61,1,0.11059328663691098,0.01608902807291615,0.12668231470982713,0.11059328663691098
55,55,5,5,61,0,1.527685473641426,0.07432351484551952,1.6020089884869455,1.527685473641426
55,56,5,6,61,1,0.11062836252380491,0.01609081426210799,0.1267191767859129,0.11062836252380491
55,57,5,7,61,2,0.045286229806857065,0.006362341395428647,0.05164857120228571,0.045286229806857065
55,58,5,8,61,3,0.0018948319269590699,0.0009625538338814526,0.0028573857608405226,0.0018948319269590699
55,59,5,9,61,4,0.005002457225647359,0.00019456980193129599,0.005197027027578655,0.005002457225647359
55,60,6,0,61,6,0.001271225405641463,0.00012216387272026457,0.0013933892783617276,0.001271225405641463
55,61,6,1,61,5,0.003897792649496056,0.00018320835040416198,0.004081000999900218,0.003897792649496056
55,62,6,2,61,4,0.00430367753709869,0.0003172137288863423,0.004620891265985032,0.00430367753709869
55,63,6,3,61,3,0.019690626962953213,0.0034271168480895092,0.023117743811042722,0.019690626962953213
55,64,6,4,61,2,0.09348030273317073,0.011815779271563222,0.10529608200473395,0.09348030273317073
55,65,6,5,61,1,0.11062836252389555,0.016090814262107404,0.12671917678600295,0.11062836252389555
55,66,6,6,61,2,0.0935269841386894,0.011817746002242422,0.10534473014093182,0.0935269841386894
55,67,6,7,61,3,0.019776806003704694,0.003426333954795218,0.023203139958499912,0.019776806003704694
55,68,6,8,61,4,0.004412029169457525,0.00029256967162877805,0.004704598841086303,0.004412029169457525
55,69,6,9,61,5,0.005188977849636533,0.0002822076343525938,0.0054711854839891265,0.005188977849636533
55,70,7,0,61,7,0.0004901848246418643,7.656210305693331e-05,0.0005667469276987976,0.0004901848246418643
55,71,7,1,61,6,0.00272612495051361,0.0001862952873775256,0.0029124202378911354,0.00272612495051361
55,72,7,2,61,5,0.00621667404416153,0.0002135605528793587,0.006430234597040888,0.00621667404416153
55,73,7,3,61,4,0.003874828757828372,0.0006285401577400242,0.004503368915568396,0.003874828757828372
55,74,7,4,61,3,0.0197396093388705,0.0034242147643876826,0.023163824103258183,0.0197396093388705
55,75,7,5,61,2,0.04528622980693702,0.006362341395430302,0.05164857120236732,0.04528622980693702
55,76,7,6,61,3,0.019776806003780213,0.003426333954795594,0.023203139958575807,0.019776806003780213
55,77,7,7,61,4,0.0037881206157521466,0.0006304608157108951,0.004418581431463042,0.0037881206157521466
55,78,7,8,61,5,0.006170623827302467,0.00022511022620224882,0.0063957340535047156,0.006170623827302467
55,79,7,9,61,6,0.0033919734179544674,0.0002554555993288217,0.003647429017283289,0.0033919734179544674
55,80,8,0,61,8,0.0002236745555448733,2.0505876870096673e-05,0.00024418043241496997,0.0002236745555448733
55,81,8,1,61,7,0.0009109997378761703,0.00010054655715128844,0.0010115462950274587,0.0009109997378761703
55,82,8,2,61,6,0.0035629631161404455,0.00023357691294972915,0.003796540029090175,0.0035629631161404455
55,83,8,3,61,5,0.006254932049594402,0.00022924980822261462,0.0064841818578170165,0.006254932049594402
55,84,8,4,61,4,0.004432729439433737,0.00029066697029494977,0.004723396409728686,0.004432729439433737
55,85,8,5,61,3,0.00189483192698698,0.0009625538338816324,0.0028573857608686125,0.00189483192698698
55,86,8,6,61,4,0.004412029169413454,0.00029256967162962736,0.0047045988410430815,0.004412029169413454
55,87,8,7,61,5,0.006170623827257158,0.00022511022620130345,0.006395734053458461,0.006170623827257158
55,88,8,8,61,6,0.00340288185020353,0.0002326733569830239,0.003635555207186554,0.00340288185020353
55,89,8,9,61,7,0.000944098861760402,0.00012789013063265958,0.0010719889923930615,0.000944098861760402
55,90,9,0,61,9,0.0005352880529468758,1.280468491711884e-05,0.0005480927378639946,0.0005352880529468758
55,91,9,1,61,8,0.0001718768215964296,3.261735064816342e-05,0.00020449417224459302,0.0001718768215964296
55,92,9,2,61,7,0.0011370458906429775,0.00013550966587569033,0.0012725555565186678,0.0011370458906429775
55,93,9,3,61,6,0.003455972419419375,0.0002603633482452589,0.003716335767664634,0.003455972419419375
55,94,9,4,61,5,0.005197448125029839,0.00028391151565624787,0.005481359640686087,0.005197448125029839
55,95,9,5,61,4,0.005002457225632465,0.00019456980193179648,0.0051970270275642615,0.005002457225632465
55,96,9,6,61,5,0.005188977849640646,0.0002822076343519965,0.005471185483992643,0.005188977849640646
55,97,9,7,61,6,0.003391973417892842,0.00025545559932758287,0.0036474290172204245,0.003391973417892842
55,98,9,8,61,7,0.0009440988617570654,0.00012789013063268078,0.0010719889923897462,0.0009440988617570654
55,99,9,9,61,8,0.00045725366072331056,3.4466525369411425e-05,0.000491720186092722,0.00045725366072331056
55,0,0,0,62,10,0.0002996620282909903,1.5590014760972458e-05,0.00031525204305196273,0.0002996620282909903
55,1,0,1,62,9,0.0003327943735156001,7.038534340984929e-06,0.00033983290785658503,0.0003327943735156001
55,2,0,2,62,8,0.00012993896323129175,2.272932382060064e-05,0.00015266828705189238,0.00012993896323129175
55,3,0,3,62,7,0.000530707795577678,7.397587619127829e-05,0.0006046836717689563,0.000530707795577678
55,4,0,4,62,6,0.0013081956387487551,0.00011803140986150462,0.0014262270486102597,0.0013081956387487551
55,5,0,5,62,5,0.0015504316798465518,0.00012376175678029914,0.001674193436626851,0.0015504316798465518
55,6,0,6,62,6,0.0013123771368391624,0.00011748584138094149,0.001429862978220104,0.0013123771368391624
55,7,0,7,62,7,0.0005147964597645542,7.166307065024727e-05,0.0005864595304148015,0.0005147964597645542
55,8,0,8,62,8,0.00021834232925671578,1.7196078554802785e-05,0.00023553840781151856,0.00021834232925671578
55,9,0,9,62,9,0.0005427135087121818,1.4603264427135406e-05,0.0005573167731393172,0.0005427135087121818
55,10,1,0,62,9,0.0003327943736435618,7.0385343426586315e-06,0.0003398329079862204,0.0003327943736435618
55,11,1,1,62,8,2.2308458167888568e-05,2.6060462869382645e-05,4.836892103727121e-05,2.6060462869382645e-05
55,12,1,2,62,7,0.0010704703934984311,0.00010051982856424401,0.0011709902220626751,0.0010704703934984311
55,13,1,3,62,6,0.0028320027163839284,0.00018729837437614117,0.0030193010907600694,0.0028320027163839284
55,14,1,4,62,5,0.003985785355567835,0.00018987636539849386,0.004175661720966329,0.003985785355567835
55,15,1,5,62,4,0.0036295712000589306,0.00010734371154770328,0.003736914911606634,0.0036295712000589306
55,16,1,6,62,5,0.003978784435346328,0.00018881616519330236,0.004167600600539631,0.003978784435346328
55,17,1,7,62,6,0.002786244451747051,0.00018416104209267222,0.002970405493839723,0.002786244451747051
55,18,1,8,62,7,0.0009419290869559015,9.572016164425126e-05,0.0010376492486001527,0.0009419290869559015
55,19,1,9,62,8,0.00016138079075829595,2.8338080774065142e-05,0.0001897188715323611,0.00016138079075829595
55,20,2,0,62,8,0.00012993896332413676,2.272932381856687e-05,0.0001526682871427036,0.00012993896332413676
55,21,2,1,62,7,0.00107047039348008,0.00010051982856432357,0.0011709902220444035,0.00107047039348008
55,22,2,2,62,6,0.0037748518050012055,0.00023175304609731532,0.004006604851098521,0.0037748518050012055
55,23,2,3,62,5,0.006412662617606908,0.00023452211253470652,0.006647184730141614,0.006412662617606908
55,24,2,4,62,4,0.0044194782839532855,0.00026726603916630805,0.004686744323119593,0.0044194782839532855
55,25,2,5,62,3,0.002048363092543044,0.0009243854710932226,0.002972748563636267,0.002048363092543044
55,26,2,6,62,4,0.00439540679887509,0.00026894177918410854,0.004664348578059199,0.00439540679887509
55,27,2,7,62,5,0.006328317284671891,0.00023097783453070528,0.006559295119202596,0.006328317284671891
55,28,2,8,62,6,0.003638437887589319,0.00023187247187347358,0.0038703103594627925,0.003638437887589319
55,29,2,9,62,7,0.001182129564614724,0.0001283895019120765,0.0013105190665268006,0.001182129564614724
55,30,3,0,62,7,0.0005307077955106082,7.397587618986995e-05,0.0006046836717004782,0.0005307077955106082
55,31,3,1,62,6,0.0028320027163483787,0.00018729837437610086,0.0030193010907244794,0.0028320027163483787
55,32,3,2,62,5,0.00641266261765349,0.00023452211253571979,0.00664718473018921,0.00641266261765349
55,33,3,3,62,4,0.0040490687246899125,0.0005528566741140507,0.004601925398803964,0.0040490687246899125
55,34,3,4,62,3,0.019960804699578387,0.0032685720636281383,0.023229376763206525,0.019960804699578387
55,35,3,5,62,2,0.046550867777762295,0.006196898054243624,0.05274776583200592,0.046550867777762295
55,36,3,6,62,3,0.02000190191321515,0.0032707229734614705,0.02327262488667662,0.02000190191321515
55,37,3,7,62,4,0.0039570483167809005,0.0005549545077324704,0.004512002824513371,0.0039570483167809005
55,38,3,8,62,5,0.006373200402356636,0.0002453041798948947,0.006618504582251531,0.006373200402356636
55,39,3,9,62,6,0.0035424510433519026,0.0002549999379389066,0.0037974509812908094,0.0035424510433519026
55,40,4,0,62,6,0.0013081956387064346,0.00011803140986089132,0.001426227048567326,0.0013081956387064346
55,41,4,1,62,5,0.003985785355574448,0.00018987636539813364,0.004175661720972582,0.003985785355574448
55,42,4,2,62,4,0.004419478283988695,0.00026726603916510134,0.004686744323153796,0.004419478283988695
55,43,4,3,62,3,0.019960804699574057,0.0032685720636273837,0.023229376763201443,0.019960804699574057
55,44,4,4,62,2,0.09620589721015989,0.011580060646448873,0.10778595785660876,0.09620589721015989
55,45,4,5,62,1,0.11698988442518944,0.016080537373604424,0.13307042179879386,0.11698988442518944
55,46,4,6,62,2,0.09625520609066,0.011582144490485818,0.10783735058114582,0.09625520609066
55,47,4,7,62,3,0.02004997747585139,0.003268395109735436,0.023318372585586826,0.02004997747585139
55,48,4,8,62,4,0.004534256611998127,0.00024459972125356693,0.004778856333251694,0.004534256611998127
55,49,4,9,62,5,0.005314022062213174,0.0002871841953804201,0.005601206257593594,0.005314022062213174
55,50,5,0,62,5,0.0015504316797816178,0.0001237617567796236,0.0016741934365612414,0.0015504316797816178
55,51,5,1,62,4,0.0036295712000159364,0.00010734371154764594,0.0037369149115635825,0.0036295712000159364
55,52,5,2,62,3,0.0020483630925228506,0.0009243854710923858,0.0029727485636152364,0.0020483630925228506
55,53,5,3,62,2,0.04655086777779718,0.0061968980542438466,0.05274776583204102,0.04655086777779718
55,54,5,4,62,1,0.11698988442522543,0.01608053737360342,0.13307042179882886,0.11698988442522543
55,55,5,5,62,0,1.488878326282718,0.07278269746169409,1.5616610237444122,1.488878326282718
55,56,5,6,62,1,0.11702782239953007,0.016082417335818947,0.13311023973534902,0.11702782239953007
55,57,5,7,62,2,0.046630330376700176,0.006195624435337961,0.05282595481203814,0.046630330376700176
55,58,5,8,62,3,0.0018995861791379482,0.0008967906507825867,0.002796376829920535,0.0018995861791379482
55,59,5,9,62,4,0.005119695268424709,0.0002041532888432325,0.005323848557267942,0.005119695268424709
55,60,6,0,62,6,0.0013123771369205298,0.00011748584138176654,0.0014298629783022964,0.0013123771369205298
55,61,6,1,62,5,0.003978784435384916,0.0001888161651932501,0.004167600600578166,0.003978784435384916
55,62,6,2,62,4,0.004395406798859557,0.0002689417791845753,0.004664348578044132,0.004395406798859557
55,63,6,3,62,3,0.02000190191322643,0.00327072297346232,0.023272624886688752,0.02000190191322643
55,64,6,4,62,2,0.09625520609072806,0.011582144490486546,0.1078373505812146,0.09625520609072806
55,65,6,5,62,1,0.11702782239962373,0.016082417335818423,0.13311023973544214,0.11702782239962373
55,66,6,6,62,2,0.09630312523106217,0.011584185466331283,0.10788731069739346,0.09630312523106217
55,67,6,7,62,3,0.020088428226225002,0.0032705217056295667,0.02335894993185457,0.020088428226225002
55,68,6,8,62,4,0.004512390038687161,0.0002464045224239371,0.004758794561111098,0.004512390038687161
55,69,6,9,62,5,0.005304489381674711,0.0002855875713065041,0.005590076952981215,0.005304489381674711
55,70,7,0,62,7,0.0005147964598057205,7.166307065091648e-05,0.000586459530456637,0.0005147964598057205
55,71,7,1,62,6,0.0027862444518564743,0.00018416104209293562,0.0029704054939494098,0.0027862444518564743
55,72,7,2,62,5,0.006328317284686641,0.00023097783453052126,0.006559295119217163,0.006328317284686641
55,73,7,3,62,4,0.003957048316783374,0.0005549545077335694,0.004512002824516944,0.003957048316783374
55,74,7,4,62,3,0.020049977475754075,0.0032683951097353487,0.023318372585489425,0.020049977475754075
55,75,7,5,62,2,0.04663033037677975,0.0061956244353396405,0.052825954812119394,0.04663033037677975
55,76,7,6,62,3,0.020088428226300387,0.0032705217056299717,0.02335894993193036,0.020088428226300387
55,77,7,7,62,4,0.0038686144781830295,0.0005571954635024531,0.004425809941685482,0.0038686144781830295
55,78,7,8,62,5,0.006286454381923513,0.00024108514428870217,0.006527539526212215,0.006286454381923513
55,79,7,9,62,6,0.0034754465010359216,0.0002502053706412749,0.0037256518716771965,0.0034754465010359216
55,80,8,0,62,8,0.0002183423292418493,1.719607855513746e-05,0.00023553840779698678,0.0002183423292418493
55,81,8,1,62,7,0.0009419290870105071,9.572016164494798e-05,0.001037649248655455,0.0009419290870105071
55,82,8,2,62,6,0.003638437887617839,0.00023187247187292592,0.003870310359490765,0.003638437887617839
55,83,8,3,62,5,0.006373200402432622,0.0002453041798943467,0.006618504582326969,0.006373200402432622
55,84,8,4,62,4,0.0045342566121039365,0.0002445997212524843,0.004778856333356421,0.0045342566121039365
55,85,8,5,62,3,0.0018995861791658677,0.0008967906507828011,0.0027963768299486685,0.0018995861791658677
55,86,8,6,62,4,0.004512390038643254,0.00024640452242474694,0.004758794561068001,0.004512390038643254
55,87,8,7,62,5,0.0062864543818784814,0.0002410851442877474,0.006527539526166229,0.0062864543818784814
55,88,8,8,62,6,0.0034773619932942142,0.00023012337647950747,0.0037074853697737216,0.0034773619932942142
55,89,8,9,62,7,0.000984821288727843,0.00012045023373600694,0.0011052715224638499,0.000984821288727843
55,90,9,0,62,9,0.0005427135084957956,1.460326442490245e-05,0.000557316772920698,0.0005427135084957956
55,91,9,1,62,8,0.00016138079064278665,2.8338080774492918e-05,0.00018971887141727958,0.00016138079064278665
55,92,9,2,62,7,0.0011821295645641464,0.0001283895019111674,0.0013105190664753138,0.0011821295645641464
55,93,9,3,62,6,0.003542451043322382,0.00025499993793925816,0.00379745098126164,0.003542451043322382
55,94,9,4,62,5,0.005314022062318703,0.00028718419538150043,0.005601206257700203,0.005314022062318703
55,95,9,5,62,4,0.005119695268409327,0.00020415328884369828,0.005323848557253026,0.005119695268409327
55,96,9,6,62,5,0.005304489381678798,0.00028558757130592007,0.005590076952984718,0.005304489381678798
55,97,9,7,62,6,0.003475446500974608,0.00025020537064001963,0.0037256518716146277,0.003475446500974608
55,98,9,8,62,7,0.0009848212887245114,0.00012045023373604185,0.0011052715224605532,0.0009848212887245114
55,99,9,9,62,8,0.0004460713459601362,2.852872413512599e-05,0.0004746000700952622,0.0004460713459601362
55,0,0,0,63,10,0.00030699266167277925,1.5664507359298862e-05,0.0003226571690320781,0.00030699266167277925
55,1,0,1,63,9,0.0003349511039567094,8.33964218199869e-06,0.0003432907461387081,0.0003349511039567094
55,2,0,2,63,8,0.00012133497132130526,1.9339623465260842e-05,0.0001406745947865661,0.00012133497132130526
55,3,0,3,63,7,0.0005536886241033129,6.885218633802618e-05,0.000622540810441339,0.0005536886241033129
55,4,0,4,63,6,0.0013436822120946857,0.00011307751528726769,0.0014567597273819535,0.0013436822120946857
55,5,0,5,63,5,0.0015906659019153707,0.00011967644266840063,0.0017103423445837714,0.0015906659019153707
55,6,0,6,63,6,0.0013475118010176485,0.00011260792627385205,0.0014601197272915006,0.0013475118010176485
55,7,0,7,63,7,0.0005363563946374519,6.668943147835853e-05,0.0006030458261158105,0.0005363563946374519
55,8,0,8,63,8,0.00021263912418899864,1.3963624981853755e-05,0.0002266027491708524,0.00021263912418899864
55,9,0,9,63,9,0.0005478273942780709,1.633259791256499e-05,0.0005641599921906359,0.0005478273942780709
55,10,1,0,63,9,0.0003349511040830062,8.33964218367835e-06,0.00034329074626668457,0.0003349511040830062
55,11,1,1,63,8,2.5068553725727777e-05,2.3038766626447293e-05,4.810732035217507e-05,2.5068553725727777e-05
55,12,1,2,63,7,0.0010985491007979803,9.580314932645291e-05,0.0011943522501244332,0.0010985491007979803
55,13,1,3,63,6,0.0028827766484825026,0.00018468713905541218,0.003067463787537915,0.0028827766484825026
55,14,1,4,63,5,0.004053964693919004,0.0001947673389875614,0.004248732032906565,0.004053964693919004
55,15,1,5,63,4,0.0036967164162687123,0.00011735949884952428,0.0038140759151182365,0.0036967164162687123
55,16,1,6,63,5,0.004046329744350228,0.00019377802657905244,0.00424010777092928,0.004046329744350228
55,17,1,7,63,6,0.0028353805482868527,0.0001816205883016807,0.0030170011365885335,0.0028353805482868527
55,18,1,8,63,7,0.0009680867365128975,9.076181324870494e-05,0.0010588485497616024,0.0009680867365128975
55,19,1,9,63,8,0.00015104153665582517,2.4104724937385734e-05,0.0001751462615932109,0.00015104153665582517
55,20,2,0,63,8,0.00012133497141108193,1.933962346335011e-05,0.00014067459487443205,0.00012133497141108193
55,21,2,1,63,7,0.0010985491007807259,9.580314932657612e-05,0.001194352250107302,0.0010985491007807259
55,22,2,2,63,6,0.0038355333155274864,0.000230402498170398,0.004065935813697885,0.0038355333155274864
55,23,2,3,63,5,0.006507135997979963,0.0002510604753804449,0.006758196473360408,0.006507135997979963
55,24,2,4,63,4,0.004505379987834889,0.00022151162095329806,0.004726891608788187,0.004505379987834889
55,25,2,5,63,3,0.0020537699707921797,0.0008577330950158424,0.002911503065808022,0.0020537699707921797
55,26,2,6,63,4,0.004480352225725626,0.00022309684366819704,0.0047034490693938225,0.004480352225725626
55,27,2,7,63,5,0.00642123944920994,0.0002473977765313716,0.006668637225741311,0.00642123944920994
55,28,2,8,63,6,0.0036998696001257414,0.00022963658289343558,0.003929506183019177,0.0036998696001257414
55,29,2,9,63,7,0.0012207712141458556,0.00012109587770444915,0.0013418670918503048,0.0012207712141458556
55,30,3,0,63,7,0.0005536886240392789,6.885218633674937e-05,0.0006225408103760283,0.0005536886240392789
55,31,3,1,63,6,0.002882776648448246,0.00018468713905539036,0.0030674637875036364,0.002882776648448246
55,32,3,2,63,5,0.006507135998026404,0.00025106047538148786,0.006758196473407892,0.006507135998026404
55,33,3,3,63,4,0.004132585390681272,0.00048109414389366077,0.004613679534574933,0.004132585390681272
55,34,3,4,63,3,0.020197413467265113,0.0031124024344496345,0.02330981590171475,0.020197413467265113
55,35,3,5,63,2,0.04773907866010791,0.006026820234455853,0.05376589889456376,0.04773907866010791
55,36,3,6,63,3,0.02023960432563181,0.0031145644497002994,0.02335416877533211,0.02023960432563181
55,37,3,7,63,4,0.004039307586418492,0.0004835092893620125,0.004522816875780504,0.004039307586418492
55,38,3,8,63,5,0.006472234483752244,0.0002603278080156078,0.006732562291767852,0.006472234483752244
55,39,3,9,63,6,0.0036140362730966292,0.00024911284687206966,0.003863149119968699,0.0036140362730966292
55,40,4,0,63,6,0.001343682212054516,0.00011307751528675013,0.0014567597273412662,0.001343682212054516
55,41,4,1,63,5,0.004053964693926401,0.0001947673389872436,0.004248732032913645,0.004053964693926401
55,42,4,2,63,4,0.004505379987869628,0.00022151162095216816,0.0047268916088217955,0.004505379987869628
55,43,4,3,63,3,0.020197413467261543,0.003112402434448914,0.023309815901710457,0.020197413467261543
55,44,4,4,63,2,0.0986743954031381,0.011339191901611983,0.11001358730475008,0.0986743954031381
55,45,4,5,63,1,0.12333753795837925,0.01605345799298402,0.13939099595136328,0.12333753795837925
55,46,4,6,63,2,0.09872475742771489,0.011341344935695953,0.11006610236341084,0.09872475742771489
55,47,4,7,63,3,0.020286631701574603,0.003112805844563222,0.023399437546137825,0.020286631701574603
55,48,4,8,63,4,0.004628076871336264,0.00020117362957709206,0.004829250500913355,0.004628076871336264
55,49,4,9,63,5,0.00541134903411693,0.00028960301860157496,0.005700952052718505,0.00541134903411693
55,50,5,0,63,5,0.0015906659018513735,0.00011967644266773715,0.0017103423445191106,0.0015906659018513735
55,51,5,1,63,4,0.003696716416225668,0.00011735949884941676,0.003814075915075085,0.003696716416225668
55,52,5,2,63,3,0.002053769970772807,0.0008577330950150325,0.0029115030657878398,0.002053769970772807
55,53,5,3,63,2,0.047739078660143625,0.0060268202344561355,0.05376589889459976,0.047739078660143625
55,54,5,4,63,1,0.12333753795841608,0.01605345799298306,0.13939099595139914,0.12333753795841608
55,55,5,5,63,0,1.4513140070228654,0.07129404961743563,1.522608056640301,1.4513140070228654
55,56,5,6,63,1,0.12337781982572116,0.01605542384480238,0.13943324367052354,0.12337781982572116
55,57,5,7,63,2,0.04781815648168324,0.006026192741221188,0.05384434922290443,0.04781815648168324
55,58,5,8,63,3,0.0018977025662047812,0.0008320490715297097,0.002729751637734491,0.0018977025662047812
55,59,5,9,63,4,0.00521892260403956,0.00021282606664725694,0.005431748670686817,0.00521892260403956
55,60,6,0,63,6,0.0013475118010983667,0.00011260792627471585,0.0014601197273730825,0.0013475118010983667
55,61,6,1,63,5,0.004046329744388158,0.00019377802657897622,0.004240107770967135,0.004046329744388158
55,62,6,2,63,4,0.004480352225709511,0.0002230968436686859,0.004703449069378197,0.004480352225709511
55,63,6,3,63,3,0.020239604325643333,0.003114564449701142,0.023354168775344474,0.020239604325643333
55,64,6,4,63,2,0.09872475742778312,0.011341344935696739,0.11006610236347986,0.09872475742778312
55,65,6,5,63,1,0.12337781982581711,0.01605542384480192,0.13943324367061902,0.12337781982581711
55,66,6,6,63,2,0.0987736867879456,0.011343452132651463,0.11011713892059706,0.0987736867879456
55,67,6,7,63,3,0.02032614436283791,0.0031149325819939773,0.023441076944831888,0.02032614436283791
55,68,6,8,63,4,0.004605158878189063,0.00020285209681895073,0.004808010975008013,0.004605158878189063
55,69,6,9,63,5,0.00540080942032686,0.00028811805127476256,0.005688927471601622,0.00540080942032686
55,70,7,0,63,7,0.0005363563946767975,6.668943147893965e-05,0.0006030458261557372,0.0005363563946767975
55,71,7,1,63,6,0.0028353805483949737,0.00018162058830194734,0.003017001136696921,0.0028353805483949737
55,72,7,2,63,5,0.006421239449224195,0.00024739777653116446,0.0066686372257553595,0.006421239449224195
55,73,7,3,63,4,0.004039307586420989,0.00048350928936312517,0.004522816875784114,0.004039307586420989
55,74,7,4,63,3,0.02028663170147722,0.00311280584456303,0.02339943754604025,0.02028663170147722
55,75,7,5,63,2,0.0478181564817624,0.0060261927412228805,0.05384434922298528,0.0478181564817624
55,76,7,6,63,3,0.020326144362913114,0.003114932581994415,0.02344107694490753,0.020326144362913114
55,77,7,7,63,4,0.003949532424936624,0.000486038930922369,0.004435571355858993,0.003949532424936624
55,78,7,8,63,5,0.006383466391219015,0.00025604581527973233,0.006639512206498747,0.006383466391219015
55,79,7,9,63,6,0.003544385705060446,0.00024444570966049154,0.0037888314147209376,0.003544385705060446
55,80,8,0,63,8,0.00021263912417694144,1.3963624982027558e-05,0.000226602749158969,0.00021263912417694144
55,81,8,1,63,7,0.0009680867365655553,9.076181324930883e-05,0.0010588485498148642,0.0009680867365655553
55,82,8,2,63,6,0.0036998696001536596,0.00022963658289286835,0.003929506183046528,0.0036998696001536596
55,83,8,3,63,5,0.006472234483828197,0.00026032780801510456,0.006732562291843301,0.006472234483828197
55,84,8,4,63,4,0.004628076871441833,0.00020117362957605957,0.004829250501017892,0.004628076871441833
55,85,8,5,63,3,0.001897702566232547,0.0008320490715299566,0.0027297516377625037,0.001897702566232547
55,86,8,6,63,4,0.0046051588781453635,0.0002028520968197013,0.004808010974965065,0.0046051588781453635
55,87,8,7,63,5,0.006383466391174292,0.0002560458152787702,0.006639512206453062,0.006383466391174292
55,88,8,8,63,6,0.0035384132767122592,0.0002270634234970649,0.003765476700209324,0.0035384132767122592
55,89,8,9,63,7,0.0010200534830956418,0.0001128677095431868,0.0011329211926388286,0.0010200534830956418
55,90,9,0,63,9,0.0005478273940654093,1.6332597910420372e-05,0.0005641599919758297,0.0005478273940654093
55,91,9,1,63,8,0.00015104153654254122,2.4104724937743893e-05,0.00017514626148028512,0.00015104153654254122
55,92,9,2,63,7,0.0012207712140945477,0.00012109587770346521,0.0013418670917980128,0.0012207712140945477
55,93,9,3,63,6,0.0036140362730666116,0.00024911284687236266,0.0038631491199389743,0.0036140362730666116
55,94,9,4,63,5,0.005411349034221759,0.00028960301860268464,0.005700952052824444,0.005411349034221759
55,95,9,5,63,4,0.0052189226040237,0.0002128260666476888,0.005431748670671388,0.0052189226040237
55,96,9,6,63,5,0.005400809420330957,0.0002881180512741931,0.00568892747160515,0.005400809420330957
55,97,9,7,63,6,0.003544385704999492,0.0002444457096592229,0.003788831414658715,0.003544385704999492
55,98,9,8,63,7,0.0010200534830923287,0.00011286770954323553,0.0011329211926355642,0.0010200534830923287
55,99,9,9,63,8,0.00043400057678053694,2.2752175289633396e-05,0.00045675275207017035,0.00043400057678053694
55,0,0,0,64,10,0.00031284783111641353,1.5688273581542643e-05,0.0003285361046979562,0.00031284783111641353
55,1,0,1,64,9,0.0003358624753375473,9.602205574852643e-06,0.00034546468091239995,0.0003358624753375473
55,2,0,2,64,8,0.00011297499607407405,1.601283627971933e-05,0.00012898783235379337,0.00011297499607407405
55,3,0,3,64,7,0.0005734400138887628,6.367141033670586e-05,0.0006371114242254687,0.0005734400138887628
55,4,0,4,64,6,0.0013731870927348696,0.00010794996143360743,0.001481137054168477,0.0013731870927348696
55,5,0,5,64,5,0.001624188351197925,0.00011536926519186586,0.0017395576163897909,0.001624188351197925
55,6,0,6,64,6,0.0013766480395889904,0.00010755719764303781,0.0014842052372320282,0.0013766480395889904
55,7,0,7,64,7,0.0005547916807601485,6.16639559091271e-05,0.0006164556366692756,0.0005547916807601485
55,8,0,8,64,8,0.00020668460189512296,1.0862303258129575e-05,0.00021754690515325253,0.00020668460189512296
55,9,0,9,64,9,0.0005507339033915109,1.7985794099039958e-05,0.0005687196974905509,0.0005507339033915109
55,10,1,0,64,9,0.0003358624754621638,9.602205576531532e-06,0.00034546468103869535,0.0003358624754621638
55,11,1,1,64,8,2.965598680645237e-05,2.0040650926811175e-05,4.969663773326354e-05,2.965598680645237e-05
55,12,1,2,64,7,0.0011212881639237407,9.095841910651351e-05,0.0012122465830302542,0.0011212881639237407
55,13,1,3,64,6,0.002922629271890152,0.00018168806451097493,0.0031043173364011267,0.002922629271890152
55,14,1,4,64,5,0.004109156893266576,0.00019902476668825868,0.004308181659954835,0.004109156893266576
55,15,1,5,64,4,0.003752527996392647,0.00012674603316179355,0.0038792740295544408,0.003752527996392647
55,16,1,6,64,5,0.004100933331263377,0.00019810895298124219,0.0042990422842446195,0.004100933331263377
55,17,1,7,64,6,0.0028738394879384986,0.00017870117914507667,0.0030525406670835753,0.0028738394879384986
55,18,1,8,64,7,0.0009894806830842884,8.569558314071479e-05,0.0010751762662250032,0.0009894806830842884
55,19,1,9,64,8,0.00014101193375634492,1.9951848196850036e-05,0.00016096378195319495,0.00014101193375634492
55,20,2,0,64,8,0.00011297499616078774,1.601283627794234e-05,0.00012898783243873007,0.00011297499616078774
55,21,2,1,64,7,0.001121288163907572,9.095841910667813e-05,0.00121224658301425,0.001121288163907572
55,22,2,2,64,6,0.003882171794985683,0.0002285333263631752,0.004110705121348858,0.003882171794985683
55,23,2,3,64,5,0.006583460055941989,0.00026656860910287194,0.006850028665044861,0.006583460055941989
55,24,2,4,64,4,0.0045851309778639285,0.00017909074862296664,0.004764221726486895,0.0045851309778639285
55,25,2,5,64,3,0.002051071378320105,0.0007922286916114521,0.002843300069931557,0.002051071378320105
55,26,2,6,64,4,0.004559279184428722,0.00018054499440198844,0.00473982417883071,0.004559279184428722
55,27,2,7,64,5,0.006496405199325253,0.00026280160679535616,0.006759206806120609,0.006496405199325253
55,28,2,8,64,6,0.0037476837689988103,0.00022690094196751333,0.003974584710966324,0.0037476837689988103
55,29,2,9,64,7,0.0012529177246715952,0.00011366355669482972,0.001366581281366425,0.0012529177246715952
55,30,3,0,64,7,0.0005734400138277209,6.36714103355551e-05,0.000637111424163276,0.0005734400138277209
55,31,3,1,64,6,0.0029226292718571756,0.0001816880645109698,0.0031043173363681452,0.0029226292718571756
55,32,3,2,64,5,0.00658346005598828,0.0002665686091039416,0.006850028665092222,0.00658346005598828
55,33,3,3,64,4,0.00421651268606488,0.00041194413887499877,0.004628456824939878,0.00421651268606488
55,34,3,4,64,3,0.020362174426727237,0.0029569025512697295,0.023319076977996966,0.020362174426727237
55,35,3,5,64,2,0.04877523800691285,0.005854671413403686,0.054629909420316536,0.04877523800691285
55,36,3,6,64,3,0.02040525117107996,0.0029590684625139243,0.023364319633593884,0.02040525117107996
55,37,3,7,64,4,0.00412236819824259,0.00041463185499513545,0.004537000053237726,0.00412236819824259
55,38,3,8,64,5,0.006552946556464446,0.00027431363350953713,0.0068272601899739835,0.006552946556464446
55,39,3,9,64,6,0.0036710203992627918,0.00024274628425079156,0.003913766683513583,0.0036710203992627918
55,40,4,0,64,6,0.0013731870926968074,0.0001079499614331808,0.0014811370541299882,0.0013731870926968074
55,41,4,1,64,5,0.004109156893274749,0.00019902476668798118,0.004308181659962731,0.004109156893274749
55,42,4,2,64,4,0.004585130977897997,0.00017909074862194763,0.004764221726519944,0.004585130977897997
55,43,4,3,64,3,0.020362174426724403,0.002956902551269046,0.023319076977993448,0.020362174426724403
55,44,4,4,64,2,0.10084641154349157,0.011092233999890665,0.11193864554338223,0.10084641154349157
55,45,4,5,64,1,0.12953371246424053,0.016009275864749182,0.1455429883289897,0.12953371246424053
55,46,4,6,64,2,0.10089759385169884,0.011094448057703423,0.11199204190940226,0.10089759385169884
55,47,4,7,64,3,0.0204511151230445,0.002957872038354305,0.023408987161398807,0.0204511151230445
55,48,4,8,64,4,0.004714898681231848,0.00016142480443846405,0.004876323485670312,0.004714898681231848
55,49,4,9,64,5,0.005490013501048247,0.0002912017736818033,0.0057812152747300505,0.005490013501048247
55,50,5,0,64,5,0.0016241883511348477,0.00011536926519121385,0.0017395576163260614,0.0016241883511348477
55,51,5,1,64,4,0.0037525279963495743,0.0001267460331616372,0.0038792740295112114,0.0037525279963495743
55,52,5,2,64,3,0.002051071378301562,0.0007922286916106683,0.0028433000699122305,0.002051071378301562
55,53,5,3,64,2,0.048775238006949356,0.005854671413404033,0.05462990942035339,0.048775238006949356
55,54,5,4,64,1,0.12953371246427806,0.016009275864748256,0.14554298832902632,0.12953371246427806
55,55,5,5,64,0,1.414959581247453,0.0698550601801678,1.4848146414276207,1.414959581247453
55,56,5,6,64,1,0.1295758789910424,0.01601131962747009,0.1455871986185125,0.1295758789910424
55,57,5,7,64,2,0.04885366846057326,0.005854678002003903,0.05470834646257717,0.04885366846057326
55,58,5,8,64,3,0.001889036768503282,0.0007684798540637247,0.0026575166225670066,0.001889036768503282
55,59,5,9,64,4,0.0053007255043393126,0.00022060435956375407,0.0055213298639030664,0.0053007255043393126
55,60,6,0,64,6,0.0013766480396690203,0.0001075571976439381,0.0014842052373129585,0.0013766480396690203
55,61,6,1,64,5,0.004100933331300653,0.0001981089529811442,0.004299042284281797,0.004100933331300653
55,62,6,2,64,4,0.004559279184412056,0.0001805449944024749,0.004739824178814531,0.004559279184412056
55,63,6,3,64,3,0.02040525117109169,0.002959068462514759,0.023364319633606447,0.02040525117109169
55,64,6,4,64,2,0.10089759385176719,0.011094448057704261,0.11199204190947146,0.10089759385176719
55,65,6,5,64,1,0.1295758789911401,0.016011319627469683,0.14558719861860978,0.1295758789911401
55,66,6,6,64,2,0.10094730862602472,0.011096613474568437,0.11204392210059315,0.10094730862602472
55,67,6,7,64,3,0.020491497158414387,0.0029599918947029293,0.023451489053117315,0.020491497158414387
55,68,6,8,64,4,0.004691049988096815,0.00016292665246726054,0.004853976640564076,0.004691049988096815
55,69,6,9,64,5,0.005478531531121664,0.00028983225696786546,0.00576836378808953,0.005478531531121664
55,70,7,0,64,7,0.0005547916807976728,6.166395590962391e-05,0.0006164556367072967,0.0005547916807976728
55,71,7,1,64,6,0.002873839488045301,0.0001787011791453468,0.003052540667190648,0.002873839488045301
55,72,7,2,64,5,0.0064964051993390125,0.0002628016067951285,0.006759206806134141,0.0064964051993390125
55,73,7,3,64,4,0.004122368198245118,0.00041463185499625153,0.004537000053241369,0.004122368198245118
55,74,7,4,64,3,0.0204511151229471,0.0029578720383540147,0.023408987161301114,0.0204511151229471
55,75,7,5,64,2,0.048853668460651985,0.005854678002005613,0.0547083464626576,0.048853668460651985
55,76,7,6,64,3,0.02049149715848937,0.002959991894703393,0.02345148905319276,0.02049149715848937
55,77,7,7,64,4,0.004031621923030562,0.00041740688497044317,0.0044490288080010045,0.004031621923030562
55,78,7,8,64,5,0.006462569341502358,0.0002699845127910017,0.00673255385429336,0.006462569341502358
55,79,7,9,64,6,0.0035990939594716964,0.0002382198305995714,0.0038373137900712677,0.0035990939594716964
55,80,8,0,64,8,0.00020668460188584604,1.086230325816433e-05,0.00021754690514401038,0.00020668460188584604
55,81,8,1,64,7,0.0009894806831350015,8.56955831412298e-05,0.0010751762662762313,0.0009894806831350015
55,82,8,2,64,6,0.0037476837690261183,0.00022690094196692857,0.003974584710993047,0.0037476837690261183
55,83,8,3,64,5,0.006552946556540329,0.0002743136335090782,0.0068272601900494076,0.006552946556540329
55,84,8,4,64,4,0.004714898681337111,0.00016142480443754576,0.004876323485774657,0.004714898681337111
55,85,8,5,64,3,0.0018890367685307219,0.0007684798540640022,0.002657516622594724,0.0018890367685307219
55,86,8,6,64,4,0.004691049988053364,0.00016292665246791434,0.004853976640521279,0.004691049988053364
55,87,8,7,64,5,0.006462569341457974,0.0002699845127900341,0.006732553854248009,0.006462569341457974
55,88,8,8,64,6,0.003586418567475022,0.0002235276173220043,0.003809946184797026,0.003586418567475022
55,89,8,9,64,7,0.0010497209469547129,0.0001051777881415128,0.0011548987350962258,0.0010497209469547129
55,90,9,0,64,9,0.0005507339031826022,1.7985794096981715e-05,0.000568719697279584,0.0005507339031826022
55,91,9,1,64,8,0.00014101193364530958,1.9951848197140206e-05,0.00016096378184244977,0.00014101193364530958
55,92,9,2,64,7,0.0012529177246195689,0.00011366355669377589,0.0013665812813133448,0.0012529177246195689
55,93,9,3,64,6,0.0036710203992322693,0.0002427462842510279,0.003913766683483297,0.0036710203992322693
55,94,9,4,64,5,0.005490013501152335,0.00029120177368293976,0.0057812152748352745,0.005490013501152335
55,95,9,5,64,4,0.005300725504322987,0.0002206043595641534,0.005521329863887141,0.005300725504322987
55,96,9,6,64,5,0.005478531531125802,0.0002898322569673117,0.005768363788093114,0.005478531531125802
55,97,9,7,64,6,0.003599093959411146,0.00023821983059829226,0.0038373137900094383,0.003599093959411146
55,98,9,8,64,7,0.0010497209469514308,0.00010517778814157528,0.0011548987350930061,0.0010497209469514308
55,99,9,9,64,8,0.00042129769643458427,1.726833974289731e-05,0.00043856603617748157,0.00042129769643458427
55,0,0,0,65,10,0.0003172446040569979,1.5662955197217438e-05,0.00033290755925421533,0.0003172446040569979
55,1,0,1,65,9,0.0003356054746299167,1.0818101662187026e-05,0.0003464235762921037,0.0003356054746299167
55,2,0,2,65,8,0.00010497403538913482,1.279037077123563e-05,0.00011776440616037045,0.00010497403538913482
55,3,0,3,65,7,0.0005899058390936483,5.845668536992529e-05,0.0006483625244635737,0.0005899058390936483
55,4,0,4,65,6,0.001396759745719015,0.00010267546087908361,0.0014994352065980986,0.001396759745719015
55,5,0,5,65,5,0.0016510807176198987,0.00011086663058806544,0.0017619473482079642,0.0016510807176198987
55,6,0,6,65,6,0.0013998406618530208,0.00010236000993177436,0.001502200671784795,0.0013998406618530208
55,7,0,7,65,7,0.0005700569666228457,5.660892658879333e-05,0.000626665893211639,0.0005700569666228457
55,8,0,8,65,8,0.00020059041282340006,8.004767644490983e-06,0.00020859518046789104,0.00020059041282340006
55,9,0,9,65,9,0.000551545659880879,1.9557513654892108e-05,0.000571103173535771,0.000551545659880879
55,10,1,0,65,9,0.00033560547475284126,1.0818101663861449e-05,0.0003464235764167027,0.00033560547475284126
55,11,1,1,65,8,3.481429765725086e-05,1.708461869276573e-05,5.189891635001659e-05,3.481429765725086e-05
55,12,1,2,65,7,0.0011387471832440758,8.600864021415466e-05,0.0012247558234582305,0.0011387471832440758
55,13,1,3,65,6,0.002951902489338844,0.00017832875306648802,0.0031302312424053317,0.002951902489338844
55,14,1,4,65,5,0.004151889168826883,0.00020266540978720288,0.0043545545786140855,0.004151889168826883
55,15,1,5,65,4,0.0037975003537770078,0.00013549246875027224,0.00393299282252728,0.0037975003537770078
55,16,1,6,65,5,0.004143127152637691,0.00020182530171933437,0.004344952454357025,0.004143127152637691
55,17,1,7,65,6,0.0029019661613639055,0.00017542979840556625,0.003077395959769472,0.0029019661613639055
55,18,1,8,65,7,0.00100615036344218,8.05448258636197e-05,0.0010866951893057997,0.00100615036344218
55,19,1,9,65,8,0.00013142935694837783,1.593139329540133e-05,0.00014736075024377916,0.00013142935694837783
55,20,2,0,65,8,0.00010497403547279567,1.279037076961568e-05,0.00011776440624241135,0.00010497403547279567
55,21,2,1,65,7,0.0011387471832289794,8.600864021435819e-05,0.0012247558234433375,0.0011387471832289794
55,22,2,2,65,6,0.003915285930830617,0.00022617440388101646,0.004141460334711633,0.003915285930830617
55,23,2,3,65,5,0.00664261191891512,0.0002810364735771427,0.006923648392492263,0.00664261191891512
55,24,2,4,65,4,0.004659437503938989,0.00014166580109303245,0.0048011033050320215,0.004659437503938989
55,25,2,5,65,3,0.0020401721020451144,0.000728023440371867,0.0027681955424169813,0.0020401721020451144
55,26,2,6,65,4,0.004632896601669483,0.00014291145703960426,0.004775808058709087,0.004632896601669483
55,27,2,7,65,5,0.006554781516904353,0.0002771790082091879,0.006831960525113541,0.006554781516904353
55,28,2,8,65,6,0.003782351046674101,0.00022369709694298418,0.004006048143617085,0.003782351046674101
55,29,2,9,65,7,0.0012785656942493205,0.00010612636563736922,0.0013846920598866897,0.0012785656942493205
55,30,3,0,65,7,0.0005899058390355484,5.845668536889498e-05,0.0006483625244044435,0.0005899058390355484
55,31,3,1,65,6,0.002951902489307132,0.00017832875306649778,0.0031302312423736297,0.002951902489307132
55,32,3,2,65,5,0.006642611918961249,0.0002810364735782375,0.006923648392539486,0.006642611918961249
55,33,3,3,65,4,0.0043015275041953325,0.00034603690974066527,0.004647564413935998,0.0043015275041953325
55,34,3,4,65,3,0.020456910372230956,0.002802471203001214,0.02325938157523217,0.020456910372230956
55,35,3,5,65,2,0.049663700499427206,0.005681045924858665,0.05534474642428587,0.049663700499427206
55,36,3,6,65,3,0.02050066668344574,0.00280463401380648,0.023305300697252222,0.02050066668344574
55,37,3,7,65,4,0.004206889519032212,0.0003489297043937736,0.004555819223425986,0.004206889519032212
55,38,3,8,65,5,0.0066162594527088585,0.0002872608649694554,0.006903520317678314,0.0066162594527088585
55,39,3,9,65,6,0.0037137623997288427,0.00023594371790826887,0.003949706117637112,0.0037137623997288427
55,40,4,0,65,6,0.0013967597456830128,0.0001026754608787433,0.0014994352065617561,0.0013967597456830128
55,41,4,1,65,5,0.00415188916883582,0.00020266540978696381,0.004354554578622784,0.00415188916883582
55,42,4,2,65,4,0.004659437503972391,0.000141665801092191,0.004801103305064582,0.004659437503972391
55,43,4,3,65,3,0.020456910372228822,0.0028024712030005603,0.023259381575229384,0.020456910372228822
55,44,4,4,65,2,0.1027312585408,0.010840193293144396,0.11357145183394439,0.1027312585408
55,45,4,5,65,1,0.13550671262519973,0.01594941062580603,0.15145612325100577,0.13550671262519973
55,46,4,6,65,2,0.10278303230990268,0.010842460251992108,0.11362549256189479,0.10278303230990268
55,47,4,7,65,3,0.020545277069052344,0.0028039906588494764,0.023349267727901822,0.020545277069052344
55,48,4,8,65,4,0.004795385421341302,0.0001273487199957344,0.0049227341413370365,0.004795385421341302
55,49,4,9,65,5,0.005550656706725382,0.0002920151252716595,0.005842671831997042,0.005550656706725382
55,50,5,0,65,5,0.0016510807175577227,0.00011086663058742388,0.0017619473481451466,0.0016510807175577227
55,51,5,1,65,4,0.0037975003537339285,0.00013549246875006917,0.003932992822483997,0.0037975003537339285
55,52,5,2,65,3,0.0020401721020274063,0.0007280234403711087,0.002768195542398515,0.0020401721020274063
55,53,5,3,65,2,0.04966370049946446,0.005681045924859073,0.055344746424323535,0.04966370049946446
55,54,5,4,65,1,0.1355067126252379,0.01594941062580515,0.15145612325104305,0.1355067126252379
55,55,5,5,65,0,1.3797817707658724,0.06846332932682056,1.448245100092693,1.3797817707658724
55,56,5,6,65,1,0.13555035489782433,0.015951524262972683,0.15150187916079702,0.13555035489782433
55,57,5,7,65,2,0.04974124821782824,0.005681672550976924,0.055422920768805166,0.04974124821782824
55,58,5,8,65,3,0.0018735811877508674,0.0007062252343065749,0.0025798064220574424,0.0018735811877508674
55,59,5,9,65,4,0.005365739302645222,0.00022750734155560726,0.0055932466442008295,0.005365739302645222
55,60,6,0,65,6,0.0013998406619323263,0.00010236000993270902,0.0015022006718650354,0.0013998406619323263
55,61,6,1,65,5,0.004143127152674313,0.00020182530171921546,0.004344952454393529,0.004143127152674313
55,62,6,2,65,4,0.004632896601652297,0.00014291145704004268,0.0047758080586923395,0.004632896601652297
55,63,6,3,65,3,0.02050066668345765,0.002804634013807304,0.02330530069726495,0.02050066668345765
55,64,6,4,65,2,0.10278303230997114,0.01084246025199299,0.11362549256196414,0.10278303230997114
55,65,6,5,65,1,0.1355503548979234,0.015951524262972337,0.15150187916089572,0.1355503548979234
55,66,6,6,65,2,0.10283331182686406,0.010844675937856839,0.1136779877647209,0.10283331182686406
55,67,6,7,65,3,0.020586336909907733,0.0028060968668063703,0.023392433776714103,0.020586336909907733
55,68,6,8,65,4,0.004770731389806977,0.00012857658258825196,0.004899307972395229,0.004770731389806977
55,69,6,9,65,5,0.005538305190052147,0.00029076425268666716,0.0058290694427388145,0.005538305190052147
55,70,7,0,65,7,0.0005700569666585531,5.660892658920952e-05,0.0006266658932477626,0.0005700569666585531
55,71,7,1,65,6,0.002901966161469378,0.00017542979840584052,0.0030773959598752185,0.002901966161469378
55,72,7,2,65,5,0.0065547815169176215,0.0002771790082089417,0.0068319605251265635,0.0065547815169176215
55,73,7,3,65,4,0.004206889519034772,0.00034892970439487705,0.004555819223429649,0.004206889519034772
55,74,7,4,65,3,0.020545277068954967,0.002803990658849089,0.023349267727804057,0.020545277068954967
55,75,7,5,65,2,0.04974124821790649,0.005681672550978653,0.055422920768885144,0.04974124821790649
55,76,7,6,65,3,0.020586336909982454,0.0028060968668068603,0.023392433776789314,0.020586336909982454
55,77,7,7,65,4,0.004115527291305478,0.0003518856683266177,0.004467412959632096,0.004115527291305478
55,78,7,8,65,5,0.006524680577762599,0.00028289985860265537,0.006807580436365254,0.006524680577762599
55,79,7,9,65,6,0.003639937536765645,0.0002315701924935351,0.00387150772925918,0.003639937536765645
55,80,8,0,65,8,0.00020059041281686853,8.004767644429671e-06,0.0002085951804612982,0.00020059041281686853
55,81,8,1,65,7,0.0010061503634909562,8.05448258640498e-05,0.001086695189355006,0.0010061503634909562
55,82,8,2,65,6,0.0037823510467007927,0.0002236970969423839,0.004006048143643176,0.0037823510467007927
55,83,8,3,65,5,0.006616259452784642,0.0002872608649690401,0.006903520317753682,0.006616259452784642
55,84,8,4,65,4,0.004795385421446199,0.00012734871999505216,0.004922734141441252,0.004795385421446199
55,85,8,5,65,3,0.0018735811877777977,0.0007062252343068803,0.002579806422084678,0.0018735811877777977
55,86,8,6,65,4,0.00477073138976381,0.0001285765825887394,0.0048993079723525495,0.00477073138976381
55,87,8,7,65,5,0.00652468057771858,0.00028289985860168473,0.006807580436320265,0.00652468057771858
55,88,8,8,65,6,0.0036218049848972134,0.00021954975204509014,0.0038413547369423036,0.0036218049848972134
55,89,8,9,65,7,0.0010737933498104573,9.741479244433944e-05,0.0011712081422547967,0.0010737933498104573
55,90,9,0,65,9,0.0005515456596757424,1.9557513652917627e-05,0.00057110317332866,0.0005515456596757424
55,91,9,1,65,8,0.00013142935683960996,1.593139329562412e-05,0.0001473607501352341,0.00013142935683960996
55,92,9,2,65,7,0.001278565694196591,0.00010612636563625045,0.0013846920598328415,0.001278565694196591
55,93,9,3,65,6,0.0037137623996978094,0.00023594371790845072,0.00394970611760626,0.0037137623996978094
55,94,9,4,65,5,0.0055506567068286895,0.00029201512527282024,0.00584267183210151,0.0055506567068286895
55,95,9,5,65,4,0.00536573930262844,0.00022750734155597486,0.005593246644184415,0.00536573930262844
55,96,9,6,65,5,0.005538305190056358,0.00029076425268613015,0.005829069442742489,0.005538305190056358
55,97,9,7,65,6,0.0036399375367055413,0.00023157019249224811,0.0038715077291977896,0.0036399375367055413
55,98,9,8,65,7,0.001073793349807218,9.741479244441568e-05,0.0011712081422516338,0.001073793349807218
55,99,9,9,65,8,0.0004082034024010906,1.238515074622259e-05,0.00042058855314731317,0.0004082034024010906
55,0,0,0,66,10,0.0003202094801583761,1.559029676216745e-05,0.0003357997769205436,0.0003202094801583761
55,1,0,1,66,9,0.00033425918616798196,1.1981773486706748e-05,0.0003462409596546887,0.00033425918616798196
55,2,0,2,66,8,9.743406356293263e-05,9.748624858292383e-06,0.00010718268842122502,9.743406356293263e-05
55,3,0,3,66,7,0.0006030573168930498,5.323079686195345e-05,0.0006562881137550032,0.0006030573168930498
55,4,0,4,66,6,0.0014144828770665289,9.727994992349022e-05,0.001511762826990019,0.0014144828770665289
55,5,0,5,66,5,0.0016714588728713004,0.00010619428379490025,0.0017776531566662008,0.0016714588728713004
55,6,0,6,66,6,0.0014171776194794872,9.704194441403251e-05,0.0015142195638935198,0.0014171776194794872
55,7,0,7,66,7,0.0005821328380792495,5.154626477470278e-05,0.0006336791028539523,0.0005821328380792495
55,8,0,8,66,8,0.00019445967178291745,5.684262415038823e-06,0.00020014393419795628,0.00019445967178291745
55,9,0,9,66,9,0.0005503819044221823,2.104346993658918e-05,0.0005714253743587715,0.0005503819044221823
55,10,1,0,66,9,0.0003342591862892064,1.1981773488374402e-05,0.0003462409597775808,0.0003342591862892064
55,11,1,1,66,8,3.984584931102992e-05,1.4194391192142602e-05,5.4040240503172523e-05,3.984584931102992e-05
55,12,1,2,66,7,0.0011510170356803717,8.097610925491054e-05,0.0012319931449352823,0.0011510170356803717
55,13,1,3,66,6,0.0029709729205056774,0.00017463645249279146,0.003145609372998469,0.0029709729205056774
55,14,1,4,66,5,0.004182710062042298,0.0002057071632897192,0.004388417225332016,0.004182710062042298
55,15,1,5,66,4,0.0038321421910318984,0.0001435953540504822,0.00397573754508238,0.0038321421910318984
55,16,1,6,66,5,0.004173463902459079,0.00020494457284763785,0.004378408475306717,0.004173463902459079
55,17,1,7,66,6,0.0029201382241562076,0.00017183306830516343,0.003091971292461371,0.0029201382241562076
55,18,1,8,66,7,0.0010181639018814117,7.533216729406318e-05,0.0010934960691754748,0.0010181639018814117
55,19,1,9,66,8,0.00012241516591382414,1.213939690272045e-05,0.0001345545628165446,0.00012241516591382414
55,20,2,0,66,8,9.743406364355598e-05,9.748624856883994e-06,0.00010718268850043997,9.743406364355598e-05
55,21,2,1,66,7,0.0011510170356663317,8.097610925515114e-05,0.0012319931449214828,0.0011510170356663317
55,22,2,2,66,6,0.003935431061062948,0.00022335451858671943,0.004158785579649668,0.003935431061062948
55,23,2,3,66,5,0.006685565111203814,0.0002944604584659037,0.006980025569669718,0.006685565111203814
55,24,2,4,66,4,0.0047289468830929255,0.00011250677972582182,0.004841453662818748,0.0047289468830929255
55,25,2,5,66,3,0.0020211234165000706,0.0006652617795863642,0.0026863851960864348,0.0020211234165000706
55,26,2,6,66,4,0.004701853313114925,0.0001133936419412238,0.004815246955056149,0.004701853313114925
55,27,2,7,66,5,0.006597329703531966,0.00029052612658469535,0.006887855830116661,0.006597329703531966
55,28,2,8,66,6,0.003804379809327099,0.00022005633139456248,0.004024436140721661,0.003804379809327099
55,29,2,9,66,7,0.001297757717464061,9.8517210840958e-05,0.0013962749283050189,0.001297757717464061
55,30,3,0,66,7,0.0006030573168378357,5.3230796861038055e-05,0.0006562881136988738,0.0006030573168378357
55,31,3,1,66,6,0.002970972920475211,0.00017463645249281398,0.003145609372968025,0.002970972920475211
55,32,3,2,66,5,0.00668556511124977,0.0002944604584670208,0.006980025569716791,0.00668556511124977
55,33,3,3,66,4,0.004388204083834501,0.00028438295141894305,0.004672587035253444,0.004388204083834501
55,34,3,4,66,3,0.02048371516084062,0.0026494800577575345,0.023133195218598156,0.02048371516084062
55,35,3,5,66,2,0.05040917379050135,0.005506499589984358,0.05591567338048571,0.05040917379050135
55,36,3,6,66,3,0.020527947519458745,0.0026516329964763044,0.02317958051593505,0.020527947519458745
55,37,3,7,66,4,0.004293427415659773,0.00028736860041084266,0.004580796016070615,0.004293427415659773
55,38,3,8,66,5,0.00666309842704699,0.0002991737175332783,0.006962272144580268,0.00666309842704699
55,39,3,9,66,6,0.00374267989483825,0.00022874774013186683,0.003971427634970117,0.00374267989483825
55,40,4,0,66,6,0.0014144828770325361,9.727994992323144e-05,0.0015117628269557676,0.0014144828770325361
55,41,4,1,66,5,0.004182710062051987,0.00020570716328951718,0.0043884172253415045,0.004182710062051987
55,42,4,2,66,4,0.004728946883125669,0.00011250677972528519,0.004841453662850955,0.004728946883125669
55,43,4,3,66,3,0.020483715160839168,0.002649480057756912,0.02313319521859608,0.020483715160839168
55,44,4,4,66,2,0.10433879335590002,0.010584016462011528,0.11492280981791154,0.10433879335590002
55,45,4,5,66,1,0.14120734098540555,0.015875215103724888,0.15708255608913044,0.14120734098540555
55,46,4,6,66,2,0.10439093516693028,0.010586328269054108,0.11497726343598438,0.10439093516693028
55,47,4,7,66,3,0.020571238052868666,0.0026515316447700663,0.023222769697638732,0.020571238052868666
55,48,4,8,66,4,0.004870151205707124,0.00010278720456305557,0.0049729384102701795,0.004870151205707124
55,49,4,9,66,5,0.005593967117805767,0.00029207839797348113,0.005886045515779248,0.005593967117805767
55,50,5,0,66,5,0.0016714588728100068,0.0001061942837942683,0.001777653156604275,0.0016714588728100068
55,51,5,1,66,4,0.003832142190988831,0.00014359535405023457,0.003975737545039065,0.003832142190988831
55,52,5,2,66,3,0.0020211234164832,0.0006652617795856305,0.0026863851960688308,0.0020211234164832
55,53,5,3,66,2,0.05040917379053929,0.0055064995899848194,0.05591567338052411,0.05040917379053929
55,54,5,4,66,1,0.1412073409854443,0.01587521510372403,0.15708255608916832,0.1412073409854443
55,55,5,5,66,0,1.345747093404829,0.06711656589539013,1.412863659300219,1.345747093404829
55,56,5,6,66,1,0.1412520924019261,0.015877390556029887,0.15712948295795598,0.1412520924019261
55,57,5,7,66,2,0.05048563035734589,0.005507730341543018,0.05599336069888891,0.05048563035734589
55,58,5,8,66,3,0.001851467975034345,0.000645420823628805,0.00249688879866315,0.001851467975034345
55,59,5,9,66,4,0.00541463896834636,0.00023355660807735686,0.005648195576423717,0.00541463896834636
55,60,6,0,66,6,0.0014171776195580344,9.704194441499928e-05,0.0015142195639730337,0.0014171776195580344
55,61,6,1,66,5,0.004173463902495053,0.00020494457284749896,0.004378408475342552,0.004173463902495053
55,62,6,2,66,4,0.004701853313097248,0.00011339364194152708,0.004815246955038775,0.004701853313097248
55,63,6,3,66,3,0.020527947519470804,0.0026516329964771167,0.02317958051594792,0.020527947519470804
55,64,6,4,66,2,0.10439093516699881,0.010586328269055032,0.11497726343605384,0.10439093516699881
55,65,6,5,66,1,0.1412520924020262,0.0158773905560296,0.15712948295805582,0.1412520924020262
55,66,6,6,66,2,0.10444156417882107,0.010588586348924772,0.11503015052774584,0.10444156417882107
55,67,6,7,66,3,0.020612786340619478,0.0026536177035463306,0.023266404044165807,0.020612786340619478
55,68,6,8,66,4,0.0048448206854582905,0.00010356399545740083,0.004948384680915691,0.0048448206854582905
55,69,6,9,66,5,0.005580826176816336,0.00029094877061144566,0.005871774947427782,0.005580826176816336
55,70,7,0,66,7,0.000582132838113149,5.1546264775042126e-05,0.0006336791028881912,0.000582132838113149
55,71,7,1,66,6,0.0029201382242603404,0.00017183306830544266,0.003091971292565783,0.0029201382242603404
55,72,7,2,66,5,0.006597329703544747,0.000290526126584433,0.00688785583012918,0.006597329703544747
55,73,7,3,66,4,0.004293427415662367,0.0002873686004119068,0.004580796016074274,0.004293427415662367
55,74,7,4,66,3,0.02057123805277136,0.002651531644769584,0.023222769697540942,0.02057123805277136
55,75,7,5,66,2,0.050485630357423664,0.005507730341544762,0.055993360698968424,0.050485630357423664
55,76,7,6,66,3,0.020612786340693898,0.002653617703546848,0.023266404044240747,0.020612786340693898
55,77,7,7,66,4,0.004201788588480807,0.0002903996497750666,0.004492188238255874,0.004201788588480807
55,78,7,8,66,5,0.006570717395644009,0.0002947955200555492,0.0068655129156995585,0.006570717395644009
55,79,7,9,66,6,0.0036673381369333687,0.00022453837094570366,0.0038918765078790724,0.0036673381369333687
55,80,8,0,66,8,0.00019445967177909092,5.684262414989402e-06,0.0002001439341940803,0.00019445967177909092
55,81,8,1,66,7,0.0010181639019282633,7.533216729441239e-05,0.0010934960692226758,0.0010181639019282633
55,82,8,2,66,6,0.003804379809353169,0.00022005633139394876,0.004024436140747118,0.003804379809353169
55,83,8,3,66,5,0.00666309842712264,0.00029917371753290653,0.0069622721446555465,0.00666309842712264
55,84,8,4,66,4,0.004870151205811599,0.00010278720456281942,0.004972938410374419,0.004870151205811599
55,85,8,5,66,3,0.0018514679750605682,0.0006454208236291362,0.0024968887986897043,0.0018514679750605682
55,86,8,6,66,4,0.004844820685415443,0.00010356399545760332,0.004948384680873046,0.004844820685415443
55,87,8,7,66,5,0.0065707173956003825,0.00029479552005457697,0.00686551291565496,0.0065707173956003825
55,88,8,8,66,6,0.003645037003985605,0.00021516317933121002,0.003860200183316815,0.003645037003985605
55,89,8,9,66,7,0.0010922814860206747,8.961222153340521e-05,0.0011818937075540798,0.0010922814860206747
55,90,9,0,66,9,0.0005503819042208282,2.1043469934695438e-05,0.0005714253741555236,0.0005503819042208282
55,91,9,1,66,8,0.00012241516580733828,1.2139396902874028e-05,0.0001345545627102123,0.00012241516580733828
55,92,9,2,66,7,0.001297757717410645,9.851721083977947e-05,0.0013962749282504245,0.001297757717410645
55,93,9,3,66,6,0.003742679894806701,0.00022874774013199628,0.003971427634938698,0.003742679894806701
55,94,9,4,66,5,0.005593967117908256,0.000292078397974664,0.00588604551588292,0.005593967117908256
55,95,9,5,66,4,0.005414638968329136,0.00023355660807769347,0.005648195576406829,0.005414638968329136
55,96,9,6,66,5,0.005580826176820651,0.0002909487706109265,0.005871774947431577,0.005580826176820651
55,97,9,7,66,6,0.003667338136873751,0.00022453837094441175,0.003891876507818163,0.003667338136873751
55,98,9,8,66,7,0.00109228148601749,8.961222153349512e-05,0.001181893707550985,0.00109228148601749
55,99,9,9,66,8,0.0003949413505642893,8.956588381515414e-06,0.0004038979389458047,0.0003949413505642893
55,0,0,0,67,10,0.0003217774996683549,1.5472131732301595e-05,0.0003372496314006565,0.0003217774996683549
55,1,0,1,67,9,0.0003319038590268377,1.3089099733724595e-05,0.0003449929587605623,0.0003319038590268377
55,2,0,2,67,8,9.044367458055912e-05,7.06404386336474e-06,9.750771844392386e-05,9.044367458055912e-05
55,3,0,3,67,7,0.000612891350227526,4.801642157532517e-05,0.0006609077718028511,0.000612891350227526
55,4,0,4,67,6,0.0014264695375942253,9.178854595237329e-05,0.0015182580835465987,0.0014264695375942253
55,5,0,5,67,5,0.0016854696181612797,0.00010137724145827693,0.0017868468596195567,0.0016854696181612797
55,6,0,6,67,6,0.00142877705112377,9.162776685507515e-05,0.0015204048179788452,0.00142877705112377
55,7,0,7,67,7,0.000591024137725233,4.649776734380733e-05,0.0006375219050690404,0.000591024137725233
55,8,0,8,67,8,0.00018838658501293612,4.638146134050081e-06,0.0001930247311469862,0.00018838658501293612
55,9,0,9,67,9,0.0005473668125773045,2.2440168742799273e-05,0.0005698069813201037,0.0005473668125773045
55,10,1,0,67,9,0.0003319038591463569,1.3089099735383902e-05,0.0003449929588817408,0.0003319038591463569
55,11,1,1,67,8,4.438759867904568e-05,1.1405490154253047e-05,5.579308883329873e-05,4.438759867904568e-05
55,12,1,2,67,7,0.0011582167788319248,7.588240715614996e-05,0.0012340991859880748,0.0011582167788319248
55,13,1,3,67,6,0.002980246383268134,0.00017063797099128335,0.0031508843542594174,0.002980246383268134
55,14,1,4,67,5,0.0042021837457493485,0.00020816888320593076,0.0044103526289552795,0.0042021837457493485
55,15,1,5,67,4,0.003856971292184759,0.00015105639813233447,0.004008027690317093,0.003856971292184759
55,16,1,6,67,5,0.004192511303696261,0.000207485237011738,0.004399996540707999,0.004192511303696261
55,17,1,7,67,6,0.002928760686441035,0.0001679371679909274,0.0030966978544319625,0.002928760686441035
55,18,1,8,67,7,0.0010256154278731624,7.007951755899857e-05,0.0010956949454321609,0.0010256154278731624
55,19,1,9,67,8,0.00011407437366111317,8.79788211769441e-06,0.00012287225577880758,0.00011407437366111317
55,20,2,0,67,8,9.044367465816671e-05,7.064043862308518e-06,9.750771852047523e-05,9.044367465816671e-05
55,21,2,1,67,7,0.0011582167788189235,7.58824071564251e-05,0.0012340991859753486,0.0011582167788189235
55,22,2,2,67,6,0.003943191982739814,0.00022010227196039186,0.004163294254700206,0.003943191982739814
55,23,2,3,67,5,0.006713282648326149,0.000306842113347909,0.007020124761674058,0.006713282648326149
55,24,2,4,67,4,0.004794245670642555,9.711846879971765e-05,0.004891364139442273,0.004794245670642555
55,25,2,5,67,3,0.00199412494527878,0.0006040841022943706,0.002598209047573151,0.00199412494527878
55,26,2,6,67,4,0.004766736299795931,9.743398184542296e-05,0.004864170281641354,0.004766736299795931
55,27,2,7,67,5,0.006624998742583303,0.00030284427544639803,0.006927843018029701,0.006624998742583303
55,28,2,8,67,6,0.003814309378890201,0.00021600956097630314,0.004030318939866504,0.003814309378890201
55,29,2,9,67,7,0.0013105786832476795,9.086815115897783e-05,0.0014014468344066573,0.0013105786832476795
55,30,3,0,67,7,0.000612891350175137,4.801642157451912e-05,0.0006609077717496561,0.000612891350175137
55,31,3,1,67,6,0.0029802463832388926,0.0001706379709913173,0.00315088435423021,0.0029802463832388926
55,32,3,2,67,5,0.006713282648371923,0.00030684211334904677,0.00702012476172097,0.006713282648371923
55,33,3,3,67,4,0.004477014751169066,0.00022877696137286075,0.0047057917125419265,0.004477014751169066
55,34,3,4,67,3,0.020444920830460324,0.0024982748756736894,0.022943195706134012,0.020444920830460324
55,35,3,5,67,2,0.051016658159936765,0.0053315507588381226,0.056348208918774886,0.051016658159936765
55,36,3,6,67,3,0.020489429771002106,0.0025004114043484607,0.022989841175350568,0.020489429771002106
55,37,3,7,67,4,0.004382435126463247,0.00023165006240325842,0.004614085188866505,0.004382435126463247
55,38,3,8,67,5,0.006694384309820978,0.0003100605388412784,0.007004444848662256,0.006694384309820978
55,39,3,9,67,6,0.003758241575287244,0.0002211999512463378,0.003979441526533582,0.003758241575287244
55,40,4,0,67,6,0.0014264695375621886,9.178854595219144e-05,0.00151825808351438,0.0014264695375621886
55,41,4,1,67,5,0.004202183745759776,0.0002081688832057635,0.00441035262896554,0.004202183745759776
55,42,4,2,67,4,0.00479424567067465,9.711846879965665e-05,0.004891364139474307,0.00479424567067465
55,43,4,3,67,3,0.020444920830459515,0.0024982748756730974,0.022943195706132614,0.020444920830459515
55,44,4,4,67,2,0.10567930231035536,0.010324592037425041,0.1160038943477804,0.10567930231035536
55,45,4,5,67,1,0.14660281913390186,0.015787975358982225,0.16239079449288407,0.14660281913390186
55,46,4,6,67,2,0.10573159537632679,0.010326940734148972,0.11605853611047576,0.10573159537632679
55,47,4,7,67,3,0.020531356617620986,0.0025008391109830872,0.023032195728604075,0.020531356617620986
55,48,4,8,67,4,0.0049397585997156285,9.332252080832152e-05,0.00503308112052395,0.0049397585997156285
55,49,4,9,67,5,0.00562067175605846,0.00029142737971643963,0.005912099135774899,0.00562067175605846
55,50,5,0,67,5,0.0016854696181008487,0.00010137724145765376,0.0017868468595585024,0.0016854696181008487
55,51,5,1,67,4,0.003856971292141722,0.00015105639813204412,0.004008027690273766,0.003856971292141722
55,52,5,2,67,3,0.001994124945262749,0.0006040841022936612,0.0025982090475564104,0.001994124945262749
55,53,5,3,67,2,0.051016658159975345,0.005331550758838638,0.05634820891881398,0.051016658159975345
55,54,5,4,67,1,0.14660281913394113,0.01578797535898141,0.16239079449292254,0.14660281913394113
55,55,5,5,67,0,1.3128219897458404,0.06581258459384408,1.3786345743396844,1.3128219897458404
55,56,5,6,67,1,0.14664834881092048,0.015790204576774266,0.16243855338769475,0.14664834881092048
55,57,5,7,67,2,0.0510918415889158,0.0053333679906481975,0.056425209579564,0.0510918415889158
55,58,5,8,67,3,0.0018229732182145494,0.0005861982154597089,0.0024091714336742583,0.0018229732182145494
55,59,5,9,67,4,0.005448130733516459,0.00023877575930693478,0.005686906492823394,0.005448130733516459
55,60,6,0,67,6,0.001428777051201529,9.162776685607209e-05,0.001520404818057601,0.001428777051201529
55,61,6,1,67,5,0.0041925113037315906,0.0002074852370115813,0.004399996540743172,0.0041925113037315906
55,62,6,2,67,4,0.0047667362997777935,9.743398184545974e-05,0.0048641702816232535,0.0047667362997777935
55,63,6,3,67,3,0.020489429771014287,0.0025004114043492625,0.02298984117536355,0.020489429771014287
55,64,6,4,67,2,0.10573159537639536,0.010326940734149942,0.1160585361105453,0.10573159537639536
55,65,6,5,67,1,0.1466483488110214,0.01579020457677403,0.16243855338779542,0.1466483488110214
55,66,6,6,67,2,0.10578236521397896,0.010329233432827562,0.11611159864680652,0.10578236521397896
55,67,6,7,67,3,0.020573207352758215,0.0025028987947166587,0.02307610614747487,0.020573207352758215
55,68,6,8,67,4,0.004913882816585021,9.346051632824847e-05,0.005007343332913269,0.004913882816585021
55,69,6,9,67,5,0.0056068278720818755,0.00029042101671346895,0.0058972488887953445,0.0056068278720818755
55,70,7,0,67,7,0.000591024137757338,4.6497767344073874e-05,0.0006375219051014118,0.000591024137757338
55,71,7,1,67,6,0.0029287606865438212,0.0001679371679912121,0.0030966978545350333,0.0029287606865438212
55,72,7,2,67,5,0.006624998742595601,0.00030284427544612135,0.006927843018041723,0.006624998742595601
55,73,7,3,67,4,0.004382435126465879,0.0002316500624042333,0.004614085188870113,0.004382435126465879
55,74,7,4,67,3,0.020531356617523797,0.002500839110982515,0.023032195728506313,0.020531356617523797
55,75,7,5,67,2,0.05109184158899306,0.005333367990649952,0.05642520957964301,0.05109184158899306
55,76,7,6,67,3,0.020573207352832287,0.002502898794717195,0.023076106147549482,0.020573207352832287
55,77,7,7,67,4,0.004290842570044266,0.000234564535364412,0.004525407105408678,0.004290842570044266
55,78,7,8,67,5,0.006601590431842957,0.0003056793129338223,0.00690726974477678,0.006601590431842957
55,79,7,9,67,6,0.0036817654630759765,0.00021716494713028538,0.003898930410206262,0.0036817654630759765
55,80,8,0,67,8,0.00018838658501176925,4.638146134244355e-06,0.0001930247311460136,0.00018838658501176925
55,81,8,1,67,7,0.0010256154279181056,7.0079517559271e-05,0.0010956949454773767,0.0010256154279181056
55,82,8,2,67,6,0.0038143093789156485,0.00021600956097567756,0.004030318939891326,0.0038143093789156485
55,83,8,3,67,5,0.0066943843098964655,0.00031006053884094893,0.007004444848737415,0.0066943843098964655
55,84,8,4,67,4,0.00493975859981963,9.332252080873923e-05,0.005033081120628369,0.00493975859981963
55,85,8,5,67,3,0.00182297321823985,0.0005861982154600652,0.0024091714336999153,0.00182297321823985
55,86,8,6,67,4,0.004913882816542525,9.346051632805135e-05,0.005007343332870577,0.004913882816542525
55,87,8,7,67,5,0.006601590431799746,0.00030567931293285053,0.0069072697447325965,0.006601590431799746
55,88,8,8,67,6,0.0036566101412462697,0.00021040070444203424,0.003867010845688304,0.0036566101412462697
55,89,8,9,67,7,0.0011052342329926493,8.18029289504394e-05,0.0011870371619430887,0.0011052342329926493
55,90,9,0,67,9,0.0005473668123797352,2.2440168740983008e-05,0.0005698069811207182,0.0005473668123797352
55,91,9,1,67,8,0.00011407437355691903,8.797882117772164e-06,0.0001228722556746912,0.00011407437355691903
55,92,9,2,67,7,0.0013105786831935963,9.086815115774478e-05,0.001401446834351341,0.0013105786831935963
55,93,9,3,67,6,0.0037582415752551775,0.0002211999512464168,0.003979441526501594,0.0037582415752551775
55,94,9,4,67,5,0.005620671756160098,0.00029142737971764277,0.005912099135877741,0.005620671756160098
55,95,9,5,67,4,0.005448130733498807,0.00023877575930724148,0.005686906492806048,0.005448130733498807
55,96,9,6,67,5,0.005606827872086322,0.0002904210167129689,0.005897248888799291,0.005606827872086322
55,97,9,7,67,6,0.003681765463016884,0.00021716494712899095,0.003898930410145875,0.003681765463016884
55,98,9,8,67,7,0.0011052342329895305,8.180292895054267e-05,0.0011870371619400733,0.0011052342329895305
55,99,9,9,67,8,0.00038171710618575193,8.650251532077548e-06,0.00039036735771782945,0.00038171710618575193
55,0,0,0,68,10,0.00032199135658639435,1.5310369516932377e-05,0.00033730172610332674,0.00032199135658639435
55,1,0,1,68,9,0.0003286200684311185,1.4136877648340077e-05,0.00034275694607945853,0.0003286200684311185
55,2,0,2,68,8,8.407787190669343e-05,5.20414073547044e-06,8.928201264216386e-05,8.407787190669343e-05
55,3,0,3,68,7,0.0006194288320745137,4.283656710070539e-05,0.000662265399175219,0.0006194288320745137
55,4,0,4,68,6,0.0014328602864427024,8.622552199988153e-05,0.001519085808442584,0.0014328602864427024
55,5,0,5,68,5,0.0016932875385814196,9.643973710100345e-05,0.0017897272756824231,0.0016932875385814196
55,6,0,6,68,6,0.0014347843921073023,8.614140172770208e-05,0.0015209257938350045,0.0014347843921073023
55,7,0,7,68,7,0.0005967582589799804,4.1485532571110056e-05,0.0006382437915510904,0.0005967582589799804
55,8,0,8,68,8,0.00018245621509681157,5.503312594780086e-06,0.00018795952769159164,0.00018245621509681157
55,9,0,9,68,9,0.000542627943794243,2.374476177386426e-05,0.0005663727055681073,0.000542627943794243
55,10,1,0,68,9,0.0003286200685489303,1.413687764998992e-05,0.00034275694619892026,0.0003286200685489303
55,11,1,1,68,8,4.824266656454445e-05,8.782464112990254e-06,5.70251306775347e-05,4.824266656454445e-05
55,12,1,2,68,7,0.001160490647420302,7.074841152094064e-05,0.0012312390589412426,0.001160490647420302
55,13,1,3,68,6,0.002980152794417447,0.00016635960249310652,0.0031465123969105536,0.002980152794417447
55,14,1,4,68,5,0.004210884976163552,0.00021007023253413032,0.004420955208697682,0.004210884976163552
55,15,1,5,68,4,0.0038725100300084454,0.0001578811135852702,0.004030391143593715,0.0038725100300084454
55,16,1,6,68,5,0.004200847053159324,0.0002094665822345863,0.00441031363539391,0.004200847053159324
55,17,1,7,68,6,0.0029282609294132636,0.00016376776205176814,0.0030920286914650316,0.0029282609294132636
55,18,1,8,68,7,0.0010286224652005364,6.480811686935197e-05,0.0010934305820698884,0.0010286224652005364
55,19,1,9,68,8,0.00010649551092596139,6.49363096111967e-06,0.00011298914188708105,0.00010649551092596139
55,20,2,0,68,8,8.407787198131504e-05,5.204140735108167e-06,8.92820127164232e-05,8.407787198131504e-05
55,21,2,1,68,7,0.0011604906474083196,7.074841152124817e-05,0.0012312390589295677,0.0011604906474083196
55,22,2,2,68,6,0.003939176399642642,0.0002164459888476184,0.00415562238849026,0.003939176399642642
55,23,2,3,68,5,0.0067267112963881074,0.00031818727135990546,0.007044898567748013,0.0067267112963881074
55,24,2,4,68,4,0.00485585926117627,9.989819429062219e-05,0.004955757455466892,0.00485585926117627
55,25,2,5,68,3,0.0019595283391871275,0.0005446306415437073,0.002504158980730835,0.0019595283391871275
55,26,2,6,68,4,0.004828070355457299,9.958824390806635e-05,0.004927658599365366,0.004828070355457299
55,27,2,7,68,5,0.006638719816995705,0.00031413904562115487,0.00695285886261686,0.006638719816995705
55,28,2,8,68,6,0.003812703822098461,0.00021158724146870775,0.004024291063567169,0.003812703822098461
55,29,2,9,68,7,0.0013171520936518597,8.321055300623337e-05,0.001400362646658093,0.0013171520936518597
55,30,3,0,68,7,0.0006194288320248851,4.283656710000319e-05,0.0006622653991248883,0.0006194288320248851
55,31,3,1,68,6,0.0029801527943894082,0.00016635960249315022,0.0031465123968825582,0.0029801527943894082
55,32,3,2,68,5,0.006726711296433688,0.00031818727136106214,0.00704489856779475,0.006726711296433688
55,33,3,3,68,4,0.0045683322581039935,0.00018261377858835214,0.004750946036692346,0.0045683322581039935
55,34,3,4,68,3,0.02034306659008926,0.0023491768776392518,0.02269224346772851,0.02034306659008926
55,35,3,5,68,2,0.05149139278993629,0.005156681410274421,0.05664807420021071,0.05149139278993629
55,36,3,6,68,3,0.02038765784583123,0.002351290697837018,0.02273894854366825,0.02038765784583123
55,37,3,7,68,4,0.004474265706918644,0.00018497841203977324,0.004659244118958418,0.004474265706918644
55,38,3,8,68,5,0.006711027758993116,0.0003199331705413787,0.007030960929534495,0.006711027758993116
55,39,3,9,68,6,0.00376096006925696,0.00021334086020394178,0.0039743009294609015,0.00376096006925696
55,40,4,0,68,6,0.0014328602864125664,8.622552199977204e-05,0.0015190858084123385,0.0014328602864125664
55,41,4,1,68,5,0.004210884976174702,0.00021007023253399602,0.004420955208708698,0.004210884976174702
55,42,4,2,68,4,0.004855859261207726,9.989819429106545e-05,0.004955757455498791,0.004855859261207726
55,43,4,3,68,3,0.02034306659008906,0.002349176877638689,0.02269224346772775,0.02034306659008906
55,44,4,4,68,2,0.1067634017587157,0.010062752015318702,0.1168261537740344,0.1067634017587157
55,45,4,5,68,1,0.15167240491644274,0.015688911177048112,0.16736131609349086,0.15167240491644274
55,46,4,6,68,2,0.10681563701582222,0.010065129760320377,0.1168807667761426,0.10681563701582222
55,47,4,7,68,3,0.020428198079351378,0.0023522327059372866,0.022780430785288665,0.020428198079351378
55,48,4,8,68,4,0.005004717762873978,0.00010127334090858613,0.005105991103782564,0.005004717762873978
55,49,4,9,68,5,0.005631528311502365,0.00029009814300940795,0.005921626454511773,0.005631528311502365
55,50,5,0,68,5,0.0016932875385218301,9.643973710038822e-05,0.0017897272756222183,0.0016932875385218301
55,51,5,1,68,4,0.0038725100299654585,0.00015788111358493886,0.004030391143550398,0.0038725100299654585
55,52,5,2,68,3,0.0019595283391719387,0.0005446306415430211,0.00250415898071496,0.0019595283391719387
55,53,5,3,68,2,0.05149139278997546,0.005156681410274987,0.05664807420025045,0.05149139278997546
55,54,5,4,68,1,0.1516724049164825,0.015688911177047335,0.16736131609352983,0.1516724049164825
55,55,5,5,68,0,1.2809729378764225,0.06454930309099985,1.3455222409674223,1.2809729378764225
55,56,5,6,68,1,0.15171841254661192,0.015691186150621587,0.1674095986972335,0.15171841254661192
55,57,5,7,68,2,0.05156514678232296,0.005159065879944348,0.05672421266226731,0.05156514678232296
55,58,5,8,68,3,0.0017885229431443697,0.0005286887111413223,0.002317211654285692,0.0017885229431443697
55,59,5,9,68,4,0.005466944608588488,0.0002431900588986152,0.005710134667487103,0.005466944608588488
55,60,6,0,68,6,0.0014347843921842433,8.614140172872697e-05,0.0015209257939129703,0.0014347843921842433
55,61,6,1,68,5,0.0042008470531940175,0.00020946658223441232,0.004410313635428429,0.0042008470531940175
55,62,6,2,68,4,0.004828070355438732,9.958824390777411e-05,0.004927658599346506,0.004828070355438732
55,63,6,3,68,3,0.020387657845843506,0.002351290697837803,0.02273894854368131,0.020387657845843506
55,64,6,4,68,2,0.10681563701589082,0.010065129760321378,0.1168807667762122,0.10681563701589082
55,65,6,5,68,1,0.15171841254671348,0.015691186150621397,0.16740959869733488,0.15171841254671348
55,66,6,6,68,2,0.10686634661019034,0.010067449424603454,0.1169337960347938,0.10686634661019034
55,67,6,7,68,3,0.020470169674435088,0.002354260069191441,0.02282442974362653,0.020470169674435088
55,68,6,8,68,4,0.004978429251154358,0.00010083248342826042,0.0050792617345826185,0.004978429251154358
55,69,6,9,68,5,0.0056170733474632945,0.0002892164944136377,0.005906289841876932,0.0056170733474632945
55,70,7,0,68,7,0.0005967582590103077,4.148553257130783e-05,0.0006382437915816156,0.0005967582590103077
55,71,7,1,68,6,0.002928260929514701,0.000163767762052059,0.00309202869156676,0.002928260929514701
55,72,7,2,68,5,0.006638719817007526,0.0003141390456208649,0.006952858862628392,0.006638719817007526
55,73,7,3,68,4,0.004474265706921316,0.00018497841204056178,0.0046592441189618776,0.004474265706921316
55,74,7,4,68,3,0.020428198079254348,0.0023522327059366283,0.022780430785190976,0.020428198079254348
55,75,7,5,68,2,0.0515651467823997,0.005159065879946102,0.0567242126623458,0.0515651467823997
55,76,7,6,68,3,0.020470169674508782,0.0023542600691919984,0.022824429743700782,0.020470169674508782
55,77,7,7,68,4,0.004383025198509295,0.00018740883714147817,0.004570434035650774,0.004383025198509295
55,78,7,8,68,5,0.0066181981501954625,0.0003155625501173574,0.00693376070031282,0.0066181981501954625
55,79,7,9,68,6,0.0036837302532071255,0.00020948941328488785,0.0038932196664920133,0.0036837302532071255
55,80,8,0,68,8,0.0001824562150982543,5.503312595315671e-06,0.00018795952769356996,0.0001824562150982543
55,81,8,1,68,7,0.0010286224652435916,6.480811686955182e-05,0.0010934305821131433,0.0010286224652435916
55,82,8,2,68,6,0.003812703822123284,0.0002115872414680722,0.004024291063591356,0.003812703822123284
55,83,8,3,68,5,0.006711027759068412,0.0003199331705410912,0.007030960929609503,0.006711027759068412
55,84,8,4,68,4,0.0050047177629774595,0.00010127334090959705,0.005105991103887057,0.0050047177629774595
55,85,8,5,68,3,0.00178852294316851,0.0005286887111416992,0.002317211654310209,0.00178852294316851
55,86,8,6,68,4,0.004978429251112246,0.00010083248342771137,0.005079261734539957,0.004978429251112246
55,87,8,7,68,5,0.00661819815015269,0.00031556255011638736,0.006933760700269078,0.00661819815015269
55,88,8,8,68,6,0.0036570451660554166,0.00020529449471220126,0.003862339660767618,0.0036570451660554166
55,89,8,9,68,7,0.0011127355111575116,7.401945029957314e-05,0.0011867549614570847,0.0011127355111575116
55,90,9,0,68,9,0.0005426279436004539,2.374476177212206e-05,0.000566372705372576,0.0005426279436004539
55,91,9,1,68,8,0.00010649551082406269,6.4936309611128315e-06,0.00011298914178517552,0.00010649551082406269
55,92,9,2,68,7,0.00131715209359713,8.321055300495135e-05,0.0014003626466020814,0.00131715209359713
55,93,9,3,68,6,0.0037609600692243735,0.0002133408602039723,0.003974300929428346,0.0037609600692243735
55,94,9,4,68,5,0.005631528311603119,0.0002900981430106291,0.005921626454613749,0.005631528311603119
55,95,9,5,68,4,0.005466944608570419,0.00024319005889889315,0.005710134667469313,0.005466944608570419
55,96,9,6,68,5,0.005617073347467904,0.0002892164944131574,0.005906289841881061,0.005617073347467904
55,97,9,7,68,6,0.0036837302531485946,0.0002094894132835932,0.003893219666432188,0.0036837302531485946
55,98,9,8,68,7,0.0011127355111544693,7.40194502996896e-05,0.0011867549614541588,0.0011127355111544693
55,99,9,9,68,8,0.0003687174135116198,1.151718000056684e-05,0.0003802345935121867,0.0003687174135116198
55,0,0,0,69,10,0.00032090052214327056,1.5106983438391822e-05,0.0003360075055816624,0.00032090052214327056
55,1,0,1,69,9,0.0003244879677669135,1.512256266084204e-05,0.00033961053042775555,0.0003244879677669135
55,2,0,2,69,8,7.839803545145934e-05,5.02431170188002e-06,8.342234715333936e-05,7.839803545145934e-05
55,3,0,3,69,7,0.0006227129160837876,3.7715368445202354e-05,0.0006604282845289899,0.0006227129160837876
55,4,0,4,69,6,0.0014338204165647748,8.061430135012753e-05,0.0015144347179149023,0.0014338204165647748
55,5,0,5,69,5,0.001695111959083885,9.140517869592843e-05,0.0017865171377798134,0.001695111959083885
55,6,0,6,69,6,0.0014353695519281852,8.060592553641033e-05,0.0015159754774645956,0.0014353695519281852
55,7,0,7,69,7,0.000599383420443062,3.65327284625986e-05,0.0006359161489056606,0.000599383420443062
55,8,0,8,69,8,0.00017674437021033342,7.553834341722989e-06,0.0001842982045520564,0.00017674437021033342
55,9,0,9,69,9,0.0005362948208876324,2.4954957925904823e-05,0.0005612497788135372,0.0005362948208876324
55,10,1,0,69,9,0.0003244879678830186,1.5122562662481596e-05,0.00033961053054550023,0.0003244879678830186
55,11,1,1,69,8,5.129969391564063e-05,6.468904844300505e-06,5.776859875994114e-05,5.129969391564063e-05
55,12,1,2,69,7,0.0011580051491346954,6.559433791984961e-05,0.001223599487054545,0.0011580051491346954
55,13,1,3,69,6,0.002971141461419427,0.0001618270616627374,0.0031329685230821643,0.002971141461419427
55,14,1,4,69,5,0.0042093946143178,0.00021143154254846407,0.004420826156866264,0.0042093946143178
55,15,1,5,69,4,0.0038792814818795077,0.00016407793940566404,0.0040433594212851715,0.0038792814818795077
55,16,1,6,69,5,0.0041990543421773505,0.00021090857611683116,0.004409962918294182,0.0041990543421773505
55,17,1,7,69,6,0.0029190841191776315,0.00015934993845301607,0.0030784340576306473,0.0029190841191776315
55,18,1,8,69,7,0.001027323398380641,5.953862761510312e-05,0.0010868620259957443,0.001027323398380641
55,19,1,9,69,8,9.975072449443352e-05,6.288411694470206e-06,0.00010603913618890372,9.975072449443352e-05
55,20,2,0,69,8,7.839803552313537e-05,5.02431170248307e-06,8.342234722561844e-05,7.839803552313537e-05
55,21,2,1,69,7,0.001158005149123711,6.559433792018743e-05,0.0012235994870438984,0.001158005149123711
55,22,2,2,69,6,0.00392400896179334,0.00021241363722086147,0.004136422599014202,0.00392400896179334
55,23,2,3,69,5,0.006726776833789403,0.00032850541177428246,0.007055282245563686,0.006726776833789403
55,24,2,4,69,4,0.004914252579773184,0.00011784962123315388,0.005032102201006338,0.004914252579773184
55,25,2,5,69,3,0.0019178435397114676,0.0004870473020457371,0.0024048908417572045,0.0019178435397114676
55,26,2,6,69,4,0.004886318845751919,0.00011713049351088759,0.005003449339262806,0.004886318845751919
55,27,2,7,69,5,0.006639401818993395,0.00032441966004525673,0.006963821479038652,0.006639401818993395
55,28,2,8,69,6,0.0038001462823238504,0.00020681928775957847,0.004006965570083429,0.0038001462823238504
55,29,2,9,69,7,0.0013176364197859524,7.557537154455862e-05,0.001393211791330511,0.0013176364197859524
55,30,3,0,69,7,0.0006227129160368514,3.771536844459854e-05,0.0006604282844814499,0.0006227129160368514
55,31,3,1,69,6,0.0029711414613925657,0.00016182706166278894,0.0031329685230553545,0.0029711414613925657
55,32,3,2,69,5,0.006726776833834781,0.00032850541177545595,0.0070552822456102365,0.006726776833834781
55,33,3,3,69,4,0.004662433325654201,0.00015194981105524173,0.004814383136709443,0.004662433325654201
55,34,3,4,69,3,0.02018086969806166,0.0022024843019525743,0.022383354000014236,0.02018086969806166
55,35,3,5,69,2,0.05183880753975669,0.004982338300960298,0.056821145840716986,0.05183880753975669
55,36,3,6,69,3,0.020225355233900486,0.0022045693572205196,0.022429924591121007,0.020225355233900486
55,37,3,7,69,4,0.004569175670879063,0.00015312180259769294,0.004722297473476756,0.004569175670879063
55,38,3,8,69,5,0.006713924452930783,0.0003288064588900466,0.007042730911820829,0.006713924452930783
55,39,3,9,69,6,0.0037513852296594003,0.00020520980153777892,0.00395659503119718,0.0037513852296594003
55,40,4,0,69,6,0.0014338204165364825,8.061430135008571e-05,0.0015144347178865682,0.0014338204165364825
55,41,4,1,69,5,0.004209394614329654,0.0002114315425483615,0.004420826156878016,0.004209394614329654
55,42,4,2,69,4,0.00491425257980401,0.00011784962123392001,0.00503210220103793,0.00491425257980401
55,43,4,3,69,3,0.020180869698062057,0.0022024843019520413,0.022383354000014098,0.020180869698062057
55,44,4,4,69,2,0.10760195118304008,0.009799273549335411,0.11740122473237549,0.10760195118304008
55,45,4,5,69,1,0.15640423373805826,0.015579176925690157,0.17198341066374842,0.15640423373805826
55,46,4,6,69,2,0.10765392824653142,0.009801672639480652,0.11745560088601206,0.10765392824653142
55,47,4,7,69,3,0.020264505183526793,0.002206009152133744,0.022470514335660538,0.020264505183526793
55,48,4,8,69,4,0.005065486670235966,0.00012172329072687892,0.005187209960962845,0.005065486670235966
55,49,4,9,69,5,0.005627317956296943,0.00028812688255429146,0.005915444838851235,0.005627317956296943
55,50,5,0,69,5,0.0016951119590251163,9.140517869532012e-05,0.0017865171377204365,0.0016951119590251163
55,51,5,1,69,4,0.003879281481836587,0.00016407793940529365,0.004043359421241881,0.003879281481836587
55,52,5,2,69,3,0.001917843539697124,0.0004870473020450745,0.0024048908417421983,0.001917843539697124
55,53,5,3,69,2,0.05183880753979642,0.00498233830096091,0.05682114584075733,0.05183880753979642
55,54,5,4,69,1,0.1564042337380985,0.01557917692568942,0.17198341066378792,0.1564042337380985
55,55,5,5,69,0,1.2501665569672609,0.06332473901202064,1.3134912959792815,1.2501665569672609
55,56,5,6,69,1,0.15645044567948635,0.015581489713506739,0.17203193539299308,0.15645044567948635
55,57,5,7,69,2,0.05191100054850708,0.00498526930541442,0.0568962698539215,0.05191100054850708
55,58,5,8,69,3,0.0017487015319463328,0.00047302887090105403,0.002221730402847387,0.0017487015319463328
55,59,5,9,69,4,0.00547182767094708,0.000246826146252532,0.005718653817199612,0.00547182767094708
55,60,6,0,69,6,0.0014353695520042823,8.060592553746108e-05,0.0015159754775417433,0.0014353695520042823
55,61,6,1,69,5,0.004199054342211413,0.00021090857611664142,0.004409962918328054,0.004199054342211413
55,62,6,2,69,4,0.004886318845732951,0.0001171304935103488,0.0050034493392433,0.004886318845732951
55,63,6,3,69,3,0.020225355233912827,0.002204569357221288,0.022429924591134114,0.020225355233912827
55,64,6,4,69,2,0.1076539282466,0.009801672639481685,0.11745560088608169,0.1076539282466
55,65,6,5,69,1,0.1564504456795884,0.015581489713506601,0.172031935393095,0.1564504456795884
55,66,6,6,69,2,0.10770438501937205,0.009804011758740547,0.11750839677811259,0.10770438501937205
55,67,6,7,69,3,0.02030642141806341,0.0022079985322933336,0.022514419950356742,0.02030642141806341
55,68,6,8,69,4,0.005038918252666451,0.00012096349892871337,0.005159881751595164,0.005038918252666451
55,69,6,9,69,5,0.0056123481678487805,0.00028737084444131755,0.005899719012290098,0.0056123481678487805
55,70,7,0,69,7,0.0005993834204716321,3.653272846273192e-05,0.000635916148934364,0.0005993834204716321
55,71,7,1,69,6,0.002919084119277719,0.00015934993845331382,0.0030784340577310327,0.002919084119277719
55,72,7,2,69,5,0.006639401819004747,0.00032441966004495614,0.006963821479049704,0.006639401819004747
55,73,7,3,69,4,0.0045691756708817755,0.0001531218025981278,0.004722297473479903,0.0045691756708817755
55,74,7,4,69,3,0.02026450518342997,0.002206009152133004,0.022470514335562977,0.02026450518342997
55,75,7,5,69,2,0.051911000548583275,0.004985269305416188,0.05689626985399946,0.051911000548583275
55,76,7,6,69,3,0.020306421418136687,0.00220799853229391,0.022514419950430596,0.020306421418136687
55,77,7,7,69,4,0.0044785753425366425,0.00015442538353927776,0.004633000726075921,0.0044785753425366425
55,78,7,8,69,5,0.006621422264994715,0.0003244595452009475,0.006945881810195662,0.006621422264994715
55,79,7,9,69,6,0.0036737777469318367,0.0002015500940296042,0.0038753278409614407,0.0036737777469318367
55,80,8,0,69,8,0.00017674437021433125,7.553834342484245e-06,0.0001842982045568155,0.00017674437021433125
55,81,8,1,69,7,0.0010273233984218312,5.953862761523453e-05,0.0010868620260370658,0.0010273233984218312
55,82,8,2,69,6,0.0038001462823480494,0.00020681928775893467,0.004006965570106984,0.0038001462823480494
55,83,8,3,69,5,0.006713924453005856,0.0003288064588898003,0.007042730911895657,0.006713924453005856
55,84,8,4,69,4,0.005065486670338881,0.000121723290728238,0.005187209961067119,0.005065486670338881
55,85,8,5,69,3,0.0017487015319690487,0.00047302887090144944,0.002221730402870498,0.0017487015319690487
55,86,8,6,69,4,0.005038918252624751,0.00012096349892797147,0.005159881751552723,0.005038918252624751
55,87,8,7,69,5,0.006621422264952405,0.0003244595451999808,0.006945881810152385,0.006621422264952405
55,88,8,8,69,6,0.0036468827951934703,0.00019987599973233256,0.0038467587949258027,0.0036468827951934703
55,89,8,9,69,7,0.0011149012570164246,6.629458027817855e-05,0.0011811958372946031,0.0011149012570164246
55,90,9,0,69,9,0.0005362948206976119,2.4954957924233173e-05,0.000561249778621845,0.0005362948206976119
55,91,9,1,69,8,9.975072439482635e-05,6.288411694410662e-06,0.00010603913608923701,9.975072439482635e-05
55,92,9,2,69,7,0.0013176364197305995,7.557537154323363e-05,0.0013932117912738332,0.0013176364197305995
55,93,9,3,69,6,0.0037513852296262966,0.000205209801537763,0.003956595031164059,0.0037513852296262966
55,94,9,4,69,5,0.005627317956396786,0.00028812688255552886,0.005915444838952315,0.005627317956396786
55,95,9,5,69,4,0.005471827670928611,0.00024682614625278144,0.005718653817181392,0.005471827670928611
55,96,9,6,69,5,0.005612348167853577,0.00028737084444085785,0.005899719012294435,0.005612348167853577
55,97,9,7,69,6,0.0036737777468739013,0.00020155009402831158,0.003875327840902213,0.0036737777468739013
55,98,9,8,69,7,0.0011149012570134684,6.62945802783077e-05,0.0011811958372917762,0.0011149012570134684
55,99,9,9,69,8,0.0003561097555731819,1.576434119778757e-05,0.00037187409677096945,0.0003561097555731819
55,0,0,0,70,10,0.0003185603845661824,1.486399956488277e-05,0.0003334243841310652,0.0003185603845661824
55,1,0,1,70,9,0.0003195866276628615,1.6044126000193004e-05,0.0003356307536630545,0.0003195866276628615
55,2,0,2,70,8,7.345212637019572e-05,6.545715979581473e-06,7.99978423497772e-05,7.345212637019572e-05
55,3,0,3,70,7,0.0006228072642605036,3.2679577669331623e-05,0.0006554868419298352,0.0006228072642605036
55,4,0,4,70,6,0.001429537248652572,7.497747683685109e-05,0.001504514725489423,0.001429537248652572
55,5,0,5,70,5,0.0016911640031743913,8.629611922666514e-05,0.0017774601224010565,0.0016911640031743913
55,6,0,6,70,6,0.0014307241663880565,7.50435834461313e-05,0.0015057677498341879,0.0014307241663880565
55,7,0,7,70,7,0.000598966931044052,3.166502429992861e-05,0.0006306319553439806,0.000598966931044052
55,8,0,8,70,8,0.00017131760446376665,1.0005960779295927e-05,0.0001813235652430626,0.00017131760446376665
55,9,0,9,70,9,0.0005284976390291524,2.6068965585804732e-05,0.0005545666046149571,0.0005284976390291524
55,10,1,0,70,9,0.00031958662777726275,1.6044126001821645e-05,0.0003356307537790844,0.00031958662777726275
55,11,1,1,70,8,5.3496053070210706e-05,4.824588251425275e-06,5.832064132163598e-05,5.3496053070210706e-05
55,12,1,2,70,7,0.0011509462687424692,6.0439821090882415e-05,0.0012113860898333515,0.0011509462687424692
55,13,1,3,70,6,0.002953676743374425,0.0001570654280403221,0.003110742171414747,0.002953676743374425
55,14,1,4,70,5,0.00419829565625241,0.00021227368697122745,0.0044105693432236375,0.00419829565625241
55,15,1,5,70,4,0.003877806072802124,0.0001696576406338281,0.004047463713435952,0.003877806072802124
55,16,1,6,70,5,0.004187717892107444,0.0002118317409522857,0.00439954963305973,0.004187717892107444
55,17,1,7,70,6,0.0029016889946567926,0.00015470815532171158,0.003056397149978504,0.0029016889946567926
55,18,1,8,70,7,0.0010218750241501322,5.429129557151343e-05,0.0010761663197216456,0.0010218750241501322
55,19,1,9,70,8,9.38961739979071e-05,8.192488533109197e-06,0.0001020886625310163,9.38961739979071e-05
55,20,2,0,70,8,7.345212643897999e-05,6.545715980699681e-06,7.999784241967967e-05,7.345212643897999e-05
55,21,2,1,70,7,0.0011509462687324598,6.043982109124798e-05,0.0012113860898237078,0.0011509462687324598
55,22,2,2,70,6,0.0038983258579218132,0.00020803275724227022,0.004106358615164084,0.0038983258579218132
55,23,2,3,70,5,0.006714380182856166,0.00033780917324844646,0.007052189356104612,0.006714380182856166
55,24,2,4,70,4,0.004969831605991962,0.00014405191120386772,0.00511388351719583,0.004969831605991962
55,25,2,5,70,3,0.0018697484271247326,0.0004314947903220898,0.0023012432174468224,0.0018697484271247326
55,26,2,6,70,4,0.004941885301872291,0.00014314672927925447,0.0050850320311515455,0.004941885301872291
55,27,2,7,70,5,0.006627927718326924,0.0003336984828654524,0.0069616262011923755,0.006627927718326924
55,28,2,8,70,6,0.003777233808710709,0.00020173500305297346,0.003978968811763683,0.003777233808710709
55,29,2,9,70,7,0.001312221515145946,6.79936377923352e-05,0.0013802151529382811,0.001312221515145946
55,30,3,0,70,7,0.0006228072642161888,3.2679577668820713e-05,0.0006554868418850096,0.0006228072642161888
55,31,3,1,70,6,0.0029536767433487147,0.0001570654280403799,0.0031107421713890944,0.0029536767433487147
55,32,3,2,70,5,0.0067143801829013345,0.00033780917324963535,0.00705218935615097,0.0067143801829013345
55,33,3,3,70,4,0.0047595031070337785,0.00014401014158051524,0.004903513248614294,0.0047595031070337785
55,34,3,4,70,3,0.019961198243924307,0.0020584741971889178,0.022019672441113226,0.019961198243924307
55,35,3,5,70,2,0.052064479422966055,0.004808934154867428,0.05687341357783348,0.052064479422966055
55,36,3,6,70,3,0.020005397176295285,0.0020605246716388255,0.02206592184793411,0.020005397176295285
55,37,3,7,70,4,0.004667329551734789,0.00014331073779248946,0.004810640289527279,0.004667329551734789
55,38,3,8,70,5,0.00670395109763296,0.00033669786328559037,0.0070406489609185505,0.00670395109763296
55,39,3,9,70,6,0.003730097830114052,0.00019684486817513405,0.003926942698289186,0.003730097830114052
55,40,4,0,70,6,0.0014295372486260647,7.497747683687252e-05,0.001504514725462937,0.0014295372486260647
55,41,4,1,70,5,0.004198295656264952,0.00021227368697115479,0.0044105693432361075,0.004198295656264952
55,42,4,2,70,4,0.004969831606022172,0.00014405191120478615,0.005113883517226958,0.004969831606022172
55,43,4,3,70,3,0.019961198243925258,0.002058474197188412,0.02201967244111367,0.019961198243925258
55,44,4,4,70,2,0.10820597660708701,0.009534880707541351,0.11774085731462837,0.10820597660708701
55,45,4,5,70,1,0.1607930297265303,0.015459862708561574,0.17625289243509187,0.1607930297265303
55,46,4,6,70,2,0.10825750459443095,0.009537293597565367,0.11779479819199631,0.10825750459443095
55,47,4,7,70,3,0.020043170690257673,0.0020624440160809873,0.02210561470633866,0.020043170690257673
55,48,4,8,70,4,0.005122472152004298,0.0001483456805054437,0.005270817832509742,0.005122472152004298
55,49,4,9,70,5,0.005608838798969178,0.0002855497679290588,0.005894388566898236,0.005608838798969178
55,50,5,0,70,5,0.0016911640031164218,8.629611922606298e-05,0.001777460122342485,0.0016911640031164218
55,51,5,1,70,4,0.003877806072759286,0.00016965764063342023,0.004047463713392706,0.003877806072759286
55,52,5,2,70,3,0.0018697484271112412,0.0004314947903214513,0.0023012432174326926,0.0018697484271112412
55,53,5,3,70,2,0.05206447942300627,0.0048089341548680845,0.05687341357787436,0.05206447942300627
55,54,5,4,70,1,0.16079302972657095,0.015459862708560862,0.1762528924351318,0.16079302972657095
55,55,5,5,70,0,1.2203697004354879,0.06213700685928249,1.2825067072947705,1.2203697004354879
55,56,5,6,70,1,0.16083919605598931,0.015462205463527891,0.1763014015195172,0.16083919605598931
55,57,5,7,70,2,0.05213500355089026,0.004812389666847685,0.05694739321773795,0.05213500355089026
55,58,5,8,70,3,0.0017042630351212771,0.0004193691431891268,0.002123632178310404,0.0017042630351212771
55,59,5,9,70,4,0.005463538040315075,0.00024971178836945144,0.005713249828684526,0.005463538040315075
55,60,6,0,70,6,0.0014307241664632856,7.50435834472057e-05,0.0015057677499104912,0.0014307241664632856
55,61,6,1,70,5,0.004187717892140884,0.0002118317409520813,0.004399549633092965,0.004187717892140884
55,62,6,2,70,4,0.004941885301852953,0.00014314672927857077,0.005085032031131524,0.004941885301852953
55,63,6,3,70,3,0.02000539717630766,0.0020605246716395775,0.02206592184794724,0.02000539717630766
55,64,6,4,70,2,0.10825750459449948,0.009537293597566431,0.11779479819206591,0.10825750459449948
55,65,6,5,70,1,0.16083919605609173,0.015462205463527804,0.17630140151961954,0.16083919605609173
55,66,6,6,70,2,0.10830752522121137,0.009539644822775781,0.11784717004398715,0.10830752522121137
55,67,6,7,70,3,0.020084861566540255,0.0020643900323157748,0.02214925159885603,0.020084861566540255
55,68,6,8,70,4,0.005095755971138715,0.00014746538773790485,0.0052432213588766196,0.005095755971138715
55,69,6,9,70,5,0.00559345384522313,0.0002849196995823759,0.005878373544805506,0.00559345384522313
55,70,7,0,70,7,0.0005989669310708885,3.1665024300002185e-05,0.0006306319553708907,0.0005989669310708885
55,71,7,1,70,6,0.0029016889947555313,0.0001547081553220172,0.0030563971500775487,0.0029016889947555313
55,72,7,2,70,5,0.006627927718337812,0.0003336984828651425,0.006961626201202954,0.006627927718337812
55,73,7,3,70,4,0.004667329551737545,0.00014331073779241007,0.004810640289529955,0.004667329551737545
55,74,7,4,70,3,0.020043170690161104,0.0020624440160801703,0.022105614706241276,0.020043170690161104
55,75,7,5,70,2,0.05213500355096588,0.004812389666849461,0.05694739321781535,0.05213500355096588
55,76,7,6,70,3,0.020084861566613075,0.002064390032316367,0.022149251598929443,0.020084861566613075
55,77,7,7,70,4,0.004577639400381588,0.00014281064047059425,0.004720450040852182,0.004577639400381588
55,78,7,8,70,5,0.00661212397385276,0.00033238721750913165,0.006944511191361891,0.00661212397385276
55,79,7,9,70,6,0.0036524815730876207,0.00019338408298449924,0.0038458656560721198,0.0036524815730876207
55,80,8,0,70,8,0.00017131760447026118,1.0005960780215686e-05,0.00018132356525047688,0.00017131760447026118
55,81,8,1,70,7,0.0010218750241894844,5.429129557158054e-05,0.001076166319761065,0.0010218750241894844
55,82,8,2,70,6,0.003777233808734287,0.00020173500305232335,0.00397896881178661,0.003777233808734287
55,83,8,3,70,5,0.006703951097707787,0.00033669786328538464,0.007040648960993171,0.006703951097707787
55,84,8,4,70,4,0.0051224721521066045,0.00014834568050697873,0.005270817832613584,0.0051224721521066045
55,85,8,5,70,3,0.0017042630351422725,0.0004193691431895373,0.0021236321783318097,0.0017042630351422725
55,86,8,6,70,4,0.005095755971097453,0.0001474653877370809,0.0052432213588345334,0.005095755971097453
55,87,8,7,70,5,0.006612123973810931,0.0003323872175081697,0.006944511191319101,0.006612123973810931
55,88,8,8,70,6,0.003626678837039853,0.00019417588254621332,0.0038208547195860663,0.003626678837039853
55,89,8,9,70,7,0.0011118764254458935,5.866239197868418e-05,0.0011705388174245777,0.0011118764254458935
55,90,9,0,70,9,0.0005284976388428824,2.606896558420006e-05,0.0005545666044270824,0.0005284976388428824
55,91,9,1,70,8,9.389617390057775e-05,8.192488533065312e-06,0.00010208866243364306,9.389617390057775e-05
55,92,9,2,70,7,0.0013122215150899947,6.7993637790974e-05,0.0013802151528809687,0.0013122215150899947
55,93,9,3,70,6,0.003730097830080431,0.00019684486817507353,0.003926942698255505,0.003730097830080431
55,94,9,4,70,5,0.0056088387990680805,0.00028554976793031055,0.005894388566998391,0.0056088387990680805
55,95,9,5,70,4,0.005463538040296219,0.00024971178836967413,0.005713249828665893,0.005463538040296219
55,96,9,6,70,5,0.0055934538452281374,0.00028491969958193764,0.005878373544810075,0.0055934538452281374
55,97,9,7,70,6,0.003652481573030313,0.00019338408298321077,0.0038458656560135234,0.003652481573030313
55,98,9,8,70,7,0.0011118764254430332,5.8662391978825356e-05,0.0011705388174218585,0.0011118764254430332
55,99,9,9,70,8,0.0003440421756445559,2.0415480306944387e-05,0.00036445765595150025,0.0003440421756445559
55,0,0,0,71,10,0.00031503141103636024,1.4583486384251943e-05,0.00032961489742061215,0.00031503141103636024
55,1,0,1,71,9,0.0003139934583869192,1.6899970678876438e-05,0.0003308934290657956,0.0003139934583869192
55,2,0,2,71,8,6.927521305812953e-05,8.842753534983119e-06,7.811796659311265e-05,6.927521305812953e-05
55,3,0,3,71,7,0.0006197942852254752,2.7761497790543263e-05,0.0006475557830160184,0.0006197942852254752
55,4,0,4,71,6,0.00142021750195136,6.933686250420566e-05,0.0014895543644555655,0.00142021750195136
55,5,0,5,71,5,0.0016816837585990675,8.113424134021164e-05,0.001762817999939279,0.0016816837585990675
55,6,0,6,71,6,0.0014210589329370406,6.947583610976607e-05,0.0014905347690468067,0.0014210589329370406
55,7,0,7,71,7,0.0005955934588047621,2.6913400061184926e-05,0.0006225068588659471,0.0005955934588047621
55,8,0,8,71,8,0.0001662333164028268,1.2555492326616088e-05,0.00017878880872944288,0.0001662333164028268
55,9,0,9,71,9,0.0005193661025289559,2.7085452224292267e-05,0.0005464515547532481,0.0005193661025289559
55,10,1,0,71,9,0.000313993458499622,1.6899970680493668e-05,0.00033089342918011567,0.000313993458499622
55,11,1,1,71,8,5.4800362778314845e-05,4.507222161673522e-06,5.9307584939988366e-05,5.4800362778314845e-05
55,12,1,2,71,7,0.001139516789575253,5.530405458748055e-05,0.0011948208441627335,0.001139516789575253
55,13,1,3,71,6,0.002928234063117618,0.00015209909880740388,0.0030803331619250218,0.002928234063117618
55,14,1,4,71,5,0.004178169722483166,0.000212617967253648,0.004390787689736814,0.004178169722483166
55,15,1,5,71,4,0.0038685986813276683,0.00017463287508910494,0.004043231556416773,0.0038685986813276683
55,16,1,6,71,5,0.004167420454807702,0.00021225703993033664,0.004379677494738038,0.004167420454807702
55,17,1,7,71,6,0.002876544010063441,0.00014986619606567484,0.0030264102061291157,0.002876544010063441
55,18,1,8,71,7,0.0010124501962926239,4.908622048589593e-05,0.0010615364167785198,0.0010124501962926239
55,19,1,9,71,8,8.89728038398231e-05,1.1055486365538045e-05,0.00010002829020536115,8.89728038398231e-05
55,20,2,0,71,8,6.927521312409208e-05,8.842753536229438e-06,7.811796666032152e-05,6.927521312409208e-05
55,21,2,1,71,7,0.0011395167895661951,5.530405458787158e-05,0.0011948208441540666,0.0011395167895661951
55,22,2,2,71,6,0.003862769927105235,0.00020333039897586487,0.0040661003260811,0.003862769927105235
55,23,2,3,71,5,0.00669039430079586,0.0003461139654959165,0.007036508266291776,0.00669039430079586
55,24,2,4,71,4,0.005022945531677921,0.00017368848789925176,0.005196634019577173,0.005022945531677921
55,25,2,5,71,3,0.0018161026314442224,0.00037816354146480414,0.0021942661729090268,0.0018161026314442224
55,26,2,6,71,4,0.0049951156494698595,0.00017272172810825468,0.005167837377578114,0.0049951156494698595
55,27,2,7,71,5,0.006605151677473125,0.0003419906291143552,0.006947142306587481,0.006605151677473125
55,28,2,8,71,6,0.0037445726524787276,0.00019636301765625644,0.003940935670134984,0.0037445726524787276
55,29,2,9,71,7,0.0013011251077091296,6.0497301772954295e-05,0.001361622409482084,0.0013011251077091296
55,30,3,0,71,7,0.0006197942851837086,2.776149779011989e-05,0.0006475557829738284,0.0006197942851837086
55,31,3,1,71,6,0.0029282340630930313,0.00015209909880746652,0.003080333161900498,0.0029282340630930313
55,32,3,2,71,5,0.0066903943008408085,0.0003461139654971187,0.007036508266337927,0.0066903943008408085
55,33,3,3,71,4,0.004859640355947282,0.00015960626926309255,0.005019246625210375,0.004859640355947282
55,34,3,4,71,3,0.019687045849783064,0.0019174045234052214,0.021604450373188287,0.019687045849783064
55,35,3,5,71,2,0.052174093202873854,0.0046368488852329285,0.05681094208810678,0.052174093202873854
55,36,3,6,71,3,0.019730785253846344,0.0019194148356595393,0.021650200089505883,0.019730785253846344
55,37,3,7,71,4,0.004768805175724197,0.0001570950363801293,0.004925900212104326,0.004768805175724197
55,38,3,8,71,5,0.006681962144002198,0.0003436271314624698,0.007025589275464667,0.006681962144002198
55,39,3,9,71,6,0.0036977036621128785,0.00018828285979699566,0.003885986521909874,0.0036977036621128785
55,40,4,0,71,6,0.0014202175019265768,6.93368625042858e-05,0.0014895543644308626,0.0014202175019265768
55,41,4,1,71,5,0.004178169722496376,0.00021261796725360364,0.0043907876897499795,0.004178169722496376
55,42,4,2,71,4,0.005022945531707526,0.00017368848790023315,0.005196634019607759,0.005022945531707526
55,43,4,3,71,3,0.019687045849784545,0.0019174045234047405,0.021604450373189286,0.019687045849784545
55,44,4,4,71,2,0.10858660278323456,0.009270246280265917,0.11785684906350048,0.10858660278323456
55,45,4,5,71,1,0.16483843277687515,0.015331995758400732,0.18017042853527587,0.16483843277687515
55,46,4,6,71,2,0.10863750100807743,0.009272665600875496,0.11791016660895293,0.10863750100807743
55,47,4,7,71,3,0.019767211903291605,0.0019217937770905553,0.02168900568038216,0.019767211903291605
55,48,4,8,71,4,0.005176031552137826,0.00017734914227745957,0.005353380694415285,0.005176031552137826
55,49,4,9,71,5,0.005576899931186229,0.0002824028102172282,0.005859302741403458,0.005576899931186229
55,50,5,0,71,5,0.0016816837585418756,8.113424133961518e-05,0.0017628179998814908,0.0016816837585418756
55,51,5,1,71,4,0.003868598681284929,0.00017463287508866137,0.004043231556373591,0.003868598681284929
55,52,5,2,71,3,0.001816102631431594,0.0003781635414641906,0.0021942661728957848,0.001816102631431594
55,53,5,3,71,2,0.05217409320291452,0.004636848885233629,0.05681094208814815,0.05217409320291452
55,54,5,4,71,1,0.16483843277691623,0.015331995758400068,0.1801704285353163,0.16483843277691623
55,55,5,5,71,0,1.1915495394065514,0.060984314877592226,1.2525338542841435,1.1915495394065514
55,56,5,6,71,1,0.16488432506449582,0.015334360752306464,0.18021868581680228,0.16488432506449582
55,57,5,7,71,2,0.05224286296172827,0.004640805689182226,0.05688366865091049,0.05224286296172827
55,58,5,8,71,3,0.001656145562262296,0.00036788787173670405,0.002024033433999,0.001656145562262296
55,59,5,9,71,4,0.005442839474353009,0.00025187566218146925,0.005694715136534478,0.005442839474353009
55,60,6,0,71,6,0.001421058933011379,6.947583611086195e-05,0.0014905347691222411,0.001421058933011379
55,61,6,1,71,5,0.004167420454840526,0.000212257039930119,0.004379677494770645,0.004167420454840526
55,62,6,2,71,4,0.004995115649450182,0.00017272172810748452,0.005167837377557666,0.004995115649450182
55,63,6,3,71,3,0.019730785253858726,0.0019194148356602718,0.021650200089518998,0.019730785253858726
55,64,6,4,71,2,0.10863750100814587,0.0092726656008766,0.11791016660902247,0.10863750100814587
55,65,6,5,71,1,0.16488432506459846,0.015334360752306429,0.1802186858169049,0.16488432506459846
55,66,6,6,71,2,0.10868691205705919,0.009275021762141516,0.1179619338192007,0.10868691205705919
55,67,6,7,71,3,0.019808514403315554,0.0019236913253533776,0.02173220572866893,0.019808514403315554
55,68,6,8,71,4,0.005149298156744906,0.0001764513321284174,0.005325749488873323,0.005149298156744906
55,69,6,9,71,5,0.005561201895556451,0.00028189855317975715,0.005843100448736208,0.005561201895556451
55,70,7,0,71,7,0.0005955934588298919,2.691340006120417e-05,0.000622506858891096,0.0005955934588298919
55,71,7,1,71,6,0.002876544010160834,0.00014986619606598885,0.0030264102062268227,0.002876544010160834
55,72,7,2,71,5,0.00660515167748356,0.00034199062911403753,0.006947142306597597,0.00660515167748356
55,73,7,3,71,4,0.004768805175726996,0.00015709503637957242,0.004925900212106569,0.004768805175726996
55,74,7,4,71,3,0.019767211903195334,0.0019217937770896643,0.021689005680285,0.019767211903195334
55,75,7,5,71,2,0.052242862961803305,0.004640805689184003,0.056883668650987304,0.052242862961803305
55,76,7,6,71,3,0.019808514403387878,0.001923691325353983,0.02173220572874186,0.019808514403387878
55,77,7,7,71,4,0.0046802766474881,0.00015479715999583085,0.004835073807483931,0.0046802766474881
55,78,7,8,71,5,0.00659114089449035,0.00033936476585517077,0.006930505660345521,0.00659114089449035
55,79,7,9,71,6,0.003620438048128574,0.00018502719433710797,0.003805465242465682,0.003620438048128574
55,80,8,0,71,8,0.000166233316411756,1.2555492327667521e-05,0.0001787888087394235,0.000166233316411756
55,81,8,1,71,7,0.0010124501963301679,4.9086220485902984e-05,0.0010615364168160709,0.0010124501963301679
55,82,8,2,71,6,0.0037445726525016875,0.0001963630176556017,0.0039409356701572895,0.0037445726525016875
55,83,8,3,71,5,0.006681962144076752,0.0003436271314623037,0.007025589275539056,0.006681962144076752
55,84,8,4,71,4,0.005176031552239485,0.00017734914227908783,0.005353380694518573,0.005176031552239485
55,85,8,5,71,3,0.001656145562281238,0.000367887871737125,0.002024033434018363,0.001656145562281238
55,86,8,6,71,4,0.005149298156704108,0.0001764513321275642,0.0053257494888316725,0.005149298156704108
55,87,8,7,71,5,0.0065911408944490215,0.0003393647658542152,0.0069305056603032366,0.0065911408944490215
55,88,8,8,71,6,0.0035969997574624656,0.0001882239612266297,0.003785223718689095,0.0035969997574624656
55,89,8,9,71,7,0.0011038320393961182,5.116008998862799e-05,0.0011549921293847463,0.0011038320393961182
55,90,9,0,71,9,0.000519366102346413,2.7085452222750982e-05,0.0005464515545691639,0.000519366102346413
55,91,9,1,71,8,8.897280374474607e-05,1.1055486365533314e-05,0.00010002829011027939,8.897280374474607e-05
55,92,9,2,71,7,0.0013011251076526069,6.0497301771564714e-05,0.0013616224094241715,0.0013011251076526069
55,93,9,3,71,6,0.003697703662078744,0.0001882828597968925,0.0038859865218756366,0.003697703662078744
55,94,9,4,71,5,0.005576899931284167,0.00028240281021849235,0.005859302741502659,0.005576899931284167
55,95,9,5,71,4,0.00544283947433378,0.00025187566218166555,0.005694715136515446,0.00544283947433378
55,96,9,6,71,5,0.005561201895561696,0.00028189855317934146,0.005843100448741038,0.005561201895561696
55,97,9,7,71,6,0.003620438048071924,0.00018502719433582563,0.0038054652424077498,0.003620438048071924
55,98,9,8,71,7,0.0011038320393933624,5.116008998878022e-05,0.0011549921293821427,0.0011038320393933624
55,99,9,9,71,8,0.0003326433319767765,2.5129060415936227e-05,0.00035777239239271274,0.0003326433319767765
55,0,0,0,72,10,0.00031037833736743676,1.4267545287926394e-05,0.00032464588265536317,0.00031037833736743676
55,1,0,1,72,9,0.0003077837115527669,1.7688878085195295e-05,0.0003254725896379622,0.0003077837115527669
55,2,0,2,72,8,6.589039555739303e-05,1.1378305930832827e-05,7.726870148822586e-05,6.589039555739303e-05
55,3,0,3,72,7,0.0006137733778081396,2.3005175267014996e-05,0.0006367785530751545,0.0006137733778081396
55,4,0,4,72,6,0.0014060847510472937,6.371359038353858e-05,0.0014697983414308324,0.0014060847510472937
55,5,0,5,72,5,0.001666927555720719,7.594035800436475e-05,0.0017428679137250836,0.001666927555720719
55,6,0,6,72,6,0.0014066010383482787,6.392344813210994e-05,0.0014705244864803887,0.0014066010383482787
55,7,0,7,72,7,0.0005893633169243854,2.2320052417338217e-05,0.0006116833693417236,0.0005893633169243854
55,8,0,8,72,8,0.0001615399331105052,1.5090642599969634e-05,0.00017663057571047484,0.0001615399331105052
55,9,0,9,72,9,0.0005090283868466166,2.800351392411439e-05,0.000537031900770731,0.0005090283868466166
55,10,1,0,72,9,0.00030778371166377837,1.7688878086800754e-05,0.00032547258975057915,0.00030778371166377837
55,11,1,1,72,8,5.5203732065215596e-05,5.632975042333424e-06,6.083670710754902e-05,5.5203732065215596e-05
55,12,1,2,72,7,0.0011239337409314498,5.020602101210197e-05,0.0011741397619435517,0.0011239337409314498
55,13,1,3,72,6,0.0028952962545319588,0.00014695174971755262,0.0030422480042495113,0.0028952962545319588
55,14,1,4,72,5,0.004149593965035777,0.00021248600762417726,0.004362079972659954,0.004149593965035777
55,15,1,5,72,4,0.0038521661559451723,0.00017901786537964943,0.004031184021324821,0.0038521661559451723
55,16,1,6,72,5,0.004138739735896093,0.00021220577305010595,0.004350945508946199,0.004138739735896093
55,17,1,7,72,6,0.0028441238145780635,0.00014484713236518132,0.002988970946943245,0.0028441238145780635
55,18,1,8,72,7,0.0009992355718017759,4.394380957789396e-05,0.0010431793813796698,0.0009992355718017759
55,19,1,9,72,8,8.500754373192738e-05,1.4213161762613935e-05,9.922070549454132e-05,8.500754373192738e-05
55,20,2,0,72,8,6.589039562062153e-05,1.1378305932078409e-05,7.726870155269993e-05,6.589039562062153e-05
55,21,2,1,72,7,0.0011239337409233187,5.020602101251605e-05,0.0011741397619358348,0.0011239337409233187
55,22,2,2,72,6,0.003817986258953321,0.00019833306815507016,0.004016319327108391,0.003817986258953321
55,23,2,3,72,5,0.00665566173557754,0.0003534376474561946,0.0070090993830337345,0.00665566173557754
55,24,2,4,72,4,0.005073889396231131,0.00020433177760213633,0.005278221173833268,0.005073889396231131
55,25,2,5,72,3,0.00175796611209348,0.00032729921669200643,0.0020852653287854865,0.00175796611209348
55,26,2,6,72,4,0.005046300916160443,0.00020336523424943655,0.005249666150409879,0.005046300916160443
55,27,2,7,72,5,0.006571896818589953,0.00034931364219672047,0.006921210460786673,0.006571896818589953
55,28,2,8,72,6,0.0037027740035803967,0.00019073123675231854,0.0038935052403327153,0.0037027740035803967
55,29,2,9,72,7,0.0012845893917811577,5.31207281745213e-05,0.001337710119955679,0.0012845893917811577
55,30,3,0,72,7,0.0006137733777688458,2.300517526667377e-05,0.0006367785530355196,0.0006137733777688458
55,31,3,1,72,6,0.0028952962545084667,0.00014695174971761843,0.003042248004226085,0.0028952962545084667
55,32,3,2,72,5,0.00665566173562226,0.00035343764745740877,0.007009099383079669,0.00665566173562226
55,33,3,3,72,4,0.004962863132312544,0.00019099186234935444,0.005153854994661899,0.004962863132312544
55,34,3,4,72,3,0.01936150830871614,0.0017795166693040014,0.021141024978020142,0.01936150830871614
55,35,3,5,72,2,0.05217340566300479,0.004466430841584073,0.05663983650458886,0.05217340566300479
55,36,3,6,72,3,0.019404623914162235,0.001781481460622209,0.021186105374784443,0.019404623914162235
55,37,3,7,72,4,0.0048735994832446415,0.0001872509705948084,0.00506085045383945,0.0048735994832446415
55,38,3,8,72,5,0.006648787127052245,0.0003496160216781841,0.006998403148730429,0.006648787127052245
55,39,3,9,72,6,0.003654828027371762,0.00017955924668857759,0.00383438727406034,0.003654828027371762
55,40,4,0,72,6,0.0014060847510241746,6.371359038367319e-05,0.0014697983414078478,0.0014060847510241746
55,41,4,1,72,5,0.004149593965049636,0.00021248600762415948,0.004362079972673795,0.004149593965049636
55,42,4,2,72,4,0.0050738893962601435,0.00020433177760313881,0.005278221173863282,0.0050738893962601435
55,43,4,3,72,3,0.01936150830871812,0.0017795166693035454,0.021141024978021665,0.01936150830871812
55,44,4,4,72,2,0.10875499298119883,0.009005993627234025,0.11776098660843284,0.10875499298119883
55,45,4,5,72,1,0.1685437629879388,0.015196542022847077,0.18374030501078586,0.1685437629879388
55,46,4,6,72,2,0.10880509152247443,0.009008412201771666,0.1178135037242461,0.10880509152247443
55,47,4,7,72,3,0.019439747159272158,0.001784298298316336,0.021224045457588495,0.019439747159272158
55,48,4,8,72,4,0.0052264748510773345,0.00020687051455588193,0.005433345365633216,0.0052264748510773345
55,49,4,9,72,5,0.005532316027410515,0.00027872174158828015,0.005811037768998795,0.005532316027410515
55,50,5,0,72,5,0.0016669275556642827,7.594035800377312e-05,0.0017428679136680559,0.0016669275556642827
55,51,5,1,72,4,0.003852166155902546,0.00017901786537917182,0.004031184021281718,0.003852166155902546
55,52,5,2,72,3,0.0017579661120817316,0.0003272992166914199,0.0020852653287731513,0.0017579661120817316
55,53,5,3,72,2,0.05217340566304587,0.004466430841584808,0.056639836504630676,0.05217340566304587
55,54,5,4,72,1,0.1685437629879802,0.015196542022846435,0.18374030501082664,0.1685437629879802
55,55,5,5,72,0,1.163673637143472,0.05986496188106005,1.223538599024532,1.163673637143472
55,56,5,6,72,1,0.16858917259712805,0.015198921669052052,0.1837880942661801,0.16858917259712805
55,57,5,7,72,2,0.0522403566193306,0.004470864668336875,0.05671122128766748,0.0522403566193306
55,58,5,8,72,3,0.0016054883289493673,0.0003188150379019507,0.001924303366851318,0.0016054883289493673
55,59,5,9,72,4,0.005410496530811213,0.0002533471612136504,0.005663843692024863,0.005410496530811213
55,60,6,0,72,6,0.001406601038421707,6.392344813322494e-05,0.001470524486554932,0.001406601038421707
55,61,6,1,72,5,0.004138739735928311,0.00021220577304987602,0.004350945508978187,0.004138739735928311
55,62,6,2,72,4,0.0050463009161404535,0.00020336523424861066,0.005249666150389064,0.0050463009161404535
55,63,6,3,72,3,0.0194046239141746,0.0017814814606229197,0.02118610537479752,0.0194046239141746
55,64,6,4,72,2,0.10880509152254278,0.0090084122017728,0.11781350372431558,0.10880509152254278
55,65,6,5,72,1,0.1685891725972309,0.01519892166905206,0.18378809426628298,0.1685891725972309
55,66,6,6,72,2,0.10885372997466362,0.00901076632442206,0.11786449629908569,0.10885372997466362
55,67,6,7,72,3,0.01948050590378818,0.0017861425415405157,0.021266648445328693,0.01948050590378818
55,68,6,8,72,4,0.0051998523409420615,0.0002060062394259544,0.005405858580368016,0.0051998523409420615
55,69,6,9,72,5,0.005516408458312906,0.0002783426403827711,0.005794751098695677,0.005516408458312906
55,70,7,0,72,7,0.0005893633169478376,2.2320052417310028e-05,0.0006116833693651476,0.0005893633169478376
55,71,7,1,72,6,0.0028441238146741164,0.00014484713236550444,0.002988970947039621,0.0028441238146741164
55,72,7,2,72,5,0.006571896818599941,0.0003493136421963965,0.006921210460796337,0.006571896818599941
55,73,7,3,72,4,0.004873599483247488,0.0001872509705939471,0.005060850453841435,0.004873599483247488
55,74,7,4,72,3,0.019439747159176235,0.0017842982983153758,0.02122404545749161,0.019439747159176235
55,75,7,5,72,2,0.05224035661940505,0.00447086466833865,0.056711221287743696,0.05224035661940505
55,76,7,6,72,3,0.01948050590385998,0.001786142541541134,0.02126664844540111,0.01948050590385998
55,77,7,7,72,4,0.004786465148089518,0.0001837195337115675,0.004970184681801086,0.004786465148089518
55,78,7,8,72,5,0.006559284616174237,0.00034541339056022135,0.006904698006734458,0.006559284616174237
55,79,7,9,72,6,0.0035782608765587316,0.00017651392925445927,0.0037547748058131907,0.0035782608765587316
55,80,8,0,72,8,0.00016153993312180355,1.509064260113876e-05,0.00017663057572294232,0.00016153993312180355
55,81,8,1,72,7,0.000999235571837543,4.394380957784536e-05,0.0010431793814153884,0.000999235571837543
55,82,8,2,72,6,0.0037027740036027434,0.00019073123675166065,0.003893505240354404,0.0037027740036027434
55,83,8,3,72,5,0.006648787127126501,0.0003496160216780571,0.006998403148804558,0.006648787127126501
55,84,8,4,72,4,0.005226474851178309,0.00020687051455756564,0.005433345365735875,0.005226474851178309
55,85,8,5,72,3,0.0016054883289658825,0.00031881503790237646,0.001924303366868259,0.0016054883289658825
55,86,8,6,72,4,0.005199852340901751,0.0002060062394250957,0.005405858580326847,0.005199852340901751
55,87,8,7,72,5,0.006559284616133427,0.00034541339055927305,0.0069046980066927,0.006559284616133427
55,88,8,8,72,6,0.0035584186429266614,0.00018204916025671612,0.0037404678031833774,0.0035584186429266614
55,89,8,9,72,7,0.0010909623054836631,4.383154234883768e-05,0.0011347938478325009,0.0010909623054836631
55,90,9,0,72,9,0.0005090283866677719,2.8003513922632894e-05,0.0005370319005904049,0.0005090283866677719
55,91,9,1,72,8,8.500754363906418e-05,1.4213161762648816e-05,9.9220705401713e-05,8.500754363906418e-05
55,92,9,2,72,7,0.0012845893917240922,5.312072817311314e-05,0.0013377101198972054,0.0012845893917240922
55,93,9,3,72,6,0.003654828027337118,0.00017955924668843355,0.0038343872740255517,0.003654828027337118
55,94,9,4,72,5,0.005532316027507463,0.00027872174158955523,0.0058110377690970185,0.005532316027507463
55,95,9,5,72,4,0.005410496530791629,0.0002533471612138214,0.00566384369200545,0.005410496530791629
55,96,9,6,72,5,0.0055164084583184106,0.0002783426403823783,0.005794751098700789,0.0055164084583184106
55,97,9,7,72,6,0.0035782608765027673,0.00017651392925318484,0.003754774805755952,0.0035782608765027673
55,98,9,8,72,7,0.0010909623054810203,4.3831542348999425e-05,0.0011347938478300198,0.0010909623054810203
55,99,9,9,72,8,0.0003220227578944324,2.9770549468280443e-05,0.00035179330736271285,0.0003220227578944324
55,0,0,0,73,10,0.00030466939038284577,1.391830183697293e-05,0.0003185876922198187,0.00030466939038284577
55,1,0,1,73,9,0.0003010300568894324,1.840997137387648e-05,0.00031944002826330884,0.0003010300568894324
55,2,0,2,73,8,6.331014678306018e-05,1.3955278834406342e-05,7.726542561746652e-05,6.331014678306018e-05
55,3,0,3,73,7,0.0006048591951253638,1.84806110328729e-05,0.0006233398061582367,0.0006048591951253638
55,4,0,4,73,6,0.0013873769775730174,5.8128274046874166e-05,0.0014455052516198915,0.0013873769775730174
55,5,0,5,73,5,0.0016471653646315074,7.073443236190415e-05,0.0017178997969934115,0.0016471653646315074
55,6,0,6,73,6,0.0013875916875808842,5.840663749423341e-05,0.0014459983250751176,0.0013875916875808842
55,7,0,7,73,7,0.0005803907810862975,1.795188134930438e-05,0.0005983426624356019,0.0005803907810862975
55,8,0,8,73,8,0.00015727716783629246,1.7562536650823127e-05,0.0001748397044871156,0.00015727716783629246
55,9,0,9,73,9,0.0004976102224318418,2.882265071644219e-05,0.000526432873148284,0.0004976102224318418
55,10,1,0,73,9,0.0003010300569987616,1.840997137546987e-05,0.00031944002837423145,0.0003010300569987616
55,11,1,1,73,8,5.4715302628244215e-05,7.496205890232191e-06,6.221150851847641e-05,5.4715302628244215e-05
55,12,1,2,73,7,0.0011044259789824188,4.516487035284036e-05,0.0011495908493352593,0.0011044259789824188
55,13,1,3,73,6,0.002855350230297729,0.0001416463037995314,0.0029969965340972604,0.002855350230297729
55,14,1,4,73,5,0.004113138355857451,0.00021189965886387268,0.004325038014721324,0.004113138355857451
55,15,1,5,73,4,0.003829005197944039,0.00018282813995488064,0.00401183333789892,0.003829005197944039
55,16,1,6,73,5,0.004102245704092445,0.00021169948168367516,0.00431394518577612,0.004102245704092445
55,17,1,7,73,6,0.0028049060530835196,0.00013967329463994733,0.002944579347723467,0.0028049060530835196
55,18,1,8,73,7,0.0009824294657126002,3.8885554012708686e-05,0.001021315019725309,0.0009824294657126002
55,19,1,9,73,8,8.201491562722338e-05,1.7421299936073335e-05,9.94362155632967e-05,8.201491562722338e-05
55,20,2,0,73,8,6.331014684365924e-05,1.3955278835611206e-05,7.726542567927044e-05,6.331014684365924e-05
55,21,2,1,73,7,0.001104425978975188,4.516487035327476e-05,0.0011495908493284628,0.001104425978975188
55,22,2,2,73,6,0.003764618253712545,0.00019306667946925968,0.003957684933181805,0.003764618253712545
55,23,2,3,73,5,0.006610992764796671,0.00035980025191046267,0.006970793016707133,0.006610992764796671
55,24,2,4,73,4,0.0051229070746430004,0.00023479769948508785,0.0053577047741280885,0.0051229070746430004
55,25,2,5,73,3,0.0016966226056075412,0.00027924815743666663,0.001975870763044208,0.0016966226056075412
55,26,2,6,73,4,0.005095680292498165,0.0002338633200836089,0.0053295436125817735,0.005095680292498165
55,27,2,7,73,5,0.006528953559645202,0.00035568721863801783,0.00688464077828322,0.006528953559645202
55,28,2,8,73,6,0.0036524501430017318,0.00018486679662431702,0.0038373169396260487,0.0036524501430017318
55,29,2,9,73,7,0.0012628777394528953,4.590346367752921e-05,0.0013087812031304246,0.0012628777394528953
55,30,3,0,73,7,0.000604859195088466,1.84806110326083e-05,0.0006233398061210743,0.000604859195088466
55,31,3,1,73,6,0.0028553502302753,0.00014164630379959924,0.0029969965340748994,0.0028553502302753
55,32,3,2,73,5,0.006610992764841154,0.00035980025191168717,0.006970793016752842,0.006610992764841154
55,33,3,3,73,4,0.0050691149079973635,0.000230106544515681,0.005299221452513044,0.0050691149079973635
55,34,3,4,73,3,0.018987762182321188,0.0016450385468203704,0.02063280072914156,0.018987762182321188
55,35,3,5,73,2,0.052068213205206014,0.004297998075001518,0.05636621128020753,0.052068213205206014
55,36,3,6,73,3,0.019030098960177606,0.001646952661588674,0.02067705162176628,0.019030098960177606
55,37,3,7,73,4,0.00498163476148674,0.0002256084845593512,0.005207243246046092,0.00498163476148674
55,38,3,8,73,5,0.006605228551319448,0.0003546880592012,0.006959916610520648,0.006605228551319448
55,39,3,9,73,6,0.0036021106195816377,0.00017070814938486303,0.0037728187689665005,0.0036021106195816377
55,40,4,0,73,6,0.0013873769775515007,5.812827404705863e-05,0.0014455052515985594,0.0013873769775515007
55,41,4,1,73,5,0.004113138355871937,0.00021189965886387986,0.0043250380147358165,0.004113138355871937
55,42,4,2,73,4,0.005122907074671434,0.0002347976994860915,0.005357704774157526,0.005122907074671434
55,43,4,3,73,3,0.01898776218232364,0.0016450385468199386,0.02063280072914358,0.01898776218232364
55,44,4,4,73,2,0.10872229546707755,0.008742698553141356,0.11746499402021891,0.10872229546707755
55,45,4,5,73,1,0.17191509790135087,0.015054407903597801,0.18696950580494867,0.17191509790135087
55,46,4,6,73,2,0.10877143561836772,0.00874510941286824,0.11751654503123596,0.10877143561836772
55,47,4,7,73,3,0.019063974297892722,0.0016501838549609147,0.020714158152853636,0.019063974297892722
55,48,4,8,73,4,0.005274067130370283,0.00023598790690108285,0.0055100550372713655,0.005274067130370283
55,49,4,9,73,5,0.005475902463059193,0.0002745419069340208,0.0057504443699932135,0.005475902463059193
55,50,5,0,73,5,0.0016471653645758054,7.073443236131663e-05,0.0017178997969371221,0.0016471653645758054
55,51,5,1,73,4,0.003829005197901541,0.00018282813995437072,0.004011833337855912,0.003829005197901541
55,52,5,2,73,3,0.0016966226055966968,0.0002792481574361117,0.0019758707630328086,0.0016966226055966968
55,53,5,3,73,2,0.05206821320524745,0.004297998075002287,0.05636621128024974,0.05206821320524745
55,54,5,4,73,1,0.17191509790139264,0.015054407903597192,0.18696950580498983,0.17191509790139264
55,55,5,5,73,0,1.136710015072068,0.058777334057352644,1.1954873491294207,1.136710015072068
55,56,5,6,73,1,0.17195983466309617,0.015056794778044544,0.18701662944114072,0.17195983466309617
55,57,5,7,73,2,0.052133300537481955,0.004302883734735726,0.05643618427221768,0.052133300537481955
55,58,5,8,73,3,0.0015536497890546981,0.0002724742185269015,0.0018261240075815996,0.0015536497890546981
55,59,5,9,73,4,0.005367270251259477,0.0002541562223026695,0.005621426473562147,0.005367270251259477
55,60,6,0,73,6,0.001387591687653384,5.8406637495364714e-05,0.0014459983251487486,0.001387591687653384
55,61,6,1,73,5,0.004102245704124068,0.00021169948168343406,0.004313945185807502,0.004102245704124068
55,62,6,2,73,4,0.005095680292477893,0.00023386332008274311,0.005329543612560636,0.005095680292477893
55,63,6,3,73,3,0.019030098960189933,0.0016469526615893661,0.0206770516217793,0.019030098960189933
55,64,6,4,73,2,0.10877143561843593,0.008745109412869396,0.11751654503130532,0.10877143561843593
55,65,6,5,73,1,0.17195983466319914,0.015056794778044605,0.18701662944124375,0.17195983466319914
55,66,6,6,73,2,0.1088191492736825,0.008747454732165854,0.11756660400584835,0.1088191492736825
55,67,6,7,73,3,0.019104042109518687,0.001651970207158305,0.02075601231667699,0.019104042109518687
55,68,6,8,73,4,0.005247680362446112,0.00023518382784142863,0.005482864190287541,0.005247680362446112
55,69,6,9,73,5,0.005459889443321352,0.0002742868312457427,0.0057341762745670944,0.005459889443321352
55,70,7,0,73,7,0.000580390781108104,1.795188134923882e-05,0.0005983426624573429,0.000580390781108104
55,71,7,1,73,6,0.00280490605317824,0.00013967329464028026,0.00294457934781852,0.00280490605317824
55,72,7,2,73,5,0.006528953559654755,0.00035568721863768894,0.006884640778292444,0.006528953559654755
55,73,7,3,73,4,0.004981634761489634,0.00022560848455832144,0.005207243246047956,0.004981634761489634
55,74,7,4,73,3,0.019063974297797194,0.0016501838549598902,0.020714158152757085,0.019063974297797194
55,75,7,5,73,2,0.05213330053755579,0.004302883734737504,0.0564361842722933,0.05213330053755579
55,76,7,6,73,3,0.019104042109589922,0.0016519702071589328,0.020756012316748854,0.019104042109589922
55,77,7,7,73,4,0.004896108094857689,0.00022132627327460346,0.005117434368132293,0.004896108094857689
55,78,7,8,73,5,0.006517338788999443,0.0003505560505464196,0.006867894839545863,0.006517338788999443
55,79,7,9,73,6,0.0035265762450072667,0.00016787745736837855,0.0036944537023756454,0.0035265762450072667
55,80,8,0,73,8,0.00015727716784989153,1.7562536652100425e-05,0.00017483970450199197,0.00015727716784989153
55,81,8,1,73,7,0.0009824294657466255,3.8885554012608966e-05,0.0010213150197592345,0.0009824294657466255
55,82,8,2,73,6,0.0036524501430234713,0.00018486679662365772,0.003837316939647129,0.0036524501430234713
55,83,8,3,73,5,0.006605228551393383,0.00035468805920111144,0.006959916610594494,0.006605228551393383
55,84,8,4,73,4,0.0052740671304705375,0.00023598790690280305,0.00551005503737334,0.0052740671304705375
55,85,8,5,73,3,0.0015536497890683693,0.00027247421852732415,0.0018261240075956933,0.0015536497890683693
55,86,8,6,73,4,0.005247680362406311,0.000235183827840576,0.005482864190246887,0.005247680362406311
55,87,8,7,73,5,0.006517338788959167,0.0003505560505454797,0.006867894839504647,0.006517338788959167
55,88,8,8,73,6,0.003511511538596482,0.0001756794712137909,0.0036871910098102726,0.003511511538596482
55,89,8,9,73,7,0.0010734818135768442,3.673444693899883e-05,0.001110216260515843,0.0010734818135768442
55,90,9,0,73,9,0.000497610222256662,2.88226507150169e-05,0.0005264328729716788,0.000497610222256662
55,91,9,1,73,8,8.201491553652305e-05,1.7421299936144302e-05,9.943621547266735e-05,8.201491553652305e-05
55,92,9,2,73,7,0.0012628777393953181,4.5903463676115445e-05,0.0013087812030714335,0.0012628777393953181
55,93,9,3,73,6,0.0036021106195464913,0.00017070814938468013,0.0037728187689311716,0.0036021106195464913
55,94,9,4,73,5,0.005475902463155133,0.00027454190693530534,0.005750444370090438,0.005475902463155133
55,95,9,5,73,4,0.005367270251239553,0.00025415622230281625,0.005621426473542369,0.005367270251239553
55,96,9,6,73,5,0.005459889443327135,0.00027428683124537353,0.0057341762745725085,0.005459889443327135
55,97,9,7,73,6,0.0035265762449520144,0.000167877457367114,0.0036944537023191285,0.0035265762449520144
55,98,9,8,73,7,0.0010734818135743217,3.673444693916754e-05,0.0011102162605134893,0.0010734818135743217
55,99,9,9,73,8,0.00031227130018411095,3.427578763409256e-05,0.0003465470878182035,0.00031227130018411095
55,0,0,0,74,10,0.0002979755473397069,1.3537897786494001e-05,0.0003115134451262009,0.0002979755473397069
55,1,0,1,74,9,0.00029380222962439075,1.9062688403701757e-05,0.0003128649180280925,0.00029380222962439075
55,2,0,2,74,8,6.153797102783871e-05,1.6494807601262942e-05,7.803277862910165e-05,6.153797102783871e-05
55,3,0,3,74,7,0.0005931799443694945,1.4319355918156914e-05,0.0006074993002876514,0.0005931799443694945
55,4,0,4,74,6,0.0013643442251913985,5.260127672858201e-05,0.0014169455019199806,0.0013643442251913985
55,5,0,5,74,5,0.0016226783167679198,6.553562204354353e-05,0.0016882139388114633,0.0016226783167679198
55,6,0,6,74,6,0.0013642837420136738,5.2945319426331985e-05,0.0014172290614400057,0.0013642837420136738
55,7,0,7,74,7,0.0005688024518256558,1.3934057597046028e-05,0.0005827365094227018,0.0005688024518256558
55,8,0,8,74,8,0.00015347633970825967,1.9945847173162005e-05,0.00017342218688142167,0.00015347633970825967
55,9,0,9,74,9,0.0004852340962187883,2.9542745331789826e-05,0.0005147768415505781,0.0004852340962187883
55,10,1,0,74,9,0.0002938022297320482,1.9062688405282866e-05,0.0003128649181373311,0.0002938022297320482
55,11,1,1,74,8,5.336026758253997e-05,9.607370731238641e-06,6.29676383137786e-05,5.336026758253997e-05
55,12,1,2,74,7,0.0010812319077016924,4.0200553391051944e-05,0.0011214324610927444,0.0010812319077016924
55,13,1,3,74,6,0.002808883955892582,0.00013620490751971577,0.0029450888634122976,0.002808883955892582
55,14,1,4,74,5,0.004069363324474598,0.00021088090998047995,0.004280244234455078,0.004069363324474598
55,15,1,5,74,4,0.0037996005729168366,0.00018608032122494896,0.003985680894141786,0.0037996005729168366
55,16,1,6,74,5,0.004058498253971341,0.0002107598609458718,0.004269258114917213,0.004058498253971341
55,17,1,7,74,6,0.00275936847248337,0.000134366249669419,0.002893734722152789,0.00275936847248337
55,18,1,8,74,7,0.0009622398211526483,3.3935408537127474e-05,0.0009961752296897758,0.0009622398211526483
55,19,1,9,74,8,7.999890209551396e-05,2.0581988891557147e-05,0.00010058089098707111,7.999890209551396e-05
55,20,2,0,74,8,6.153797108592602e-05,1.6494807602413924e-05,7.803277868833994e-05,6.153797108592602e-05
55,21,2,1,74,7,0.0010812319076953358,4.020055339150361e-05,0.0011214324610868394,0.0010812319076953358
55,22,2,2,74,6,0.003703304115001233,0.00018755651689179937,0.0038908606318930326,0.003703304115001233
55,23,2,3,74,5,0.006557164045469332,0.00036522374363408234,0.006922387789103415,0.006557164045469332
55,24,2,4,74,4,0.005170194517624689,0.00026447726424628864,0.005434671781870978,0.005170194517624689
55,25,2,5,74,3,0.0016336068870250078,0.00023454141232346105,0.0018681482993484688,0.0016336068870250078
55,26,2,6,74,4,0.005143444445275589,0.00026359282133991247,0.005407037266615501,0.005143444445275589
55,27,2,7,74,5,0.006477078447202329,0.0003611329668861538,0.0068382114140884825,0.006477078447202329
55,28,2,8,74,6,0.0035942109873798216,0.00017879602886578837,0.00377300701624561,0.0035942109873798216
55,29,2,9,74,7,0.0012362715501629369,3.889565391379221e-05,0.001275167204076729,0.0012362715501629369
55,30,3,0,74,7,0.000593179944334915,1.4319355917962969e-05,0.000607499300252878,0.000593179944334915
55,31,3,1,74,6,0.002808883955871187,0.00013620490751978392,0.002945088863390971,0.002808883955871187
55,32,3,2,74,5,0.006557164045513571,0.0003652237436353158,0.006922387789148887,0.006557164045513571
55,33,3,3,74,4,0.005178270954909327,0.0002722294196598712,0.005450500374569199,0.005178270954909327
55,34,3,4,74,3,0.01856904538777179,0.00151418850775115,0.02008323389552294,0.01856904538777179
55,35,3,5,74,2,0.0518643224939099,0.004131839615352546,0.05599616210926245,0.0518643224939099
55,36,3,6,74,3,0.01861045803151644,0.0015160469635265975,0.020126504995043037,0.01861045803151644
55,37,3,7,74,4,0.005092765169077675,0.0002672423321705029,0.0053600075012481775,0.005092765169077675
55,38,3,8,74,5,0.006552060256444023,0.00035886831871894786,0.006910928575162971,0.006552060256444023
55,39,3,9,74,6,0.003540200789264339,0.0001617623349233317,0.003701963124187671,0.003540200789264339
55,40,4,0,74,6,0.0013643442251714225,5.2601276728811985e-05,0.0014169455019002344,0.0013643442251714225
55,41,4,1,74,5,0.00406936332448969,0.000210880909980511,0.004280244234470201,0.00406936332448969
55,42,4,2,74,4,0.0051701945176525575,0.0002644772642472835,0.005434671781899841,0.0051701945176525575
55,43,4,3,74,3,0.018569045387774687,0.001514188507750741,0.020083233895525427,0.018569045387774687
55,44,4,4,74,2,0.10849959594376252,0.008480891201748742,0.11698048714551126,0.10849959594376252
55,45,4,5,74,1,0.17496057552227043,0.014906442115851673,0.1898670176381221,0.17496057552227043
55,46,4,6,74,2,0.10854763054866541,0.008483287599800968,0.11703091814846638,0.10854763054866541
55,47,4,7,74,3,0.018643151141552704,0.001519666953950277,0.02016281809550298,0.018643151141552704
55,48,4,8,74,4,0.005319031281559175,0.0002642176814822545,0.00558324896304143,0.005319031281559175
55,49,4,9,74,5,0.005408470920275188,0.00026989816674773365,0.005678369087022922,0.005408470920275188
55,50,5,0,74,5,0.0016226783167129317,6.553562204295996e-05,0.0016882139387558916,0.0016226783167129317
55,51,5,1,74,4,0.003799600572874479,0.00018608032122440854,0.003985680894098887,0.003799600572874479
55,52,5,2,74,3,0.0016336068870151006,0.00023454141232294575,0.0018681482993380464,0.0016336068870151006
55,53,5,3,74,2,0.051864322493951655,0.004131839615353344,0.055996162109305,0.051864322493951655
55,54,5,4,74,1,0.1749605755223125,0.014906442115851095,0.1898670176381636,0.1749605755223125
55,55,5,5,74,0,1.1106272109935338,0.05771990176357631,1.1683471127571101,1.1106272109935338
55,56,5,6,74,1,0.175004466671206,0.014908828976469161,0.18991329564767517,0.175004466671206
55,57,5,7,74,2,0.051927519484157185,0.004137151128286465,0.05606467061244365,0.051927519484157185
55,58,5,8,74,3,0.0015022233022103995,0.00022935937569256386,0.0017315826779029633,0.0015022233022103995
55,59,5,9,74,4,0.005313914327371511,0.00025433316930853435,0.005568247496680045,0.005313914327371511
55,60,6,0,74,6,0.0013642837420852283,5.2945319427476706e-05,0.001417229061512705,0.0013642837420852283
55,61,6,1,74,5,0.004058498254002379,0.00021075986094562087,0.004269258114948,0.004058498254002379
55,62,6,2,74,4,0.0051434444452550625,0.000263592821339017,0.005407037266594079,0.0051434444452550625
55,63,6,3,74,3,0.0186104580315287,0.0015160469635272645,0.020126504995055965,0.0186104580315287
55,64,6,4,74,2,0.10854763054873347,0.008483287599802153,0.11703091814853563,0.10854763054873347
55,65,6,5,74,1,0.17500446667130906,0.014908828976469274,0.18991329564777834,0.17500446667130906
55,66,6,6,74,2,0.10859427832423135,0.008485617574324476,0.11707989589855583,0.10859427832423135
55,67,6,7,74,3,0.018682389514639273,0.0015213910561926826,0.020203780570831956,0.018682389514639273
55,68,6,8,74,4,0.005293001139917068,0.0002634886279915371,0.005556489767908605,0.005293001139917068
55,69,6,9,74,5,0.005392456173172113,0.00026976553486154204,0.005662221708033655,0.005392456173172113
55,70,7,0,74,7,0.0005688024518458508,1.393405759696056e-05,0.0005827365094428113,0.0005688024518458508
55,71,7,1,74,6,0.002759368472576767,0.00013436624966976245,0.0028937347222465297,0.002759368472576767
55,72,7,2,74,5,0.006477078447211455,0.00036113296688582104,0.006838211414097276,0.006477078447211455
55,73,7,3,74,4,0.005092765169080618,0.0002672423321693792,0.005360007501249997,0.005092765169080618
55,74,7,4,74,3,0.018643151141457617,0.0015196669539491929,0.02016281809540681,0.018643151141457617
55,75,7,5,74,2,0.0519275194842304,0.004137151128288246,0.056064670612518644,0.0519275194842304
55,76,7,6,74,3,0.0186823895147099,0.0015213910561933193,0.020203780570903218,0.0186823895147099
55,77,7,7,74,4,0.005009040455295319,0.00026248637475026373,0.005271526830045583,0.005009040455295319
55,78,7,8,74,5,0.006466057684041643,0.00035481724681598546,0.006820874930857628,0.006466057684041643
55,79,7,9,74,6,0.003466018301156575,0.00015914961403197872,0.0036251679151885537,0.003466018301156575
55,80,8,0,74,8,0.0001534763397240883,1.994584717453956e-05,0.00017342218689862785,0.0001534763397240883
55,81,8,1,74,7,0.0009622398211849675,3.393540853698159e-05,0.0009961752297219491,0.0009622398211849675
55,82,8,2,74,6,0.0035942109874009614,0.00017879602886512904,0.0037730070162660906,0.0035942109874009614
55,83,8,3,74,5,0.006552060256517615,0.0003588683187188966,0.006910928575236511,0.006552060256517615
55,84,8,4,74,4,0.00531903128165868,0.0002642176814840008,0.005583248963142681,0.00531903128165868
55,85,8,5,74,3,0.0015022233022207682,0.00022935937569296998,0.0017315826779137381,0.0015022233022207682
55,86,8,6,74,4,0.0052930011398777945,0.0002634886279906965,0.005556489767868491,0.0052930011398777945
55,87,8,7,74,5,0.006466057684001914,0.0003548172468150549,0.006820874930816969,0.006466057684001914
55,88,8,8,74,6,0.0034568541407016032,0.0001691419223340102,0.0036259960630356134,0.0034568541407016032
55,89,8,9,74,7,0.0010516228378180546,2.9956010792408538e-05,0.001081578848610463,0.0010516228378180546
55,90,9,0,74,9,0.0004852340960472354,2.9542745330417213e-05,0.0005147768413776527,0.0004852340960472354
55,91,9,1,74,8,7.999890200691595e-05,2.0581988891660285e-05,0.00010058089089857624,7.999890200691595e-05
55,92,9,2,74,7,0.0012362715501048809,3.889565391239178e-05,0.0012751672040172727,0.0012362715501048809
55,93,9,3,74,6,0.003540200789228697,0.0001617623349231117,0.0037019631241518086,0.003540200789228697
55,94,9,4,74,5,0.0054084709203701,0.0002698981667490261,0.005678369087119126,0.0054084709203701
55,95,9,5,74,4,0.005313914327351262,0.00025433316930865735,0.005568247496659919,0.005313914327351262
55,96,9,6,74,5,0.005392456173178194,0.0002697655348611969,0.005662221708039391,0.005392456173178194
55,97,9,7,74,6,0.003466018301102059,0.00015914961403072552,0.0036251679151327845,0.003466018301102059
55,98,9,8,74,7,0.0010516228378156598,2.9956010792579544e-05,0.0010815788486082394,0.0010516228378156598
55,99,9,9,74,8,0.00030346170998146824,3.8608870236662015e-05,0.00034207058021813025,0.00030346170998146824
55,0,0,0,75,10,0.0002903698360952381,1.3128483850842415e-05,0.0003034983199460805,0.0002903698360952381
55,1,0,1,75,9,0.0002861667438765089,1.9646760240647576e-05,0.0003058135041171565,0.0002861667438765089
55,2,0,2,75,8,6.05701374588617e-05,1.8959438878062225e-05,7.952957633692392e-05,6.05701374588617e-05
55,3,0,3,75,7,0.0005788757376397346,1.0807371400467132e-05,0.0005896831090402018,0.0005788757376397346
55,4,0,4,75,6,0.001337246365414048,4.715315219642701e-05,0.001384399517610475,0.001337246365414048
55,5,0,5,75,5,0.0015937563561536398,6.0362356640289284e-05,0.0016541187127939291,0.0015937563561536398
55,6,0,6,75,6,0.001336939474349545,4.755950464743358e-05,0.0013844989789969786,0.001336939474349545
55,7,0,7,75,7,0.0005547356758271898,1.0536962132421179e-05,0.0005652726379596109,0.0005547356758271898
55,8,0,8,75,8,0.0001501607448820552,2.222560296129132e-05,0.0001723863478433465,0.0001501607448820552
55,9,0,9,75,9,0.000472018565915199,3.016404393969179e-05,0.0005021826098548909,0.000472018565915199
55,10,1,0,75,9,0.0002861667439825068,1.964676024221624e-05,0.00030581350422472306,0.0002861667439825068
55,11,1,1,75,8,5.1179783087198526e-05,1.1773157856000951e-05,6.295294094319947e-05,5.1179783087198526e-05
55,12,1,2,75,7,0.001054597345335653,3.5334918223848164e-05,0.0010899322635595013,0.001054597345335653
55,13,1,3,75,6,0.0027563837159439233,0.00013064891418782928,0.0028870326301317526,0.0027563837159439233
55,14,1,4,75,5,0.004018817715857561,0.0002094518071054815,0.0042282695229630424,0.004018817715857561
55,15,1,5,75,4,0.0037644236177222998,0.00018879194700063725,0.003953215564722937,0.0037644236177222998
55,16,1,6,75,5,0.004008045192532761,0.00020940867918647923,0.00421745387171924,0.004008045192532761
55,17,1,7,75,6,0.0027079863185208585,0.0001289467851358122,0.0028369331036566707,0.0027079863185208585
55,18,1,8,75,7,0.0009388823004396379,2.912236700227871e-05,0.0009680046674419167,0.0009388823004396379
55,19,1,9,75,8,7.895480547977938e-05,2.3648699151419614e-05,0.00010260350463119899,7.895480547977938e-05
55,20,2,0,75,8,6.057013751456137e-05,1.8959438879155365e-05,7.952957639371674e-05,6.057013751456137e-05
55,21,2,1,75,7,0.001054597345330143,3.533491822431355e-05,0.0010899322635544565,0.001054597345330143
55,22,2,2,75,6,0.0036346737488712607,0.0001818272006337733,0.003816500949505034,0.0036346737488712607
55,23,2,3,75,5,0.006494917710784872,0.00036973180259371543,0.0068646495133785875,0.006494917710784872
55,24,2,4,75,4,0.00521590316171436,0.0002930372355300614,0.005508940397244421,0.00521590316171436
55,25,2,5,75,3,0.0015707325114522974,0.00019405239834252325,0.0017647849097948208,0.0015707325114522974
55,26,2,6,75,4,0.0051897390005557886,0.00029221330612998767,0.005481952306685777,0.0051897390005557886
55,27,2,7,75,5,0.006416993421607724,0.00036567419148805476,0.006782667613095778,0.006416993421607724
55,28,2,8,75,6,0.0035286610035893122,0.00017254443218242993,0.003701205435771742,0.0035286610035893122
55,29,2,9,75,7,0.0012050672556343357,3.2169396589850976e-05,0.0012372366522241866,0.0012050672556343357
55,30,3,0,75,7,0.0005788757376073948,1.0807371400335999e-05,0.0005896831090077308,0.0005788757376073948
55,31,3,1,75,6,0.0027563837159235304,0.00013064891418789688,0.0028870326301114273,0.0027563837159235304
55,32,3,2,75,5,0.006494917710828857,0.0003697318025949564,0.0068646495134238135,0.006494917710828857
55,33,3,3,75,4,0.005290144911166032,0.0003149714922499885,0.0056051164034160205,0.005290144911166032
55,34,3,4,75,3,0.018108639818231152,0.0013871804578397748,0.019495820276070927,0.018108639818231152
55,35,3,5,75,2,0.05156752391126962,0.0039682167547610515,0.05553574066603067,0.05156752391126962
55,36,3,6,75,3,0.01814899312334361,0.0013889784005643106,0.019537971523907918,0.01814899312334361
55,37,3,7,75,4,0.005206783445063193,0.0003096438116705748,0.005516427256733768,0.005206783445063193
55,38,3,8,75,5,0.006490026204707435,0.0003621832270135808,0.006852209431721016,0.006490026204707435
55,39,3,9,75,6,0.0034697531845826806,0.0001527532312493649,0.0036225064158320456,0.0034697531845826806
55,40,4,0,75,6,0.0013372463653955509,4.715315219669798e-05,0.001384399517592249,0.0013372463653955509
55,41,4,1,75,5,0.0040188177158732375,0.00020945180710553503,0.004228269522978773,0.0040188177158732375
55,42,4,2,75,4,0.0052159031617416765,0.00029303723553104243,0.0055089403972727186,0.0052159031617416765
55,43,4,3,75,3,0.01810863981823446,0.0013871804578393877,0.019495820276073845,0.01810863981823446
55,44,4,4,75,2,0.10809787535466109,0.008221057959443298,0.11631893331410438,0.10809787535466109
55,45,4,5,75,1,0.17768986204286177,0.014753437640051098,0.19244329968291288,0.17768986204286177
55,46,4,6,75,2,0.10814466903446988,0.008223433383512977,0.11636810241798286,0.10814466903446988
55,47,4,7,75,3,0.018180578026245675,0.0013929593039176088,0.019573537330163284,0.018180578026245675
55,48,4,8,75,4,0.005361550880556017,0.00029129127366669743,0.005652842154222714,0.005361550880556017
55,49,4,9,75,5,0.005330825452765674,0.0002648248105017514,0.005595650263267425,0.005330825452765674
55,50,5,0,75,5,0.0015937563560993442,6.0362356639709304e-05,0.0016541187127390535,0.0015937563560993442
55,51,5,1,75,4,0.0037644236176800957,0.00018879194700006767,0.003953215564680163,0.0037644236176800957
55,52,5,2,75,3,0.0015707325114433705,0.00019405239834206192,0.0017647849097854325,0.0015707325114433705
55,53,5,3,75,2,0.05156752391131165,0.003968216754761883,0.05553574066607353,0.05156752391131165
55,54,5,4,75,1,0.17768986204290416,0.014753437640050552,0.1924432996829547,0.17768986204290416
55,55,5,5,75,0,1.085394330041253,0.0566912163266501,1.1420855463679032,1.085394330041253
55,56,5,6,75,1,0.17773275133250782,0.01475581744460808,0.1924885687771159,0.17773275133250782
55,57,5,7,75,2,0.051628820392693654,0.003973927479110137,0.05560274787180379,0.051628820392693654
55,58,5,8,75,3,0.001453043725384666,0.00019027733602062165,0.0016433210614052876,0.001453043725384666
55,59,5,9,75,4,0.005251171714920426,0.00025390857155614937,0.005505080286476575,0.005251171714920426
55,60,6,0,75,6,0.0013369394744201391,4.755950464858826e-05,0.0013844989790687274,0.0013369394744201391
55,61,6,1,75,5,0.004008045192563223,0.00020940867918621932,0.004217453871749443,0.004008045192563223
55,62,6,2,75,4,0.005189739000535036,0.0002922133061290687,0.005481952306664105,0.005189739000535036
55,63,6,3,75,3,0.018148993123355776,0.001388978400564954,0.01953797152392073,0.018148993123355776
55,64,6,4,75,2,0.10814466903453779,0.008223433383514183,0.11636810241805197,0.10814466903453779
55,65,6,5,75,1,0.17773275133261085,0.014755817444608231,0.1924885687772191,0.17773275133261085
55,66,6,6,75,2,0.1081901211614113,0.008225741707261085,0.11641586286867239,0.1081901211614113
55,67,6,7,75,3,0.018218857506884876,0.001394616989050451,0.019613474495935326,0.018218857506884876
55,68,6,8,75,4,0.005335993612024858,0.0002906458855020956,0.005626639497526953,0.005335993612024858
55,69,6,9,75,5,0.005314911491617691,0.0002648126137866662,0.005579724105404357,0.005314911491617691
55,70,7,0,75,7,0.0005547356758458095,1.0536962132351448e-05,0.000565272637978161,0.0005547356758458095
55,71,7,1,75,6,0.0027079863186129424,0.0001289467851361664,0.002836933103749109,0.0027079863186129424
55,72,7,2,75,5,0.0064169934216164355,0.0003656741914877192,0.006782667613104155,0.0064169934216164355
55,73,7,3,75,4,0.005206783445066188,0.0003096438116693962,0.005516427256735584,0.005206783445066188
55,74,7,4,75,3,0.018180578026151077,0.0013929593039164697,0.019573537330067548,0.018180578026151077
55,75,7,5,75,2,0.05162882039276624,0.003973927479111917,0.05560274787187816,0.05162882039276624
55,76,7,6,75,3,0.018218857506954855,0.001394616989051092,0.019613474496005947,0.018218857506954855
55,77,7,7,75,4,0.005125035813263147,0.0003045666743739806,0.005429602487637127,0.005125035813263147
55,78,7,8,75,5,0.006406165165369247,0.0003582228264700433,0.0067643879918392906,0.006406165165369247
55,79,7,9,75,6,0.0033972250080401187,0.00015036091471770118,0.00354758592275782,0.0033972250080401187
55,80,8,0,75,8,0.00015016074490003983,2.222560296276208e-05,0.00017238634786280192,0.00015016074490003983
55,81,8,1,75,7,0.0009388823004702894,2.9122367002092355e-05,0.0009680046674723818,0.0009388823004702894
55,82,8,2,75,6,0.00352866100360986,0.00017254443218177204,0.003701205435791632,0.00352866100360986
55,83,8,3,75,5,0.0064900262047806615,0.0003621832270135661,0.006852209431794228,0.0064900262047806615
55,84,8,4,75,4,0.005361550880654741,0.0002912912736684638,0.005652842154323204,0.005361550880654741
55,85,8,5,75,3,0.001453043725391242,0.00019027733602099085,0.001643321061412233,0.001453043725391242
55,86,8,6,75,4,0.005335993611986132,0.00029064588550127026,0.005626639497487402,0.005335993611986132
55,87,8,7,75,5,0.006406165165330081,0.0003582228264691234,0.006764387991799205,0.006406165165330081
55,88,8,8,75,6,0.0033950188235057554,0.00016246255663347043,0.003557481380139226,0.0033950188235057554
55,89,8,9,75,7,0.0010256327560023714,2.3650143036251262e-05,0.0010492828990386228,0.0010256327560023714
55,90,9,0,75,9,0.00047201856574723177,3.016404393836842e-05,0.0005021826096856002,0.00047201856574723177
55,91,9,1,75,8,7.895480539321871e-05,2.3648699151551203e-05,0.00010260350454476992,7.895480539321871e-05
55,92,9,2,75,7,0.001205067255575836,3.2169396588494314e-05,0.0012372366521643304,0.001205067255575836
55,93,9,3,75,6,0.003469753184546552,0.00015275323124910986,0.003622506415795662,0.003469753184546552
55,94,9,4,75,5,0.005330825452859539,0.0002648248105030504,0.005595650263362589,0.005330825452859539
55,95,9,5,75,4,0.005251171714899866,0.00025390857155624944,0.005505080286456115,0.005251171714899866
55,96,9,6,75,5,0.005314911491624087,0.00026481261378634576,0.005579724105410433,0.005314911491624087
55,97,9,7,75,6,0.0033972250079863614,0.0001503609147164609,0.0035475859227028224,0.0033972250079863614
55,98,9,8,75,7,0.0010256327560001107,2.365014303641535e-05,0.0010492828990365261,0.0010256327560001107
55,99,9,9,75,8,0.000295649362103205,4.274718256427522e-05,0.0003383965446674802,0.000295649362103205
55,0,0,0,76,10,0.0002819266790821242,1.2692213201108645e-05,0.00029461889228323283,0.0002819266790821242
55,1,0,1,76,9,0.00027818666735546915,2.0162192959951353e-05,0.0002983488603154205,0.00027818666735546915
55,2,0,2,76,8,6.0397156065557726e-05,2.1328557507213507e-05,8.172571357277123e-05,6.0397156065557726e-05
55,3,0,3,76,7,0.000562097009638651,8.571663342781178e-06,0.0005706686729814322,0.000562097009638651
55,4,0,4,76,6,0.0013063509809362849,4.18053863885434e-05,0.0013481563673248282,0.0013063509809362849
55,5,0,5,76,5,0.0015606960245736067,5.523246291815384e-05,0.0016159284874917605,0.0015606960245736067
55,6,0,6,76,6,0.0013058284465487782,4.226996336970995e-05,0.001348098409918488,0.0013058284465487782
55,7,0,7,76,7,0.000538337040457516,8.35089304973763e-06,0.0005466879335072536,0.000538337040457516
55,8,0,8,76,8,0.00014734606944995633,2.4392095462639807e-05,0.00017173816491259614,0.00014734606944995633
55,9,0,9,76,9,0.0004580776816546302,3.0687138012390923e-05,0.0004887648196670211,0.0004580776816546302
55,10,1,0,76,9,0.0002781866674598207,2.016219296150747e-05,0.00029834886042132814,0.0002781866674598207
55,11,1,1,76,8,4.823300098921041e-05,1.3915387287367296e-05,6.214838827657771e-05,4.823300098921041e-05
55,12,1,2,76,7,0.0010247735411381765,3.059369571845253e-05,0.001055367236856629,0.0010247735411381765
55,13,1,3,76,6,0.002698331659183171,0.0001249988745133972,0.0028233305336965685,0.002698331659183171
55,14,1,4,76,5,0.003962037041900732,0.00020763437905059557,0.004169671420951327,0.003962037041900732
55,15,1,5,76,4,0.0037239310133523203,0.00019098131640927607,0.003914912329761596,0.0037239310133523203
55,16,1,6,76,5,0.003951420522443704,0.00020766770403699727,0.004159088226480701,0.003951420522443704
55,17,1,7,76,6,0.002651230008273671,0.00012343490097379547,0.0027746649092474664,0.002651230008273671
55,18,1,8,76,7,0.0009125785025207288,2.4485566862562607e-05,0.0009370640693832915,0.0009125785025207288
55,19,1,9,76,8,7.887077226674824e-05,2.6595835200007965e-05,0.0001054666074667562,7.887077226674824e-05
55,20,2,0,76,8,6.0397156118991776e-05,2.132855750824848e-05,8.172571362724025e-05,6.0397156118991776e-05
55,21,2,1,76,7,0.001024773541133485,3.0593695718926984e-05,0.0010553672368524118,0.001024773541133485
55,22,2,2,76,6,0.0035593460437073486,0.0001759026603741877,0.003735248704081536,0.0035593460437073486
55,23,2,3,76,5,0.006424960856636586,0.0003733496264940204,0.006798310483130606,0.006424960856636586
55,24,2,4,76,4,0.005260143441859194,0.00032028644386243154,0.005580429885721626,0.005260143441859194
55,25,2,5,76,3,0.001510112709271355,0.0001592777455675767,0.0016693904548389317,0.001510112709271355
55,26,2,6,76,4,0.005234668128450935,0.00031952964710206864,0.005554197775553004,0.005234668128450935
55,27,2,7,76,5,0.0063493854572828886,0.000369335696828165,0.006718721154111053,0.0063493854572828886
55,28,2,8,76,6,0.0034563964717158223,0.0001661366514768525,0.0036225331231926746,0.0034563964717158223
55,29,2,9,76,7,0.001169573496676177,2.584439645574476e-05,0.0011954178931319218,0.001169573496676177
55,30,3,0,76,7,0.0005620970096084715,8.571663342697293e-06,0.0005706686729511687,0.0005620970096084715
55,31,3,1,76,6,0.0026983316591637483,0.00012499887451346273,0.002823330533677211,0.0026983316591637483
55,32,3,2,76,5,0.00642496085668031,0.0003733496264952677,0.006798310483175578,0.00642496085668031
55,33,3,3,76,4,0.005404495431076593,0.00035710862730257693,0.0057616040583791705,0.005404495431076593
55,34,3,4,76,3,0.01760985606080829,0.0012642307532143397,0.01887408681402263,0.01760985606080829
55,35,3,5,76,2,0.05118356762084493,0.003807364332095681,0.05499093195294061,0.05118356762084493
55,36,3,6,76,3,0.017649025207629145,0.0012659633906688906,0.018914988598298037,0.017649025207629145
55,37,3,7,76,4,0.005323427703526997,0.0003515293345458778,0.005674957038072874,0.005323427703526997
55,38,3,8,76,5,0.00641983963878546,0.0003646603820185008,0.006784500020803962,0.00641983963878546
55,39,3,9,76,6,0.003391423759990307,0.00014371096240060581,0.003535134722390913,0.003391423759990307
55,40,4,0,76,6,0.0013063509809192048,4.180538638885066e-05,0.0013481563673080554,0.0013063509809192048
55,41,4,1,76,5,0.003962037041916971,0.00020763437905067008,0.004169671420967641,0.003962037041916971
55,42,4,2,76,4,0.0052601434418859715,0.0003202864438633955,0.005580429885749367,0.0052601434418859715
55,43,4,3,76,3,0.017609856060811974,0.0012642307532139746,0.01887408681402595,0.017609856060811974
55,44,4,4,76,2,0.10752797254840102,0.007963643360034568,0.11549161590843558,0.10752797254840102
55,45,4,5,76,1,0.18011374107747366,0.01459613374209827,0.19470987481957194,0.18011374107747366
55,46,4,6,76,2,0.10757340182883521,0.007965991543824902,0.11553939337266012,0.10757340182883521
55,47,4,7,76,3,0.017679582445352057,0.0012702744932772709,0.018949856938629328,0.017679582445352057
55,48,4,8,76,4,0.00540177316345243,0.0003170537224103565,0.0057188268858627865,0.00540177316345243
55,49,4,9,76,5,0.005243758982802995,0.0002593554798388094,0.005503114462641804,0.005243758982802995
55,50,5,0,76,5,0.0015606960245199836,5.523246291757741e-05,0.001615928487437561,0.0015606960245199836
55,51,5,1,76,4,0.0037239310133102828,0.00019098131640867908,0.003914912329718962,0.0037239310133102828
55,52,5,2,76,3,0.001510112709263462,0.0001592777455671965,0.0016693904548306586,0.001510112709263462
55,53,5,3,76,2,0.05118356762088718,0.0038073643320965357,0.05499093195298372,0.05118356762088718
55,54,5,4,76,1,0.18011374107751635,0.014596133742097757,0.1947098748196141,0.18011374107751635
55,55,5,5,76,0,1.060981088906565,0.055689906859735044,1.1166709957663,1.060981088906565
55,56,5,6,76,1,0.18015548801488787,0.014598499664557339,0.1947539876794452,0.18015548801488787
55,57,5,7,76,2,0.05124296840145928,0.0038134470888351118,0.05505641549029439,0.05124296840145928
55,58,5,8,76,3,0.0014081742712669823,0.0001565990300023567,0.001564773301269339,0.0014081742712669823
55,59,5,9,76,4,0.005179771663666739,0.00025291311528493514,0.005432684778951674,0.005179771663666739
55,60,6,0,76,6,0.0013058284466183987,4.2269963370870055e-05,0.0013480984099892687,0.0013058284466183987
55,61,6,1,76,5,0.003951420522473604,0.00020766770403672936,0.004159088226510333,0.003951420522473604
55,62,6,2,76,4,0.005234668128429983,0.0003195296471011306,0.005554197775531114,0.005234668128429983
55,63,6,3,76,3,0.017649025207641195,0.0012659633906695082,0.018914988598310704,0.017649025207641195
55,64,6,4,76,2,0.1075734018289029,0.007965991543826123,0.11553939337272903,0.1075734018289029
55,65,6,5,76,1,0.18015548801499084,0.014598499664557524,0.19475398767954838,0.18015548801499084
55,66,6,6,76,2,0.10761753995428562,0.007968272157091855,0.11558581211137747,0.10761753995428562
55,67,6,7,76,3,0.0177167829255451,0.0012718617343959503,0.01898864465994105,0.0177167829255451
55,68,6,8,76,4,0.005376799780271682,0.0003164971222805965,0.005693296902552279,0.005376799780271682
55,69,6,9,76,5,0.005228046310081436,0.0002594613080761279,0.005487507618157564,0.005228046310081436
55,70,7,0,76,7,0.0005383370404745989,8.350893049753019e-06,0.0005466879335243519,0.0005383370404745989
55,71,7,1,76,6,0.002651230008364453,0.00012343490097416147,0.0027746649093386144,0.002651230008364453
55,72,7,2,76,5,0.006349385457291198,0.00036933569682782823,0.006718721154119026,0.006349385457291198
55,73,7,3,76,4,0.005323427703530045,0.00035152933454466584,0.005674957038074711,0.005323427703530045
55,74,7,4,76,3,0.017679582445258,0.0012702744932760824,0.01894985693853408,0.017679582445258
55,75,7,5,76,2,0.05124296840153121,0.0038134470888368894,0.0550564154903681,0.05124296840153121
55,76,7,6,76,3,0.017716782925614398,0.001271861734396595,0.018988644660010993,0.017716782925614398
55,77,7,7,76,4,0.005243813301871653,0.00034622140311501583,0.005590034704986669,0.005243813301871653
55,78,7,8,76,5,0.0063383540215275645,0.00036079980325573073,0.006699153824783295,0.0063383540215275645
55,79,7,9,76,6,0.003320834363443675,0.00014154058891212786,0.0034623749523558026,0.003320834363443675
55,80,8,0,76,8,0.00014734606947002142,2.4392095464197233e-05,0.00017173816493421865,0.00014734606947002142
55,81,8,1,76,7,0.0009125785025497522,2.4485566862343043e-05,0.0009370640694120953,0.0009125785025497522
55,82,8,2,76,6,0.003456396471735788,0.00016613665147619756,0.0036225331232119856,0.003456396471735788
55,83,8,3,76,5,0.0064198396388583006,0.00036466038201852206,0.006784500020876823,0.0064198396388583006
55,84,8,4,76,4,0.0054017731635503455,0.00031705372241213876,0.005718826885962485,0.0054017731635503455
55,85,8,5,76,3,0.001408174271269261,0.0001565990300026549,0.001564773301271916,0.001408174271269261
55,86,8,6,76,4,0.005376799780233519,0.0003164971222797886,0.005693296902513308,0.005376799780233519
55,87,8,7,76,5,0.006338354021488973,0.0003607998032548222,0.006699153824743795,0.006338354021488973
55,88,8,8,76,6,0.0033265719820298636,0.00015566641838142778,0.0034822384004112913,0.0033265719820298636
55,89,8,9,76,7,0.0009957716041768953,1.813059950087636e-05,0.0010139022036777716,0.0009957716041768953
55,90,9,0,76,9,0.00045807768149020377,3.068713801111334e-05,0.0004887648195013171,0.00045807768149020377
55,91,9,1,76,8,7.887077218216163e-05,2.659583520016454e-05,0.00010546660738232618,7.887077218216163e-05
55,92,9,2,76,7,0.0011695734966172715,2.584439645448617e-05,0.0011954178930717577,0.0011695734966172715
55,93,9,3,76,6,0.0033914237599537026,0.00014371096240031758,0.00353513472235402,0.0033914237599537026
55,94,9,4,76,5,0.005243758982895799,0.0002593554798401137,0.005503114462735913,0.005243758982895799
55,95,9,5,76,4,0.0051797716636458845,0.00025291311528501294,0.005432684778930897,0.0051797716636458845
55,96,9,6,76,5,0.0052280463100881636,0.00025946130807583264,0.0054875076181639965,0.0052280463100881636
55,97,9,7,76,6,0.0033208343633906964,0.000141540588910902,0.0034623749523015985,0.0033208343633906964
55,98,9,8,76,7,0.000995771604174775,1.813059950101352e-05,0.0010139022036757886,0.000995771604174775
55,99,9,9,76,8,0.00028887308093684266,4.667529609418751e-05,0.00033554837703103017,0.00028887308093684266
55,0,0,0,77,10,0.0002727212835841238,1.2231235699040506e-05,0.0002849525192831643,0.0002727212835841238
55,1,0,1,77,9,0.00026992145261875043,2.0609251420146176e-05,0.0002905307040388966,0.00026992145261875043
55,2,0,2,77,8,6.1004704492756145e-05,2.3589491724248e-05,8.459419621700415e-05,6.1004704492756145e-05
55,3,0,3,77,7,0.0005430030193116596,8.453479168244972e-06,0.0005514564984799046,0.0005430030193116596
55,4,0,4,77,6,0.0012719313723321792,3.6581691583296355e-05,0.0013085130639154756,0.0012719313723321792
55,5,0,5,77,5,0.0015237983840959853,5.016336275571548e-05,0.0015739617468517007,0.0015237983840959853
55,6,0,6,77,6,0.0012712255162553485,3.709937163698794e-05,0.0013083248878923365,0.0012712255162553485
55,7,0,7,77,7,0.0005197609570478365,8.178914023950968e-06,0.0005279398710717875,0.0005197609570478365
55,8,0,8,77,8,0.00014504083553659535,2.643865396923964e-05,0.000171479489505835,0.00014504083553659535
55,9,0,9,77,9,0.0004435205091225725,3.111294678383088e-05,0.00047463345590640336,0.0004435205091225725
55,10,1,0,77,9,0.00026992145272147,2.0609251421689653e-05,0.0002905307041431597,0.00026992145272147
55,11,1,1,77,8,4.460236970537259e-05,1.5997497658380782e-05,6.059986736375337e-05,4.460236970537259e-05
55,12,1,2,77,7,0.0009920153466279414,2.601029588434571e-05,0.0010180256425122872,0.0009920153466279414
55,13,1,3,77,6,0.002635203608360405,0.00011927453438101606,0.002754478142741421,0.002635203608360405
55,14,1,4,77,5,0.0038995420019399224,0.00020545056904440318,0.004104992570984326,0.0038995420019399224
55,15,1,5,77,4,0.003678563797061224,0.00019266735444594654,0.0038712311515071707,0.003678563797061224
55,16,1,6,77,5,0.003889142996825784,0.00020555863453122178,0.004094701631357006,0.003889142996825784
55,17,1,7,77,6,0.002589563063721704,0.00011784980755821664,0.002707412871279921,0.002589563063721704
55,18,1,8,77,7,0.0008835543118435295,2.008510878215413e-05,0.0009036394206256836,0.0008835543118435295
55,19,1,9,77,8,7.972873194656821e-05,2.9407689866069812e-05,0.00010913642181263802,7.972873194656821e-05
55,20,2,0,77,8,6.100470454403655e-05,2.358949172522594e-05,8.459419626926249e-05,6.100470454403655e-05
55,21,2,1,77,7,0.00099201534662404,2.6010295884822702e-05,0.0010180256425088626,0.00099201534662404
55,22,2,2,77,6,0.003477926506235222,0.00016980611449179955,0.0036477326207270213,0.003477926506235222
55,23,2,3,77,5,0.006347965366586163,0.0003761037487887053,0.0067240691153748686,0.006347965366586163
55,24,2,4,77,4,0.0053029883506606436,0.0003461126213527192,0.005649100972013363,0.0053029883506606436
55,25,2,5,77,3,0.0014541610374590864,0.00013271087105336097,0.0015868719085124475,0.0014541610374590864
55,26,2,6,77,4,0.005278298173365192,0.0003454272198709729,0.0056237253932361645,0.005278298173365192
55,27,2,7,77,5,0.006274906526816827,0.00037214360646745467,0.006647050133284282,0.006274906526816827
55,28,2,8,77,6,0.0033780030755077833,0.0001595964640092546,0.003537599539517038,0.0033780030755077833
55,29,2,9,77,7,0.0011301084883498114,2.0149686804566737e-05,0.0011502581751543781,0.0011301084883498114
55,30,3,0,77,7,0.0005430030192835608,8.453479168174687e-06,0.0005514564984517355,0.0005430030192835608
55,31,3,1,77,6,0.00263520360834192,0.0001192745343810785,0.0027544781427229982,0.00263520360834192
55,32,3,2,77,5,0.0063479653666296204,0.0003761037487899579,0.0067240691154195785,0.0063479653666296204
55,33,3,3,77,4,0.005521032833256987,0.00039797980714594553,0.0059190126404029325,0.005521032833256987
55,34,3,4,77,3,0.01707602030574531,0.001145567805427431,0.018221588111172738,0.01707602030574531
55,35,3,5,77,2,0.05071814206150546,0.003649492013752319,0.05436763407525778,0.05071814206150546
55,36,3,6,77,3,0.017113891051185406,0.0011472303078190102,0.018261121359004415,0.017113891051185406
55,37,3,7,77,4,0.00544238822337435,0.0003922080750236895,0.005834596298398039,0.00544238822337435
55,38,3,8,77,5,0.0063421825634598,0.0003663283855332089,0.006708510948993008,0.0063421825634598
55,39,3,9,77,6,0.003305866143689068,0.00013466440872444982,0.003440530552413518,0.003305866143689068
55,40,4,0,77,6,0.0012719313723164548,3.6581691583634775e-05,0.0013085130639000895,0.0012719313723164548
55,41,4,1,77,5,0.0038995420019567015,0.0002054505690444974,0.004104992571001199,0.0038995420019567015
55,42,4,2,77,4,0.005302988350686894,0.00034611262135366403,0.005649100972040558,0.005302988350686894
55,43,4,3,77,3,0.017076020305749347,0.0011455678054270858,0.018221588111176433,0.017076020305749347
55,44,4,4,77,2,0.10680055137363934,0.007709051983326684,0.11450960335696601,0.10680055137363934
55,45,4,5,77,1,0.1822437935936716,0.014435218041676967,0.19667901163534857,0.1822437935936716
55,46,4,6,77,2,0.10684450471770529,0.007711366916827638,0.11455587163453293,0.10684450471770529
55,47,4,7,77,3,0.017143505897039373,0.0011518372574644312,0.018295343154503804,0.017143505897039373
55,48,4,8,77,4,0.00543981205141051,0.0003414146217110279,0.005781226673121538,0.00543981205141051
55,49,4,9,77,5,0.0051480502046884,0.0002535231009460432,0.005401573305634444,0.0051480502046884
55,50,5,0,77,5,0.0015237983840430149,5.016336275514275e-05,0.0015739617467981576,0.0015237983840430149
55,51,5,1,77,4,0.003678563797019364,0.00019266735444532337,0.0038712311514646873,0.003678563797019364
55,52,5,2,77,3,0.001454161037452288,0.00013271087105310562,0.0015868719085053936,0.001454161037452288
55,53,5,3,77,2,0.0507181420615479,0.003649492013753202,0.054367634075301104,0.0507181420615479
55,54,5,4,77,1,0.1822437935937145,0.014435218041676481,0.19667901163539098,0.1822437935937145
55,55,5,5,77,0,1.0373578538281543,0.05471467710507367,1.092072530933228,1.0373578538281543
55,56,5,6,77,1,0.18228427275081177,0.014437563487096036,0.19672183623790782,0.18228427275081177
55,57,5,7,77,2,0.05077566534199269,0.003655919207763381,0.05443158454975607,0.05077566534199269
55,58,5,8,77,3,0.001369859002689559,0.00013059500179356378,0.0015004540044831229,0.001369859002689559
55,59,5,9,77,4,0.0051004271335962316,0.00025137748675867894,0.005351804620354911,0.0051004271335962316
55,60,6,0,77,6,0.0012712255163239837,3.709937163814766e-05,0.0013083248879621314,0.0012712255163239837
55,61,6,1,77,5,0.0038891429968551314,0.00020555863453094677,0.004094701631386078,0.0038891429968551314
55,62,6,2,77,4,0.005278298173344066,0.00034542721987001974,0.005623725393214086,0.005278298173344066
55,63,6,3,77,3,0.017113891051197313,0.0011472303078196014,0.018261121359016915,0.017113891051197313
55,64,6,4,77,2,0.10684450471777276,0.007711366916828881,0.11455587163460165,0.10684450471777276
55,65,6,5,77,1,0.1822842727509147,0.014437563487096277,0.19672183623801096,0.1822842727509147
55,66,6,6,77,2,0.10688722191901791,0.007713614015896796,0.1146008359349147,0.10688722191901791
55,67,6,7,77,3,0.017179516827617154,0.0011533500922257117,0.018332866919842865,0.017179516827617154
55,68,6,8,77,4,0.00541552780163754,0.0003409497684589558,0.0057564775700964955,0.00541552780163754
55,69,6,9,77,5,0.005132636565588975,0.00025374416830127426,0.005386380733890249,0.005132636565588975
55,70,7,0,77,7,0.0005197609570634228,8.178914024114727e-06,0.0005279398710875376,0.0005197609570634228
55,71,7,1,77,6,0.0025895630638111964,0.00011784980755859483,0.002707412871369791,0.0025895630638111964
55,72,7,2,77,5,0.006274906526824745,0.00037214360646711716,0.006647050133291862,0.006274906526824745
55,73,7,3,77,4,0.005442388223377454,0.0003922080750224571,0.005834596298399911,0.005442388223377454
55,74,7,4,77,3,0.017143505896945913,0.0011518372574632026,0.018295343154409116,0.017143505896945913
55,75,7,5,77,2,0.050775665342063965,0.0036559192077651524,0.05443158454982912,0.050775665342063965
55,76,7,6,77,3,0.017179516827685724,0.0011533500922263574,0.01833286691991208,0.017179516827685724
55,77,7,7,77,4,0.0053650445318231405,0.0003867285877599072,0.005751773119583047,0.0053650445318231405
55,78,7,8,77,5,0.006263285609738853,0.00036257619183848144,0.006625861801577334,0.006263285609738853
55,79,7,9,77,6,0.0032374809734144047,0.00013271663733740522,0.00337019761075181,0.0032374809734144047
55,80,8,0,77,8,0.00014504083555866363,2.6438653970877505e-05,0.00017147948952954113,0.00014504083555866363
55,81,8,1,77,7,0.0008835543118709658,2.0085108781911784e-05,0.0009036394206528776,0.0008835543118709658
55,82,8,2,77,6,0.003378003075527176,0.00015959646400860375,0.00353759953953578,0.003378003075527176
55,83,8,3,77,5,0.006342182563532237,0.00036632838553326506,0.006708510949065502,0.006342182563532237
55,84,8,4,77,4,0.005439812051507592,0.00034141462171282267,0.005781226673220415,0.005439812051507592
55,85,8,5,77,3,0.0013698590026870576,0.00013059500179373707,0.0015004540044807947,0.0013698590026870576
55,86,8,6,77,4,0.0054155278015999555,0.000340949768458167,0.0057564775700581225,0.0054155278015999555
55,87,8,7,77,5,0.006263285609700847,0.0003625761918375852,0.006625861801538431,0.006263285609700847
55,88,8,8,77,6,0.0032520716723778986,0.0001487775478738633,0.0034008492202517618,0.0032520716723778986
55,89,8,9,77,7,0.0009623097841232909,1.4078242907775086e-05,0.000976388027031066,0.0009623097841232909
55,90,9,0,77,9,0.00044352050896163936,3.1112946782595774e-05,0.0004746334557442351,0.00044352050896163936
55,91,9,1,77,8,7.972873186389985e-05,2.94076898662481e-05,0.00010913642173014795,7.972873186389985e-05
55,92,9,2,77,7,0.00113010848829054,2.0149686803513024e-05,0.0011502581750940531,0.00113010848829054
55,93,9,3,77,6,0.0033058661436519993,0.00013466440872413036,0.00344053055237613,0.0033058661436519993
55,94,9,4,77,5,0.005148050204780128,0.00025352310094735125,0.00540157330572748,0.005148050204780128
55,95,9,5,77,4,0.005100427133575097,0.00025137748675873553,0.005351804620333833,0.005100427133575097
55,96,9,6,77,5,0.0051326365655960495,0.0002537441683010041,0.005386380733897054,0.0051326365655960495
55,97,9,7,77,6,0.003237480973362224,0.0001327166373361951,0.0033701976106984195,0.003237480973362224
55,98,9,8,77,7,0.0009623097841213162,1.407824290784298e-05,0.0009763880270291592,0.0009623097841213162
55,99,9,9,77,8,0.00028315605347102303,5.0382176932646106e-05,0.00033353823040366916,0.00028315605347102303
55,0,0,0,78,10,0.00026282908031132455,1.174769288959081e-05,0.00027457677320091536,0.00026282908031132455
55,1,0,1,78,9,0.0002614268201431436,2.098844421686306e-05,0.00028241526436000665,0.0002614268201431436
55,2,0,2,78,8,6.237389900795652e-05,2.5733846623429924e-05,8.810774563138644e-05,6.237389900795652e-05
55,3,0,3,78,7,0.0005217604550793883,1.0341648598056066e-05,0.0005321021036774444,0.0005217604550793883
55,4,0,4,78,6,0.001234264693240831,3.1510374997096954e-05,0.001265775068237928,0.001234264693240831
55,5,0,5,78,5,0.0014833670794896872,4.517238784671039e-05,0.0015285394673363976,0.0014833670794896872
55,6,0,6,78,6,0.0012334089764203947,3.207438300854746e-05,0.001265483359428942,0.0012334089764203947
55,7,0,7,78,7,0.0004991683509571738,9.945909072021016e-06,0.0005091142600291949,0.0004991683509571738
55,8,0,8,78,8,0.0001432468731688883,2.8360568857871652e-05,0.00017160744202675995,0.0001432468731688883
55,9,0,9,78,9,0.000428450747924813,3.144269998254862e-05,0.0004598934479073616,0.000428450747924813
55,10,1,0,78,9,0.0002614268202442464,2.098844421839384e-05,0.00028241526446264026,0.0002614268202442464
55,11,1,1,78,8,4.040495836774458e-05,1.799992242544575e-05,5.840488079319033e-05,4.040495836774458e-05
55,12,1,2,78,7,0.0009565795456398725,2.1633529283723425e-05,0.0009782130749235959,0.0009565795456398725
55,13,1,3,78,6,0.002567467121611847,0.0001134948401276767,0.0026809619617395235,0.002567467121611847
55,14,1,4,78,5,0.0038318372494467127,0.00020292217223428404,0.004034759421680996,0.0038318372494467127
55,15,1,5,78,4,0.00362874658953361,0.000193869491206849,0.0038226160807404586,0.00362874658953361
55,16,1,6,78,5,0.0038217149221972404,0.00020310303888554056,0.004024817961082781,0.0038217149221972404
55,17,1,7,78,6,0.002523440292030512,0.00011220993095680036,0.002635650222987312,0.002523440292030512
55,18,1,8,78,7,0.0008520383840266991,1.6026508137387675e-05,0.0008680648921640867,0.0008520383840266991
55,19,1,9,78,8,8.15046942894141e-05,3.20738838049428e-05,0.00011357857809435689,8.15046942894141e-05
55,20,2,0,78,8,6.237389905717962e-05,2.5733846624352658e-05,8.810774568153228e-05,6.237389905717962e-05
55,21,2,1,78,7,0.0009565795456367327,2.163352928419275e-05,0.0009782130749209255,0.0009565795456367327
55,22,2,2,78,6,0.003391005229683413,0.00016356005510955596,0.0035545652847929687,0.003391005229683413
55,23,2,3,78,5,0.00626456802902947,0.0003780218694642197,0.006642589898493689,0.00626456802902947
55,24,2,4,78,4,0.0053444769979799555,0.0003704505062614179,0.005714927504241373,0.0053444769979799555
55,25,2,5,78,3,0.0014055510222488786,0.00011775121336608037,0.001523302235614959,0.0014055510222488786
55,26,2,6,78,4,0.00532066128294665,0.00036983925170579993,0.005690500534652449,0.00532066128294665
55,27,2,7,78,5,0.0061941738428064295,0.00037412519534102726,0.006568299038147457,0.0061941738428064295
55,28,2,8,78,6,0.0032940538000541682,0.00015294677255254082,0.003447000572606709,0.0032940538000541682
55,29,2,9,78,7,0.00108699759123443,1.5567360944994415e-05,0.0011025649521794244,0.00108699759123443
55,30,3,0,78,7,0.0005217604550532905,1.0341648597963337e-05,0.0005321021036512538,0.0005217604550532905
55,31,3,1,78,6,0.0025674671215942663,0.00011349484012773493,0.002680961961722001,0.0025674671215942663
55,32,3,2,78,5,0.00626456802907265,0.00037802186946547643,0.006642589898538127,0.00626456802907265
55,33,3,3,78,4,0.00563942566954769,0.0004372097328958117,0.006076635402443502,0.00563942566954769
55,34,3,4,78,3,0.01651046358239918,0.0010314458860012105,0.01754190946840039,0.01651046358239918
55,35,3,5,78,2,0.050176854711076774,0.0034947855664834056,0.053671640277560176,0.050176854711076774
55,36,3,6,78,3,0.016546932366671662,0.0010330332356396023,0.017579965602311263,0.016546932366671662
55,37,3,7,78,4,0.005563314151350611,0.00043128895861554984,0.005994603109966161,0.005563314151350611
55,38,3,8,78,5,0.006257705509767298,0.0003672166876557809,0.00662492219742308,0.006257705509767298
55,39,3,9,78,6,0.003213728354095027,0.00012564129889104151,0.0033393696529860684,0.003213728354095027
55,40,4,0,78,6,0.0012342646932264015,3.1510374997460664e-05,0.0012657750682238621,0.0012342646932264015
55,41,4,1,78,5,0.0038318372494640087,0.00020292217223439693,0.004034759421698406,0.0038318372494640087
55,42,4,2,78,4,0.005344476998005693,0.00037045050626234306,0.005714927504268036,0.005344476998005693
55,43,4,3,78,3,0.01651046358240354,0.0010314458860008857,0.017541909468404428,0.01651046358240354
55,44,4,4,78,2,0.10592607182753837,0.007457650340735123,0.11338372216827348,0.10592607182753837
55,45,4,5,78,1,0.18409214633627258,0.014271328611206929,0.1983634749474795,0.18409214633627258
55,46,4,6,78,2,0.10596844958183078,0.007459926279364106,0.11342837586119489,0.10596844958183078
55,47,4,7,78,3,0.01657569306724826,0.0010378967497692698,0.017613589817017532,0.01657569306724826
55,48,4,8,78,4,0.005475751181711559,0.00036432280159981743,0.005840073983311376,0.005475751181711559
55,49,4,9,78,5,0.005044460869929619,0.0002473598255298375,0.0052918206954594565,0.005044460869929619
55,50,5,0,78,5,0.0014833670794373506,4.5172387846141976e-05,0.0015285394672834925,0.0014833670794373506
55,51,5,1,78,4,0.003628746589491938,0.00019386949120620117,0.003822616080698139,0.003628746589491938
55,52,5,2,78,3,0.0014055510222432393,0.00011775121336600147,0.0015233022356092407,0.0014055510222432393
55,53,5,3,78,2,0.05017685471111936,0.003494785566484309,0.05367164027760367,0.05017685471111936
55,54,5,4,78,1,0.18409214633631568,0.014271328611206474,0.19836347494752216,0.18409214633631568
55,55,5,5,78,0,1.0144956728115402,0.053764302312467066,1.0682599751240072,1.0144956728115402
55,56,5,6,78,1,0.1841312467080015,0.01427364722923022,0.1984048939372317,0.1841312467080015
55,57,5,7,78,2,0.050232530513425425,0.003501529303693583,0.053734059817119005,0.050232530513425425
55,58,5,8,78,3,0.0013404252431010978,0.00011538831351720394,0.0014558135566183016,0.0013404252431010978
55,59,5,9,78,4,0.005013832569755987,0.0002493322659515243,0.005263164835707512,0.005013832569755987
55,60,6,0,78,6,0.0012334089764880337,3.207438300969847e-05,0.0012654833594977321,0.0012334089764880337
55,61,6,1,78,5,0.0038217149222260468,0.00020310303888525954,0.004024817961111306,0.0038217149222260468
55,62,6,2,78,4,0.005320661282925377,0.00036983925170483493,0.005690500534630212,0.005320661282925377
55,63,6,3,78,3,0.016546932366683413,0.0010330332356401648,0.01757996560232358,0.016546932366683413
55,64,6,4,78,2,0.10596844958189801,0.007459926279365366,0.11342837586126338,0.10596844958189801
55,65,6,5,78,1,0.18413124670810432,0.014273647229230494,0.19840489393733482,0.18413124670810432
55,66,6,6,78,2,0.10600965030013287,0.007462134325064313,0.11347178462519719,0.10600965030013287
55,67,6,7,78,3,0.016610413594690506,0.0010393311677480567,0.017649744762438562,0.016610413594690506
55,68,6,8,78,4,0.005452255087556234,0.0003639512217733178,0.005816206309329552,0.005452255087556234
55,69,6,9,78,5,0.005029440564408095,0.00024769299697397846,0.0052771335613820735,0.005029440564408095
55,70,7,0,78,7,0.0004991683509713056,9.945909072306619e-06,0.0005091142600436123,0.0004991683509713056
55,71,7,1,78,6,0.0025234402921187273,0.00011220993095719128,0.0026356502230759186,0.0025234402921187273
55,72,7,2,78,5,0.006194173842813964,0.00037412519534069,0.0065682990381546544,0.006194173842813964
55,73,7,3,78,4,0.005563314151353773,0.0004312889586143057,0.005994603109968079,0.005563314151353773
55,74,7,4,78,3,0.016575693067155464,0.0010378967497680087,0.017613589816923472,0.016575693067155464
55,75,7,5,78,2,0.05023253051349604,0.0035015293036953525,0.05373405981719139,0.05023253051349604
55,76,7,6,78,3,0.016610413594758303,0.001039331167748697,0.017649744762507,0.016610413594758303
55,77,7,7,78,4,0.005488360428084672,0.0004256807074467668,0.005914041135531439,0.005488360428084672
55,78,7,8,78,5,0.006181589770941267,0.00036358085380614667,0.006545170624747414,0.006181589770941267
55,79,7,9,78,6,0.0031477929683021637,0.0001239159185878149,0.0032717088868899785,0.0031477929683021637
55,80,8,0,78,8,0.00014324687319288118,2.836056885958393e-05,0.0001716074420524651,0.00014324687319288118
55,81,8,1,78,7,0.0008520383840525906,1.6026508137140135e-05,0.0008680648921897307,0.0008520383840525906
55,82,8,2,78,6,0.003294053800072999,0.0001529467725518955,0.0034470005726248945,0.003294053800072999
55,83,8,3,78,5,0.006257705509839315,0.00036721668765587166,0.006624922197495187,0.006257705509839315
55,84,8,4,78,4,0.005475751181807783,0.0003643228016016227,0.005840073983409406,0.005475751181807783
55,85,8,5,78,3,0.0013404252430934012,0.00011538831351718946,0.0014558135566105908,0.0013404252430934012
55,86,8,6,78,4,0.005452255087519242,0.00036395122177254884,0.005816206309291791,0.005452255087519242
55,87,8,7,78,5,0.006181589770903856,0.00036358085380526364,0.00654517062470912,0.006181589770903856
55,88,8,8,78,6,0.003172065532162815,0.00014181898465511102,0.003313884516817926,0.003172065532162815
55,89,8,9,78,7,0.0009255259435543746,1.2643432441567416e-05,0.0009381693759959419,0.0009255259435543746
55,90,9,0,78,9,0.00042845074776732325,3.1442699981352776e-05,0.00045989344774867604,0.00042845074776732325
55,91,9,1,78,8,8.150469420861901e-05,3.207388380513972e-05,0.00011357857801375874,8.150469420861901e-05
55,92,9,2,78,7,0.0010869975911748362,1.5567360944361285e-05,0.0011025649521191976,0.0010869975911748362
55,93,9,3,78,6,0.0032137283540575063,0.00012564129889069275,0.003339369652948199,0.0032137283540575063
55,94,9,4,78,5,0.005044460870020258,0.00024735982553114843,0.005291820695551406,0.005044460870020258
55,95,9,5,78,4,0.005013832569734587,0.00024933226595156004,0.005263164835686147,0.005013832569734587
55,96,9,6,78,5,0.005029440564415529,0.0002476929969737339,0.005277133561389263,0.005029440564415529
55,97,9,7,78,6,0.0031477929682507976,0.00012391591858662218,0.00327170888683742,0.0031477929682507976
55,98,9,8,78,7,0.0009255259435525509,1.264343244151244e-05,0.0009381693759940633,0.0009255259435525509
55,99,9,9,78,8,0.00027850681260342046,5.3859781193889735e-05,0.0003323665937973102,0.00027850681260342046
55,0,0,0,79,10,0.00025232521189612344,1.1243713800160152e-05,0.0002635689256962836,0.00025232521189612344
55,1,0,1,79,9,0.0002527546885208097,2.130050933878275e-05,0.00027405519785959247,0.0002527546885208097
55,2,0,2,79,8,6.448104676519214e-05,2.775581579151464e-05,9.223686255670678e-05,6.448104676519214e-05
55,3,0,3,79,7,0.0004985421680599743,1.3265918187392323e-05,0.0005118080862473667,0.0004985421680599743
55,4,0,4,79,6,0.001193630218673315,2.6628927739700794e-05,0.0012202591464130156,0.001193630218673315
55,5,0,5,79,5,0.0014397065422943462,4.0277291604725536e-05,0.0014799838338990718,0.0014397065422943462
55,6,0,6,79,6,0.0011926588322842937,2.7229583988221618e-05,0.0012198884162725153,0.0011926588322842937
55,7,0,7,79,7,0.00047672548109313197,1.2732473900993633e-05,0.0004894579549941256,0.00047672548109313197
55,8,0,8,79,8,0.00014195981161803262,3.0154522743942574e-05,0.00017211433436197519,0.00014195981161803262
55,9,0,9,79,9,0.0004129664387346918,3.1677920648337746e-05,0.0004446443593830296,0.0004129664387346918
55,10,1,0,79,9,0.0002527546886203116,2.1300509340300845e-05,0.00027405519796061247,0.0002527546886203116
55,11,1,1,79,8,3.581586641981545e-05,1.991105196099389e-05,5.572691838080934e-05,3.581586641981545e-05
55,12,1,2,79,7,0.0009187233481257225,1.754432030900608e-05,0.0009362676684347285,0.0009187233481257225
55,13,1,3,79,6,0.0024955797919728115,0.00010767795190079706,0.0026032577438736084,0.0024955797919728115
55,14,1,4,79,5,0.0037594103835527615,0.00020007077858931547,0.003959481162142077,0.0037594103835527615
55,15,1,5,79,4,0.0035748870149307594,0.00019460755306537026,0.0037694945679961297,0.0035748870149307594
55,16,1,6,79,5,0.0037496211877126743,0.00020032229757689982,0.003949943485289574,0.0037496211877126743
55,17,1,7,79,6,0.0024533061984995355,0.00010653292574092224,0.0025598391242404577,0.0024533061984995355
55,18,1,8,79,7,0.0008182607746747779,1.2517145937121012e-05,0.0008307779206118989,0.0008182607746747779
55,19,1,9,79,8,8.416857352618191e-05,3.458726280567418e-05,0.00011875583633185609,8.416857352618191e-05
55,20,2,0,79,8,6.448104681243676e-05,2.7755815792384398e-05,9.223686260482117e-05,6.448104681243676e-05
55,21,2,1,79,7,0.000918723348123315,1.7544320309449893e-05,0.0009362676684327648,0.000918723348123315
55,22,2,2,79,6,0.0032991551709705496,0.000157186238865297,0.0034563414098358466,0.0032991551709705496
55,23,2,3,79,5,0.0061753709048765395,0.00037913269670479803,0.006554503601581337,0.0061753709048765395
55,24,2,4,79,4,0.005384618132449781,0.00039326467620731073,0.005777882808657092,0.005384618132449781
55,25,2,5,79,3,0.0013671089454638837,0.00011674901152927256,0.0014838579569931563,0.0013671089454638837
55,26,2,6,79,4,0.005361758996866778,0.00039272928380129277,0.005754488280668071,0.005361758996866778
55,27,2,7,79,5,0.006107770336062173,0.0003753087328893225,0.006483079068951496,0.006107770336062173
55,28,2,8,79,6,0.0032051071171210056,0.0001462096056204208,0.0033513167227414266,0.0032051071171210056
55,29,2,9,79,7,0.0010405711096346346,1.3023507416910242e-05,0.0010535946170515448,0.0010405711096346346
55,30,3,0,79,7,0.0004985421680357987,1.326591818726156e-05,0.0005118080862230603,0.0004985421680357987
55,31,3,1,79,6,0.002495579791956102,0.00010767795190085021,0.0026032577438569525,0.002495579791956102
55,32,3,2,79,5,0.0061753709049194375,0.00037913269670605766,0.006554503601625495,0.0061753709049194375
55,33,3,3,79,4,0.005759307146059485,0.00047457807918930124,0.006233885225248786,0.005759307146059485
55,34,3,4,79,3,0.01591651351636802,0.0009221655648933474,0.016838679081261368,0.01591651351636802
55,35,3,5,79,2,0.04956521497288879,0.0033434081184852164,0.052908623091374,0.04956521497288879
55,36,3,6,79,3,0.015951487491546977,0.0009236723253482345,0.016875159816895212,0.015951487491546977
55,37,3,7,79,4,0.005685820045632205,0.00046854275581770716,0.006154362801449912,0.005685820045632205
55,38,3,8,79,5,0.00616702754422302,0.00036735544152520196,0.006534382985748222,0.00616702754422302
55,39,3,9,79,6,0.0031156498549761804,0.00011666834442139646,0.003232318199397577,0.0031156498549761804
55,40,4,0,79,6,0.0011936302186601195,2.6628927740082077e-05,0.0012202591464002017,0.0011936302186601195
55,41,4,1,79,5,0.0037594103835705515,0.00020007077858944574,0.003959481162159997,0.0037594103835705515
55,42,4,2,79,4,0.005384618132475019,0.0003932646762082156,0.005777882808683234,0.005384618132475019
55,43,4,3,79,3,0.01591651351637267,0.0009221655648930426,0.01683867908126571,0.01591651351637267
55,44,4,4,79,2,0.10491476492385687,0.007209768741901279,0.11212453366575816,0.10491476492385687
55,45,4,5,79,1,0.18567127258208857,0.014105056090403072,0.19977632867249165,0.18567127258208857
55,46,4,6,79,2,0.10495547918575286,0.007212000214551056,0.11216747940030392,0.10495547918575286
55,47,4,7,79,3,0.015979483538234467,0.0009287461192450875,0.016908229657479554,0.015979483538234467
55,48,4,8,79,4,0.005509646909754575,0.0003857524247287877,0.005895399334483362,0.005509646909754575
55,49,4,9,79,5,0.004933733430195218,0.00024089697985658814,0.005174630410051806,0.004933733430195218
55,50,5,0,79,5,0.0014397065422426262,4.0277291604162726e-05,0.001479983833846789,0.0014397065422426262
55,51,5,1,79,4,0.003574887014889287,0.00019460755306469925,0.0037694945679539863,0.003574887014889287
55,52,5,2,79,3,0.001367108945459463,0.00011674901152938757,0.0014838579569888507,0.001367108945459463
55,53,5,3,79,2,0.04956521497293149,0.003343408118486138,0.052908623091417625,0.04956521497293149
55,54,5,4,79,1,0.18567127258213187,0.01410505609040264,0.1997763286725345,0.18567127258213187
55,55,5,5,79,0,0.9923663025186173,0.05283762616156794,1.0452039286801853,0.9923663025186173
55,56,5,6,79,1,0.18570889697006218,0.014107341787380883,0.19981623875744306,0.18570889697006218
55,57,5,7,79,2,0.049619083594630096,0.0033504403186436667,0.05296952391327377,0.049619083594630096
55,58,5,8,79,3,0.00132212663982399,0.00011329454605971573,0.0014354211858837059,0.00132212663982399
55,59,5,9,79,4,0.00492066200941762,0.0002468078299158479,0.005167469839333467,0.00492066200941762
55,60,6,0,79,6,0.0011926588323509268,2.7229583989351224e-05,0.001219888416340278,0.0011926588323509268
55,61,6,1,79,5,0.003749621187740953,0.00020032229757661386,0.0039499434853175665,0.003749621187740953
55,62,6,2,79,4,0.0053617589968453835,0.0003927292838003183,0.0057544882806457014,0.0053617589968453835
55,63,6,3,79,3,0.01595148749155854,0.0009236723253487669,0.016875159816907306,0.01595148749155854
55,64,6,4,79,2,0.10495547918581981,0.007212000214552336,0.11216747940037214,0.10495547918581981
55,65,6,5,79,1,0.18570889697016488,0.014107341787381203,0.1998162387575461,0.18570889697016488
55,66,6,6,79,2,0.10499507908606598,0.007214163939719117,0.1122092430257851,0.10499507908606598
55,67,6,7,79,3,0.01601282257109786,0.0009300978915428948,0.016942920462640756,0.01601282257109786
55,68,6,8,79,4,0.005487031373462329,0.0003854746333135676,0.005872506006775896,0.005487031373462329
55,69,6,9,79,5,0.004919196686526892,0.00024133879784810842,0.005160535484375,0.004919196686526892
55,70,7,0,79,7,0.0004767254811058532,1.273247390135317e-05,0.0004894579550072063,0.0004767254811058532
55,71,7,1,79,6,0.002453306198586488,0.000106532925741326,0.002559839124327814,0.002453306198586488
55,72,7,2,79,5,0.00610777033606934,0.0003753087328889868,0.006483079068958327,0.00610777033606934
55,73,7,3,79,4,0.005685820045635427,0.0004685427558164561,0.006154362801451883,0.005685820045635427
55,74,7,4,79,3,0.015979483538142394,0.0009287461192438054,0.0169082296573862,0.015979483538142394
55,75,7,5,79,2,0.04961908359470003,0.0033504403186454305,0.05296952391334546,0.04961908359470003
55,76,7,6,79,3,0.016012822571164834,0.0009300978915435262,0.01694292046270836,0.016012822571164834
55,77,7,7,79,4,0.00561335789773659,0.00046283926969009555,0.0060761971674266856,0.00561335789773659
55,78,7,8,79,5,0.006093864978081646,0.0003638433539628158,0.006457708332044462,0.006093864978081646
55,79,7,9,79,6,0.0030523892493954314,0.00011516427481219672,0.003167553524207628,0.0030523892493954314
55,80,8,0,79,8,0.0001419598116438705,3.0154522745723508e-05,0.00017211433438959402,0.0001419598116438705
55,81,8,1,79,7,0.0008182607746991677,1.2517145936902242e-05,0.00083077792063607,0.0008182607746991677
55,82,8,2,79,6,0.0032051071171392857,0.000146209605619782,0.003351316722759068,0.0032051071171392857
55,83,8,3,79,5,0.006167027544294598,0.00036735544152532594,0.006534382985819924,0.006167027544294598
55,84,8,4,79,4,0.005509646909849918,0.00038575242473060074,0.005895399334580519,0.005509646909849918
55,85,8,5,79,3,0.0013221266398108112,0.00011329454605948634,0.0014354211858702975,0.0013221266398108112
55,86,8,6,79,4,0.005487031373425942,0.0003854746333128189,0.005872506006738761,0.005487031373425942
55,87,8,7,79,5,0.006093864978044837,0.0003638433539619462,0.0064577083320067835,0.006093864978044837
55,88,8,8,79,6,0.003087088964184258,0.00013481277960319542,0.0032219017437874536,0.003087088964184258
55,89,8,9,79,7,0.0008857050531799743,1.4330623540128188e-05,0.0009000356767201025,0.0008857050531799743
55,90,9,0,79,9,0.0004129664385805935,3.167792064717798e-05,0.0004446443592277715,0.0004129664385805935
55,91,9,1,79,8,8.416857344722659e-05,3.458726280588681e-05,0.0001187558362531134,8.416857344722659e-05
55,92,9,2,79,7,0.0010405711095747654,1.3023507417025918e-05,0.0010535946169917914,0.0010405711095747654
55,93,9,3,79,6,0.003115649854938223,0.00011666834442102058,0.0032323181993592436,0.003115649854938223
55,94,9,4,79,5,0.0049337334302847575,0.0002408969798579005,0.005174630410142658,0.0049337334302847575
55,95,9,5,79,4,0.00492066200939597,0.0002468078299158637,0.005167469839311834,0.00492066200939597
55,96,9,6,79,5,0.0049191966865346935,0.00024133879784788966,0.0051605354843825835,0.0049191966865346935
55,97,9,7,79,6,0.0030523892493448954,0.00011516427481102249,0.003167553524155918,0.0030523892493448954
55,98,9,8,79,7,0.0008857050531783064,1.4330623539957318e-05,0.0009000356767182637,0.0008857050531783064
55,99,9,9,79,8,0.0002749202762189341,5.7102287025093597e-05,0.0003320225632440277,0.0002749202762189341
55,0,0,0,80,10,0.00024128407270390009,1.0721411632313121e-05,0.0002520054843362132,0.00024128407270390009
55,1,0,1,80,9,0.00024395314718500956,2.154640023857233e-05,0.0002654995474235819,0.00024395314718500956
55,2,0,2,80,8,6.729718822807972e-05,2.9651327734897327e-05,9.694851596297705e-05,6.729718822807972e-05
55,3,0,3,80,7,0.00047352606604133353,1.656907963717895e-05,0.0004900951456785125,0.00047352606604133353
55,4,0,4,80,6,0.0011503077508758595,2.1993498540806786e-05,0.0011723012494166663,0.0011503077508758595
55,5,0,5,80,5,0.0013931203376379058,3.549711140434798e-05,0.0014286174490422538,0.0013931203376379058
55,6,0,6,80,6,0.001149255219647636,2.261552789220286e-05,0.001171870747539839,0.001149255219647636
55,7,0,7,80,7,0.00045260291974126565,1.5896963420425375e-05,0.000468499883161691,0.00045260291974126565
55,8,0,8,80,8,0.00014116958485680303,3.181826542238788e-05,0.0001729878502791909,0.00014116958485680303
55,9,0,9,80,9,0.0003971597526286894,3.1820407927622423e-05,0.0004289801605563118,0.0003971597526286894
55,10,1,0,80,9,0.00024395314728292694,2.1546400240077744e-05,0.0002654995475230047,0.00024395314728292694
55,11,1,1,80,8,3.111631127126565e-05,2.1723495082835227e-05,5.283980635410088e-05,3.111631127126565e-05
55,12,1,2,80,7,0.0008787030543020831,1.3893310421914692e-05,0.0008925963647239978,0.0008787030543020831
55,13,1,3,80,6,0.0024199877720235147,0.00010184126609122699,0.0025218290381147416,0.0024199877720235147
55,14,1,4,80,5,0.003682731145426022,0.00019691772088013896,0.0038796488663061612,0.003682731145426022
55,15,1,5,80,4,0.003517375293461173,0.00019490166384804534,0.0037122769573092185,0.003517375293461173
55,16,1,6,80,5,0.003673328500238886,0.00019723755139789618,0.0038705660516367823,0.003673328500238886
55,17,1,7,80,6,0.002379593618516843,0.00010083569621902948,0.0024804293147358725,0.002379593618516843
55,18,1,8,80,7,0.0007824517196842355,9.974219959419297e-06,0.0007924259396436548,0.0007824517196842355
55,19,1,9,80,8,8.768384823678872e-05,3.694283363041146e-05,0.00012462668186720018,8.768384823678872e-05
55,20,2,0,80,8,6.729718827340854e-05,2.965132773571637e-05,9.694851600912491e-05,6.729718827340854e-05
55,21,2,1,80,7,0.0008787030543003787,1.3893310422298935e-05,0.0008925963647226777,0.0008787030543003787
55,22,2,2,80,6,0.003202930714694655,0.00015070568344942694,0.003353636398144082,0.003202930714694655
55,23,2,3,80,5,0.006080941908147318,0.0003794657980922854,0.006460407706239604,0.006080941908147318
55,24,2,4,80,4,0.005423393593007091,0.00041453975138272314,0.0058379333443898136,0.005423393593007091
55,25,2,5,80,3,0.0013416188823150736,0.00012818731307225596,0.0014698061953873295,0.0013416188823150736
55,26,2,6,80,4,0.005401565763145821,0.0004140811818268643,0.005815646944972686,0.005401565763145821
55,27,2,7,80,5,0.006016245332992808,0.0003757233357531748,0.006391968668745983,0.006016245332992808
55,28,2,8,80,6,0.003111705439324849,0.00013940612505699431,0.003251111564381843,0.003111705439324849
55,29,2,9,80,7,0.000991162343583718,1.3419257782805755e-05,0.0010045816013665237,0.000991162343583718
55,30,3,0,80,7,0.0004735260660190013,1.6569079637007106e-05,0.0004900951456560084,0.0004735260660190013
55,31,3,1,80,6,0.0024199877720076438,0.00010184126609127403,0.002521829038098918,0.0024199877720076438
55,32,3,2,80,5,0.006080941908189927,0.0003794657980935469,0.006460407706283474,0.006080941908189927
55,33,3,3,80,4,0.0058802813367724496,0.0005099543933314221,0.006390235730103872,0.0058802813367724496
55,34,3,4,80,3,0.015297488884311554,0.0008181047930707726,0.01611559367738233,0.015297488884311554
55,35,3,5,80,2,0.04888861904909446,0.0031955014053968805,0.05208412045449134,0.04888861904909446
55,36,3,6,80,3,0.015330885872209696,0.0008195247491594795,0.016150410621369175,0.015330885872209696
55,37,3,7,80,4,0.005809492197289131,0.000503833644412855,0.006313325841701986,0.005809492197289131
55,38,3,8,80,5,0.006070736489449388,0.0003667753673340609,0.00643751185678345,0.006070736489449388
55,39,3,9,80,6,0.003012258938682236,0.00010777143385195146,0.0031200303725341873,0.003012258938682236
55,40,4,0,80,6,0.0011503077508638391,2.1993498541194663e-05,0.001172301249405034,0.0011503077508638391
55,41,4,1,80,5,0.0036827311454442828,0.00019691772088028565,0.0038796488663245684,0.0036827311454442828
55,42,4,2,80,4,0.005423393593031841,0.0004145397513836077,0.005837933344415448,0.005423393593031841
55,43,4,3,80,3,0.015297488884316464,0.0008181047930704876,0.01611559367738695,0.015297488884316464
55,44,4,4,80,2,0.10377661098033183,0.006965703136901766,0.1107423141172336,0.10377661098033183
55,45,4,5,80,1,0.1869938333360113,0.013936945803495677,0.20093077913950697,0.1869938333360113
55,46,4,6,80,2,0.10381558539358339,0.006967884952936232,0.11078347034651963,0.10381558539358339
55,47,4,7,80,3,0.015358206293747807,0.0008247521815544758,0.01618295847530228,0.015358206293747807
55,48,4,8,80,4,0.005541531253186645,0.00040569490690795814,0.005947226160094603,0.005541531253186645
55,49,4,9,80,5,0.004816589014856317,0.00023416502137019543,0.005050754036226512,0.004816589014856317
55,50,5,0,80,5,0.0013931203375867854,3.5497111403792755e-05,0.001428617448990578,0.0013931203375867854
55,51,5,1,80,4,0.003517375293419909,0.0001949016638473525,0.0037122769572672616,0.003517375293419909
55,52,5,2,80,3,0.0013416188823119127,0.0001281873130725244,0.001469806195384437,0.0013416188823119127
55,53,5,3,80,2,0.04888861904913723,0.0031955014053978215,0.05208412045453505,0.04888861904913723
55,54,5,4,80,1,0.1869938333360548,0.013936945803495275,0.20093077913955007,0.1869938333360548
55,55,5,5,80,0,0.9709422302421858,0.05193355773519449,1.0228757879773804,0.9709422302421858
55,56,5,6,80,1,0.18702989774453527,0.013939192753269877,0.20096909049780515,0.18702989774453527
55,57,5,7,80,2,0.04894072955626627,0.0032027939101580876,0.05214352346642436,0.04894072955626627
55,58,5,8,80,3,0.0013169357291185014,0.00012318981501669484,0.0014401255441351963,0.0013169357291185014
55,59,5,9,80,4,0.004821567496581261,0.00024383426507737589,0.005065401761658637,0.004821567496581261
55,60,6,0,80,6,0.001149255219713255,2.2615527893289824e-05,0.0011718707476065448,0.001149255219713255
55,61,6,1,80,5,0.0036733285002666476,0.00019723755139760586,0.0038705660516642534,0.0036733285002666476
55,62,6,2,80,4,0.00540156576312433,0.0004140811818258824,0.0058156469449502125,0.00540156576312433
55,63,6,3,80,3,0.015330885872221051,0.0008195247491599796,0.01615041062138103,0.015330885872221051
55,64,6,4,80,2,0.10381558539365007,0.0069678849529375255,0.1107834703465876,0.10381558539365007
55,65,6,5,80,1,0.18702989774463774,0.013939192753270222,0.20096909049790795,0.18702989774463774
55,66,6,6,80,2,0.10385351115873048,0.006969999368826938,0.11082351052755741,0.10385351115873048
55,67,6,7,80,3,0.015390082505044407,0.0008260165989092014,0.016216099103953607,0.015390082505044407
55,68,6,8,80,4,0.0055198817295663205,0.0004055106638407799,0.0059253923934071,0.0055198817295663205
55,69,6,9,80,5,0.004802621426889417,0.00023471173261511725,0.005037333159504534,0.004802621426889417
55,70,7,0,80,7,0.0004526029197526222,1.5896963420834296e-05,0.0004684998831734565,0.0004526029197526222
55,71,7,1,80,6,0.002379593618602547,0.0001008356962194466,0.0024804293148219937,0.002379593618602547
55,72,7,2,80,5,0.006016245332999617,0.00037572333575284096,0.006391968668752458,0.006016245332999617
55,73,7,3,80,4,0.0058094921972924145,0.0005038336444116013,0.006313325841704015,0.0058094921972924145
55,74,7,4,80,3,0.01535820629365653,0.0008247521815531855,0.016182958475209716,0.01535820629365653
55,75,7,5,80,2,0.048940729556335515,0.003202793910159844,0.05214352346649536,0.048940729556335515
55,76,7,6,80,3,0.015390082505110505,0.0008260165989098188,0.016216099104020325,0.015390082505110505
55,77,7,7,80,4,0.005739606262764831,0.0004980628755763168,0.006237669138341148,0.005739606262764831
55,78,7,8,80,5,0.006000678683898105,0.0003633938258505008,0.006364072509748606,0.006000678683898105
55,79,7,9,80,6,0.002951877054128143,0.00010648671176685267,0.0030583637658949956,0.002951877054128143
55,80,8,0,80,8,0.00014116958488440587,3.181826542423199e-05,0.00017298785030863786,0.00014116958488440587
55,81,8,1,80,7,0.000782451719707167,9.974219959294918e-06,0.000792425939666462,0.000782451719707167
55,82,8,2,80,6,0.0031117054393425907,0.0001394061250563635,0.0032511115643989543,0.0031117054393425907
55,83,8,3,80,5,0.006070736489520513,0.0003667753673342175,0.00643751185685473,0.006070736489520513
55,84,8,4,80,4,0.005541531253281088,0.00040569490690977765,0.005947226160190866,0.005541531253281088
55,85,8,5,80,3,0.0013169357290997354,0.00012318981501628767,0.001440125544116023,0.0013169357290997354
55,86,8,6,80,4,0.0055198817295305505,0.00040551066384005263,0.005925392393370603,0.0055198817295305505
55,87,8,7,80,5,0.006000678683861906,0.00036339382584964566,0.006364072509711552,0.006000678683861906
55,88,8,8,80,6,0.002997663567202879,0.00012778001666341913,0.003125443583866298,0.002997663567202879
55,89,8,9,80,7,0.0008431367125531112,1.8058736319332606e-05,0.0008611954488724438,0.0008431367125531112
55,90,9,0,80,9,0.00039715975247792915,3.1820407926495734e-05,0.0004289801604044249,0.00039715975247792915
55,91,9,1,80,8,8.768384815964884e-05,3.69428336306371e-05,0.00012462668179028595,8.768384815964884e-05
55,92,9,2,80,7,0.0009911623435236243,1.3419257783757419e-05,0.0010045816013073818,0.0009911623435236243
55,93,9,3,80,6,0.003012258938643858,0.0001077714338515507,0.0031200303724954084,0.003012258938643858
55,94,9,4,80,5,0.004816589014944746,0.0002341650213715084,0.005050754036316255,0.004816589014944746
55,95,9,5,80,4,0.004821567496559377,0.00024383426507737271,0.005065401761636749,0.004821567496559377
55,96,9,6,80,5,0.004802621426897599,0.00023471173261492445,0.005037333159512524,0.004802621426897599
55,97,9,7,80,6,0.002951877054078451,0.00010648671176569855,0.0030583637658441495,0.002951877054078451
55,98,9,8,80,7,0.0008431367125516035,1.8058736319095142e-05,0.0008611954488706987,0.0008431367125516035
55,99,9,9,80,8,0.0002723788294072736,6.010564144805292e-05,0.0003324844708553265,0.0002723788294072736
