kappa,kappa_bar,memory,taps,tail
0,0,4,5.0,0.8631341839501055
0,1,4,19.4,0.8351209265982789
0,2,4,38.72,0.8305679309101055
0,3,4,55.84,0.8302032475067967
0,4,4,65.84,0.8301909279615408
0,5,4,65.84,0.8301909279615408
0,6,4,65.84,0.8301909279615408
0,7,4,65.84,0.8301909279615408
0,8,4,65.84,0.8301909279615408
0,9,4,65.84,0.8301909279615408
0,10,4,65.84,0.8301909279615408
0,11,4,65.84,0.8301909279615408
0,12,4,65.84,0.8301909279615408
0,13,4,65.84,0.8301909279615408
0,14,4,65.84,0.8301909279615408
0,15,4,65.84,0.8301909279615408
0,16,4,65.84,0.8301909279615408
0,17,4,65.84,0.8301909279615408
0,18,4,65.84,0.8301909279615408
1,1,4,23.0,0.8264778068121531
1,2,4,48.76,0.8199773091959106
1,3,4,74.44,0.8193733644804834
1,4,4,94.44,0.8193446352682165
1,5,4,105.24,0.8193442954648014
1,6,4,105.24,0.8193442954648014
1,7,4,105.24,0.8193442954648014
1,8,4,105.24,0.8193442954648014
1,9,4,105.24,0.8193442954648014
1,10,4,105.24,0.8193442954648014
1,11,4,105.24,0.8193442954648014
1,12,4,105.24,0.8193442954648014
1,13,4,105.24,0.8193442954648014
1,14,4,105.24,0.8193442954648014
1,15,4,105.24,0.8193442954648014
1,16,4,105.24,0.8193442954648014
1,17,4,105.24,0.8193442954648014
1,18,4,105.24,0.8193442954648014
2,2,4,55.2,0.8177865388501526
2,3,4,89.44,0.8168986039556994
2,4,4,119.44,0.8168484782375263
2,5,4,141.04,0.8168475465520552
2,6,4,152.04,0.81684752827236
2,7,4,152.04,0.81684752827236
2,8,4,152.04,0.81684752827236
2,9,4,152.04,0.81684752827236
2,10,4,152.04,0.81684752827236
2,11,4,152.04,0.81684752827236
2,12,4,152.04,0.81684752827236
2,13,4,152.04,0.81684752827236
2,14,4,152.04,0.81684752827236
2,15,4,152.04,0.81684752827236
2,16,4,152.04,0.81684752827236
2,17,4,152.04,0.81684752827236
2,18,4,152.04,0.81684752827236
3,3,4,98.0,0.8165644181354955
3,4,4,138.0,0.8164869065493585
3,5,4,170.4,0.8164850228430794
3,6,4,192.4,0.8164849946782922
3,7,4,203.04,0.8164849743720036
3,8,4,203.04,0.8164849743720036
3,9,4,203.04,0.8164849743720036
3,10,4,203.04,0.8164849743720036
3,11,4,203.04,0.8164849743720036
3,12,4,203.04,0.8164849743720036
3,13,4,203.04,0.8164849743720036
3,14,4,203.04,0.8164849743720036
3,15,4,203.04,0.8164849743720036
3,16,4,203.04,0.8164849743720036
3,17,4,203.04,0.8164849743720036
3,18,4,203.04,0.8164849743720036
4,4,4,148.0,0.8164524144155312
4,5,4,191.2,0.8164490883044278
4,6,4,224.2,0.8164490525138164
4,7,4,245.48,0.8164490143490319
4,8,4,255.24,0.8164490092978827
4,9,4,255.24,0.8164490092978827
4,10,4,255.24,0.8164490092978827
4,11,4,255.24,0.8164490092978827
4,12,4,255.24,0.8164490092978827
4,13,4,255.24,0.8164490092978827
4,14,4,255.24,0.8164490092978827
4,15,4,255.24,0.8164490092978827
4,16,4,255.24,0.8164490092978827
4,17,4,255.24,0.8164490092978827
4,18,4,255.24,0.8164490092978827
5,5,4,202.0,0.8164470003995415
5,6,4,246.0,0.8164469501903373
5,7,4,277.92,0.8164468971155631
5,8,4,297.44,0.8164468867962236
5,9,4,305.84,0.8164468862428691
5,10,4,305.84,0.8164468862428691
5,11,4,305.84,0.8164468862428691
5,12,4,305.84,0.8164468862428691
5,13,4,305.84,0.8164468862428691
5,14,4,305.84,0.8164468862428691
5,15,4,305.84,0.8164468862428691
5,16,4,305.84,0.8164468862428691
5,17,4,305.84,0.8164468862428691
5,18,4,305.84,0.8164468862428691
6,6,4,257.0,0.8164469164336156
6,7,4,299.56,0.8164468517278277
6,8,4,328.84,0.8164468360442183
6,9,4,345.64,0.8164468348284624
6,10,4,352.24,0.8164468348106705
6,11,4,352.24,0.8164468348106705
6,12,4,352.24,0.8164468348106705
6,13,4,352.24,0.8164468348106705
6,14,4,352.24,0.8164468348106705
6,15,4,352.24,0.8164468348106705
6,16,4,352.24,0.8164468348106705
6,17,4,352.24,0.8164468348106705
6,18,4,352.24,0.8164468348106705
7,7,4,310.2,0.816446843454344
7,8,4,349.24,0.8164468224499832
7,9,4,374.44,0.8164468204618565
7,10,4,387.64,0.8164468204157579
7,11,4,392.44,0.8164468204136385
7,12,4,392.44,0.8164468204136385
7,13,4,392.44,0.8164468204136385
7,14,4,392.44,0.8164468204136385
7,15,4,392.44,0.8164468204136385
7,16,4,392.44,0.8164468204136385
7,17,4,392.44,0.8164468204136385
7,18,4,392.44,0.8164468204136385
8,8,4,359.0,0.8164468173254309
8,9,4,392.6,0.816446814458792
8,10,4,412.4,0.8164468143708353
8,11,4,422.0,0.8164468143674226
8,12,4,425.36,0.8164468143654288
8,13,4,425.36,0.8164468143654288
8,14,4,425.36,0.8164468143654288
8,15,4,425.36,0.8164468143654288
8,16,4,425.36,0.8164468143654288
8,17,4,425.36,0.8164468143654288
8,18,4,425.36,0.8164468143654288
9,9,4,401.0,0.8164468134831896
9,10,4,427.4,0.8164468133369067
9,11,4,441.8,0.8164468133327092
9,12,4,448.52,0.8164468133289252
9,13,4,450.76,0.8164468133284652
9,14,4,450.76,0.8164468133284652
9,15,4,450.76,0.8164468133284652
9,16,4,450.76,0.8164468133284652
9,17,4,450.76,0.8164468133284652
9,18,4,450.76,0.8164468133284652
10,10,4,434.0,0.8164468132594657
10,11,4,453.2,0.8164468132545845
10,12,4,463.28,0.8164468132492491
10,13,4,467.76,0.8164468132483071
10,14,4,469.16,0.8164468132482675
10,15,4,469.16,0.8164468132482675
10,16,4,469.16,0.8164468132482675
10,17,4,469.16,0.8164468132482675
10,18,4,469.16,0.8164468132482675
11,11,4,458.0,0.8164468132535114
11,12,4,471.44,0.8164468132468865
11,13,4,478.16,0.8164468132454499
11,14,4,480.96,0.8164468132453617
11,15,4,481.76,0.8164468132453614
11,16,4,481.76,0.8164468132453614
11,17,4,481.76,0.8164468132453614
11,18,4,481.76,0.8164468132453614
12,12,4,474.8,0.8164468132458689
12,13,4,483.76,0.8164468132439351
12,14,4,487.96,0.8164468132437889
12,15,4,489.56,0.8164468132437878
12,16,4,489.96,0.8164468132437873
12,17,4,489.96,0.8164468132437873
12,18,4,489.96,0.8164468132437873
13,13,4,486.0,0.8164468132434468
13,14,4,491.6,0.8164468132432331
13,15,4,494.0,0.8164468132432307
13,16,4,494.8,0.8164468132432299
13,17,4,494.96,0.8164468132432298
13,18,4,494.96,0.8164468132432298
14,14,4,493.0,0.8164468132431567
14,15,4,496.2,0.8164468132431519
14,16,4,497.4,0.8164468132431509
14,17,4,497.72,0.8164468132431506
14,18,4,497.76,0.8164468132431506
15,15,4,497.0,0.8164468132431485
15,16,4,498.6,0.8164468132431473
15,17,4,499.08,0.8164468132431468
15,18,4,499.16,0.8164468132431468
16,16,4,499.0,0.8164468132431473
16,17,4,499.64,0.8164468132431465
16,18,4,499.76,0.8164468132431465
17,17,4,499.8,0.8164468132431464
17,18,4,499.96,0.8164468132431463
18,18,4,500.0,0.8164468132431463
0,0,9,10.0,0.7272141091961574
0,1,9,42.4,0.6753816472048191
0,2,9,93.92,0.6665631195206717
0,3,9,153.84,0.6657478721690717
0,4,9,213.84,0.6657103615540756
0,5,9,267.84,0.6657098882665763
0,6,9,311.84,0.6657096285752132
0,7,9,343.76,0.6657095576983832
0,8,9,363.28,0.6657095512965872
0,9,9,371.68,0.6657095511521058
0,10,9,371.68,0.6657095511521058
0,11,9,371.68,0.6657095511521058
0,12,9,371.68,0.6657095511521058
0,13,9,371.68,0.6657095511521058
0,14,9,371.68,0.6657095511521058
0,15,9,371.68,0.6657095511521058
0,16,9,371.68,0.6657095511521058
0,17,9,371.68,0.6657095511521058
0,18,9,371.68,0.6657095511521058
1,1,9,46.0,0.6667385274186932
1,2,9,103.96,0.6559724978064768
1,3,9,172.44,0.6549179891427583
1,4,9,242.44,0.6548640688607515
1,5,9,307.24,0.6548632557698368
1,6,9,362.24,0.6548629656590498
1,7,9,404.8,0.654862871435575
1,8,9,434.08,0.6548628611297445
1,9,9,450.88,0.6548628607854952
1,10,9,457.48,0.6548628607785284
1,11,9,457.48,0.6548628607785284
1,12,9,457.48,0.6548628607785284
1,13,9,457.48,0.6548628607785284
1,14,9,457.48,0.6548628607785284
1,15,9,457.48,0.6548628607785284
1,16,9,457.48,0.6548628607785284
1,17,9,457.48,0.6548628607785284
1,18,9,457.48,0.6548628607785284
2,2,9,110.4,0.6537817274607189
2,3,9,187.44,0.6524432286179743
2,4,9,267.44,0.6523679118300612
2,5,9,343.04,0.6523665068570907
2,6,9,409.04,0.6523661984666084
2,7,9,462.24,0.6523660820919294
2,8,9,501.28,0.6523660674412924
2,9,9,526.48,0.652366066826931
2,10,9,539.68,0.6523660668156221
2,11,9,544.48,0.6523660668076658
2,12,9,544.48,0.6523660668076658
2,13,9,544.48,0.6523660668076658
2,14,9,544.48,0.6523660668076658
2,15,9,544.48,0.6523660668076658
2,16,9,544.48,0.6523660668076658
2,17,9,544.48,0.6523660668076658
2,18,9,544.48,0.6523660668076658
3,3,9,196.0,0.6521090427977705
3,4,9,286.0,0.6520063401418935
3,5,9,372.4,0.652003983148115
3,6,9,449.4,0.6520036648725406
3,7,9,513.24,0.6520035281915729
3,8,9,562.04,0.6520035088055977
3,9,9,595.64,0.6520035078372
3,10,9,615.44,0.6520035078220733
3,11,9,625.04,0.6520035078072934
3,12,9,628.4,0.6520035078049945
3,13,9,628.4,0.6520035078049945
3,14,9,628.4,0.6520035078049945
3,15,9,628.4,0.6520035078049945
3,16,9,628.4,0.6520035078049945
3,17,9,628.4,0.6520035078049945
3,18,9,628.4,0.6520035078049945
4,4,9,296.0,0.6519718480080662
4,5,9,393.2,0.6519680486094633
4,6,9,481.2,0.6519677227080647
4,7,9,555.68,0.6519675681686014
4,8,9,614.24,0.6519675437314767
4,9,9,656.24,0.6519675423136847
4,10,9,682.64,0.6519675422928453
4,11,9,697.04,0.6519675422724618
4,12,9,703.76,0.6519675422678248
4,13,9,706.0,0.6519675422675568
4,14,9,706.0,0.6519675422675568
4,15,9,706.0,0.6519675422675568
4,16,9,706.0,0.6519675422675568
4,17,9,706.0,0.6519675422675568
4,18,9,706.0,0.6519675422675568
5,5,9,404.0,0.651965960704577
5,6,9,503.0,0.6519656203845856
5,7,9,588.12,0.6519654509351326
5,8,9,656.44,0.6519654212298176
5,9,9,706.84,0.6519654192586711
5,10,9,739.84,0.6519654192275307
5,11,9,759.04,0.6519654192027861
5,12,9,769.12,0.6519654191958209
5,13,9,773.6,0.6519654191952418
5,14,9,775.0,0.6519654191952341
5,15,9,775.0,0.6519654191952341
5,16,9,775.0,0.6519654191952341
5,17,9,775.0,0.6519654191952341
5,18,9,775.0,0.6519654191952341
6,6,9,514.0,0.6519655866278639
6,7,9,609.76,0.6519654055473971
6,8,9,687.84,0.6519653704778124
6,9,9,746.64,0.6519653678442643
6,10,9,786.24,0.6519653677953321
6,11,9,810.24,0.6519653677674155
6,12,9,823.68,0.6519653677581833
6,13,9,830.4,0.6519653677572503
6,14,9,833.2,0.6519653677572311
6,15,9,834.0,0.6519653677572297
6,16,9,834.0,0.6519653677572297
6,17,9,834.0,0.6519653677572297
6,18,9,834.0,0.6519653677572297
7,7,9,620.4,0.6519653972739136
7,8,9,708.24,0.6519653568835774
7,9,9,775.44,0.6519653534776585
7,10,9,821.64,0.6519653534004195
7,11,9,850.44,0.6519653533703834
7,12,9,867.24,0.6519653533589966
7,13,9,876.2,0.6519653533576696
7,14,9,880.4,0.6519653533576335
7,15,9,882.0,0.6519653533576312
7,16,9,882.4,0.6519653533576301
7,17,9,882.4,0.6519653533576301
7,18,9,882.4,0.6519653533576301
8,8,9,718.0,0.6519653517590249
8,9,9,793.6,0.651965347474594
8,10,9,846.4,0.651965347355497
8,11,9,880.0,0.6519653473241677
8,12,9,900.16,0.6519653473107869
8,13,9,911.36,0.6519653473090299
8,14,9,916.96,0.6519653473089704
8,15,9,919.36,0.6519653473089676
8,16,9,920.16,0.6519653473089657
8,17,9,920.32,0.6519653473089656
8,18,9,920.32,0.6519653473089656
9,9,9,802.0,0.6519653464989916
9,10,9,861.4,0.6519653463215682
9,11,9,899.8,0.6519653462894541
9,12,9,923.32,0.6519653462742835
9,13,9,936.76,0.6519653462720664
9,14,9,943.76,0.6519653462719759
9,15,9,946.96,0.651965346271973
9,16,9,948.16,0.6519653462719702
9,17,9,948.48,0.6519653462719699
9,18,9,948.52,0.6519653462719698
10,10,9,868.0,0.6519653462441273
10,11,9,911.2,0.6519653462113296
10,12,9,938.08,0.6519653461946072
10,13,9,953.76,0.6519653461919082
10,14,9,962.16,0.6519653461917782
10,15,9,966.16,0.6519653461917752
10,16,9,967.76,0.6519653461917716
10,17,9,968.24,0.6519653461917712
10,18,9,968.32,0.6519653461917712
11,11,9,916.0,0.6519653462102566
11,12,9,946.24,0.6519653461922448
11,13,9,964.16,0.6519653461890509
11,14,9,973.96,0.6519653461888723
11,15,9,978.76,0.651965346188869
11,16,9,980.76,0.6519653461888649
11,17,9,981.4,0.6519653461888643
11,18,9,981.52,0.6519653461888641
12,12,9,949.6,0.651965346191227
12,13,9,969.76,0.6519653461875361
12,14,9,980.96,0.6519653461872994
12,15,9,986.56,0.6519653461872955
12,16,9,988.96,0.6519653461872909
12,17,9,989.76,0.65196534618729
12,18,9,989.92,0.6519653461872899
13,13,9,972.0,0.6519653461870478
13,14,9,984.6,0.6519653461867436
13,15,9,991.0,0.6519653461867382
13,16,9,993.8,0.6519653461867333
13,17,9,994.76,0.6519653461867322
13,18,9,994.96,0.6519653461867322
14,14,9,986.0,0.6519653461866672
14,15,9,993.2,0.6519653461866596
14,16,9,996.4,0.6519653461866545
14,17,9,997.52,0.6519653461866531
14,18,9,997.76,0.6519653461866531
15,15,9,994.0,0.6519653461866561
15,16,9,997.6,0.6519653461866508
15,17,9,998.88,0.6519653461866493
15,18,9,999.16,0.6519653461866493
16,16,9,998.0,0.6519653461866507
16,17,9,999.44,0.6519653461866491
16,18,9,999.76,0.651965346186649
17,17,9,999.6,0.6519653461866489
17,18,9,999.96,0.6519653461866488
18,18,9,1000.0,0.6519653461866488
0,0,14,15.0,0.6032914595721569
0,1,14,65.4,0.5352702080410262
0,2,14,149.12,0.5247179132824763
0,3,14,251.84,0.5237907929189476
0,4,14,361.84,0.5237454948155599
0,5,14,469.84,0.5237431841808134
0,6,14,568.84,0.5237423970095099
0,7,14,653.96,0.5237422339068648
0,8,14,722.28,0.5237422187112705
0,9,14,772.68,0.5237422181198752
0,10,14,805.68,0.5237422179964265
0,11,14,824.88,0.5237422179546967
0,12,14,834.96,0.5237422179494629
0,13,14,839.44,0.5237422179492334
0,14,14,840.84,0.5237422179492228
0,15,14,840.84,0.5237422179492228
0,16,14,840.84,0.5237422179492228
0,17,14,840.84,0.5237422179492228
0,18,14,840.84,0.5237422179492228
1,1,14,69.0,0.5266270882549003
1,2,14,159.16,0.5141272915682814
1,3,14,270.44,0.5129609098926342
1,4,14,390.44,0.5128992021222357
1,5,14,509.24,0.512896551684074
1,6,14,619.24,0.5128957340933463
1,7,14,715.0,0.5128955476440565
1,8,14,793.08,0.5128955285444278
1,9,14,851.88,0.5128955277532645
1,10,14,891.48,0.5128955276228491
1,11,14,915.48,0.5128955275721712
1,12,14,928.92,0.5128955275648475
1,13,14,935.64,0.5128955275644644
1,14,14,938.44,0.5128955275644465
1,15,14,939.24,0.5128955275644413
1,16,14,939.24,0.5128955275644413
1,17,14,939.24,0.5128955275644413
1,18,14,939.24,0.5128955275644413
2,2,14,165.6,0.5119365212225234
2,3,14,285.44,0.5104861493678503
2,4,14,415.44,0.5104030450915454
2,5,14,545.04,0.5103998027713278
2,6,14,666.04,0.5103989669009049
2,7,14,772.44,0.5103987583004109
2,8,14,860.28,0.5103987348559756
2,9,14,927.48,0.5103987337947005
2,10,14,973.68,0.5103987336599428
2,11,14,1002.48,0.5103987336013086
2,12,14,1019.28,0.5103987335917707
2,13,14,1028.24,0.5103987335912
2,14,14,1032.44,0.5103987335911768
2,15,14,1034.04,0.5103987335911673
2,16,14,1034.44,0.5103987335911662
2,17,14,1034.44,0.5103987335911662
2,18,14,1034.44,0.5103987335911662
3,3,14,294.0,0.5101519635476464
3,4,14,434.0,0.5100414734033778
3,5,14,574.4,0.5100372790623521
3,6,14,706.4,0.5100364333068371
3,7,14,823.44,0.5100362044000546
3,8,14,921.04,0.510036176220281
3,9,14,996.64,0.5100361748049694
3,10,14,1049.44,0.510036174666394
3,11,14,1083.04,0.5100361746009362
3,12,14,1103.2,0.5100361745890993
3,13,14,1114.4,0.5100361745883024
3,14,14,1120.0,0.5100361745882748
3,15,14,1122.4,0.5100361745882616
3,16,14,1123.2,0.5100361745882593
3,17,14,1123.36,0.5100361745882592
3,18,14,1123.36,0.5100361745882592
4,4,14,444.0,0.5100069812695505
4,5,14,595.2,0.5100013445237004
4,6,14,738.2,0.5100004911423613
4,7,14,865.88,0.5100002443770829
4,8,14,973.24,0.51000021114616
4,9,14,1057.24,0.5100002092814541
4,10,14,1116.64,0.5100002091371659
4,11,14,1155.04,0.5100002090661045
4,12,14,1178.56,0.5100002090519296
4,13,14,1192.0,0.5100002090508647
4,14,14,1199.0,0.5100002090508317
4,15,14,1202.2,0.5100002090508156
4,16,14,1203.4,0.5100002090508121
4,17,14,1203.72,0.510000209050812
4,18,14,1203.76,0.510000209050812
5,5,14,606.0,0.5099992566188142
5,6,14,760.0,0.5099983888188823
5,7,14,898.32,0.5099981271436141
5,8,14,1015.44,0.5099980886445009
5,9,14,1107.84,0.5099980862264406
5,10,14,1173.84,0.5099980860718514
5,11,14,1217.04,0.5099980859964289
5,12,14,1243.92,0.5099980859799257
5,13,14,1259.6,0.5099980859785496
5,14,14,1268.0,0.5099980859785088
5,15,14,1272.0,0.5099980859784907
5,16,14,1273.6,0.5099980859784862
5,17,14,1274.08,0.5099980859784858
5,18,14,1274.16,0.5099980859784858
6,6,14,771.0,0.5099983550621605
6,7,14,919.96,0.5099980817558787
6,8,14,1046.84,0.5099980378924956
6,9,14,1147.64,0.5099980348120337
6,10,14,1220.24,0.5099980346396527
6,11,14,1268.24,0.5099980345610583
6,12,14,1298.48,0.5099980345422881
6,13,14,1316.4,0.5099980345405583
6,14,14,1326.2,0.5099980345405059
6,15,14,1331.0,0.5099980345404863
6,16,14,1333.0,0.5099980345404808
6,17,14,1333.64,0.5099980345404803
6,18,14,1333.76,0.5099980345404802
7,7,14,930.6,0.5099980734823951
7,8,14,1067.24,0.5099980242982607
7,9,14,1176.44,0.5099980204454279
7,10,14,1255.64,0.5099980202447401
7,11,14,1308.44,0.5099980201640263
7,12,14,1342.04,0.5099980201431014
7,13,14,1362.2,0.5099980201409774
7,14,14,1373.4,0.5099980201409082
7,15,14,1379.0,0.5099980201408879
7,16,14,1381.4,0.5099980201408812
7,17,14,1382.2,0.5099980201408806
7,18,14,1382.36,0.5099980201408806
8,8,14,1077.0,0.5099980191737082
8,9,14,1194.6,0.5099980144423634
8,10,14,1280.4,0.5099980141998176
8,11,14,1338.0,0.5099980141178104
8,12,14,1374.96,0.5099980140948918
8,13,14,1397.36,0.5099980140923377
8,14,14,1409.96,0.5099980140922452
8,15,14,1416.36,0.5099980140922243
8,16,14,1419.16,0.5099980140922168
8,17,14,1420.12,0.509998014092216
8,18,14,1420.32,0.509998014092216
9,9,14,1203.0,0.509998013466761
9,10,14,1295.4,0.5099980131658889
9,11,14,1357.8,0.509998013083097
9,12,14,1398.12,0.5099980130583883
9,13,14,1422.76,0.5099980130553742
9,14,14,1436.76,0.5099980130552506
9,15,14,1443.96,0.5099980130552297
9,16,14,1447.16,0.5099980130552213
9,17,14,1448.28,0.5099980130552203
9,18,14,1448.52,0.5099980130552203
10,10,14,1302.0,0.5099980130884479
10,11,14,1369.2,0.5099980130049723
10,12,14,1412.88,0.5099980129787121
10,13,14,1439.76,0.5099980129752161
10,14,14,1455.16,0.509998012975053
10,15,14,1463.16,0.5099980129750319
10,16,14,1466.76,0.5099980129750227
10,17,14,1468.04,0.5099980129750216
10,18,14,1468.32,0.5099980129750216
11,11,14,1374.0,0.5099980130038994
11,12,14,1421.04,0.5099980129763495
11,13,14,1450.16,0.5099980129723588
11,14,14,1466.96,0.5099980129721471
11,15,14,1475.76,0.5099980129721258
11,16,14,1479.76,0.509998012972116
11,17,14,1481.2,0.5099980129721146
11,18,14,1481.52,0.5099980129721146
12,12,14,1424.4,0.5099980129753318
12,13,14,1455.76,0.509998012970844
12,14,14,1473.96,0.5099980129705742
12,15,14,1483.56,0.5099980129705521
12,16,14,1487.96,0.5099980129705419
12,17,14,1489.56,0.5099980129705404
12,18,14,1489.92,0.5099980129705404
13,13,14,1458.0,0.5099980129703556
13,14,14,1477.6,0.5099980129700185
13,15,14,1488.0,0.5099980129699949
13,16,14,1492.8,0.5099980129699844
13,17,14,1494.56,0.5099980129699827
13,18,14,1494.96,0.5099980129699826
14,14,14,1479.0,0.5099980129699421
14,15,14,1490.2,0.5099980129699163
14,16,14,1495.4,0.5099980129699055
14,17,14,1497.32,0.5099980129699037
14,18,14,1497.76,0.5099980129699035
15,15,14,1491.0,0.5099980129699128
15,16,14,1496.6,0.5099980129699019
15,17,14,1498.68,0.5099980129698998
15,18,14,1499.16,0.5099980129698997
16,16,14,1497.0,0.5099980129699019
16,17,14,1499.24,0.5099980129698997
16,18,14,1499.76,0.5099980129698994
17,17,14,1499.4,0.5099980129698994
17,18,14,1499.96,0.5099980129698992
18,18,14,1500.0,0.5099980129698992
0,0,19,20.0,0.4991642888866375
0,1,19,88.4,0.4200288209341076
0,2,19,204.32,0.40883626138276297
0,3,19,349.84,0.407891007771266
0,4,19,509.84,0.407829231223513
0,5,19,671.84,0.40782270575675894
0,6,19,825.84,0.4078213867088694
0,7,19,964.16,0.40782118296243275
0,8,19,1081.28,0.40782116386870676
0,9,19,1173.68,0.4078211620832409
0,10,19,1239.68,0.4078211616466662
0,11,19,1282.88,0.4078211615553386
0,12,19,1309.76,0.4078211615453772
0,13,19,1325.44,0.4078211615446777
0,14,19,1333.84,0.40782116154452736
0,15,19,1337.84,0.40782116154449277
0,16,19,1339.44,0.40782116154448944
0,17,19,1339.92,0.40782116154448933
0,18,19,1340.0,0.40782116154448933
1,1,19,92.0,0.41138570114798184
1,2,19,214.36,0.3982456396685681
1,3,19,368.44,0.39706112474495253
1,4,19,538.44,0.3969829385301888
1,5,19,711.24,0.39697607326001955
1,6,19,876.24,0.3969747237927059
1,7,19,1025.2,0.39697449669962454
1,8,19,1152.08,0.39697447370186406
1,9,19,1252.88,0.39697447171663014
1,10,19,1325.48,0.39697447127308877
1,11,19,1373.48,0.3969744711728131
1,12,19,1403.72,0.39697447116076173
1,13,19,1421.64,0.39697447115990864
1,14,19,1431.44,0.3969744711597511
1,15,19,1436.24,0.3969744711597113
1,16,19,1438.24,0.3969744711597069
1,17,19,1438.88,0.3969744711597067
1,18,19,1439.0,0.3969744711597067
2,2,19,220.8,0.39605486932281014
2,3,19,383.44,0.39458636422016863
2,4,19,563.44,0.3944867814994985
2,5,19,747.04,0.39447932434727334
2,6,19,923.04,0.39447795660026447
2,7,19,1082.64,0.3944777073559789
2,8,19,1219.28,0.39447768001341205
2,9,19,1328.48,0.394477677758066
2,10,19,1407.68,0.39447767731018246
2,11,19,1460.48,0.3944776772019506
2,12,19,1494.08,0.394477677187685
2,13,19,1514.24,0.3944776771866442
2,14,19,1525.44,0.3944776771864815
2,15,19,1531.04,0.3944776771864373
2,16,19,1533.44,0.39447767718643184
2,17,19,1534.24,0.39447767718643156
2,18,19,1534.4,0.39447767718643156
3,3,19,392.0,0.39425217839996474
3,4,19,582.0,0.39412520981133087
3,5,19,776.4,0.3941168006382977
3,6,19,963.4,0.3941154230061967
3,7,19,1133.64,0.39411515345562254
3,8,19,1280.04,0.3941151213777173
3,9,19,1397.64,0.39411511876833505
3,10,19,1483.44,0.39411511831663365
3,11,19,1541.04,0.394115118201578
3,12,19,1578.0,0.3941151181850137
3,13,19,1600.4,0.39411511818374667
3,14,19,1613.0,0.3941151181835793
3,15,19,1619.4,0.39411511818353157
3,16,19,1622.2,0.39411511818352496
3,17,19,1623.16,0.39411511818352457
3,18,19,1623.36,0.3941151181835245
4,4,19,592.0,0.39409071767750353
4,5,19,797.2,0.394080866099646
4,6,19,995.2,0.3940794808417209
4,7,19,1176.08,0.3940791934326509
4,8,19,1332.24,0.39407915630359636
4,9,19,1458.24,0.39407915324481974
4,10,19,1550.64,0.39407915278740563
4,11,19,1613.04,0.3940791526667464
4,12,19,1653.36,0.39407915264784393
4,13,19,1678.0,0.3940791526463089
4,14,19,1692.0,0.3940791526461362
4,15,19,1699.2,0.39407915264608556
4,16,19,1702.4,0.3940791526460778
4,17,19,1703.52,0.3940791526460773
4,18,19,1703.76,0.3940791526460773
5,5,19,808.0,0.3940787781947598
5,6,19,1017.0,0.3940773785182418
5,7,19,1208.52,0.3940770761991821
5,8,19,1374.44,0.39407703380193726
5,9,19,1508.84,0.3940770301898062
5,10,19,1607.84,0.3940770297220911
5,11,19,1675.04,0.3940770295970708
5,12,19,1718.72,0.39407702957584
5,13,19,1745.6,0.3940770295739938
5,14,19,1761.0,0.39407702957381346
5,15,19,1769.0,0.39407702957376073
5,16,19,1772.6,0.39407702957375185
5,17,19,1773.88,0.39407702957375124
5,18,19,1774.16,0.39407702957375124
6,6,19,1028.0,0.39407734476152007
6,7,19,1230.16,0.3940770308114466
6,8,19,1405.84,0.39407698304993205
6,9,19,1548.64,0.3940769787753993
6,10,19,1654.24,0.3940769782898924
6,11,19,1726.24,0.39407697816170023
6,12,19,1773.28,0.3940769781382024
6,13,19,1802.4,0.39407697813600245
6,14,19,1819.2,0.3940769781358105
6,15,19,1828.0,0.3940769781357564
6,16,19,1832.0,0.3940769781357464
6,17,19,1833.44,0.39407697813574566
6,18,19,1833.76,0.3940769781357456
7,7,19,1240.8,0.394077022537963
7,8,19,1426.24,0.39407696945569703
7,9,19,1577.44,0.39407696440879353
7,10,19,1689.64,0.3940769638949798
7,11,19,1766.44,0.3940769637646681
7,12,19,1816.84,0.39407696373901574
7,13,19,1848.2,0.39407696373642165
7,14,19,1866.4,0.3940769637362129
7,15,19,1876.0,0.3940769637361579
7,16,19,1880.4,0.39407696373614687
7,17,19,1882.0,0.39407696373614604
7,18,19,1882.36,0.394076963736146
8,8,19,1436.0,0.3940769643311446
8,9,19,1595.6,0.3940769584057291
8,10,19,1714.4,0.3940769578500573
8,11,19,1796.0,0.39407695771845236
8,12,19,1849.76,0.3940769576908061
8,13,19,1883.36,0.3940769576877819
8,14,19,1902.96,0.39407695768754974
8,15,19,1913.36,0.39407695768749434
8,16,19,1918.16,0.3940769576874824
8,17,19,1919.92,0.3940769576874814
8,18,19,1920.32,0.3940769576874813
9,9,19,1604.0,0.39407695743012666
9,10,19,1729.4,0.39407695681612864
9,11,19,1815.8,0.39407695668373893
9,12,19,1872.92,0.3940769566543026
9,13,19,1908.76,0.39407695665081843
9,14,19,1929.76,0.3940769566505553
9,15,19,1940.96,0.39407695665049974
9,16,19,1946.16,0.3940769566504869
9,17,19,1948.08,0.3940769566504857
9,18,19,1948.52,0.39407695665048564
10,10,19,1736.0,0.3940769567386876
10,11,19,1827.2,0.39407695660561426
10,12,19,1887.68,0.3940769565746264
10,13,19,1925.76,0.3940769565706603
10,14,19,1948.16,0.3940769565703576
10,15,19,1960.16,0.3940769565703019
10,16,19,1965.76,0.39407695657028835
10,17,19,1967.84,0.3940769565702869
10,18,19,1968.32,0.39407695657028685
11,11,19,1832.0,0.3940769566045413
11,12,19,1895.84,0.3940769565722639
11,13,19,1936.16,0.39407695656780306
11,14,19,1959.96,0.3940769565674517
11,15,19,1972.76,0.3940769565673957
11,16,19,1978.76,0.39407695656738156
11,17,19,1981.0,0.39407695656738
11,18,19,1981.52,0.39407695656737995
12,12,19,1899.2,0.39407695657124614
12,13,19,1941.76,0.3940769565662882
12,14,19,1966.96,0.3940769565658788
12,15,19,1980.56,0.39407695656582215
12,16,19,1986.96,0.39407695656580755
12,17,19,1989.36,0.39407695656580577
12,18,19,1989.92,0.3940769565658057
13,13,19,1944.0,0.3940769565657999
13,14,19,1970.6,0.39407695656532304
13,15,19,1985.0,0.3940769565652649
13,16,19,1991.8,0.39407695656525005
13,17,19,1994.36,0.39407695656524805
13,18,19,1994.96,0.39407695656524794
14,14,19,1972.0,0.3940769565652467
14,15,19,1987.2,0.39407695656518626
14,16,19,1994.4,0.3940769565651711
14,17,19,1997.12,0.394076956565169
14,18,19,1997.76,0.39407695656516883
15,15,19,1988.0,0.3940769565651828
15,16,19,1995.6,0.39407695656516756
15,17,19,1998.48,0.3940769565651652
15,18,19,1999.16,0.394076956565165
16,16,19,1996.0,0.3940769565651675
16,17,19,1999.04,0.39407695656516495
16,18,19,1999.76,0.3940769565651648
17,17,19,1999.2,0.39407695656516484
17,18,19,1999.96,0.3940769565651646
18,18,19,2000.0,0.3940769565651646
0,0,24,25.0,0.4160632905061586
0,1,24,111.4,0.3295618902666418
0,2,24,259.52,0.31801034863810446
0,3,24,447.84,0.3170210891427716
0,4,24,657.84,0.31693321867718066
0,5,24,873.84,0.31692148579048285
0,6,24,1082.84,0.3169197455829617
0,7,24,1274.36,0.31691953294122727
0,8,24,1440.28,0.31691950790199674
0,9,24,1574.68,0.3169195034775604
0,10,24,1673.68,0.3169195025944458
0,11,24,1740.88,0.31691950247139233
0,12,24,1784.56,0.3169195024599755
0,13,24,1811.44,0.3169195024582522
0,14,24,1826.84,0.3169195024577837
0,15,24,1834.84,0.3169195024577091
0,16,24,1838.44,0.3169195024577041
0,17,24,1839.72,0.31691950245770373
0,18,24,1840.0,0.3169195024577037
1,1,24,115.0,0.320918770480516
1,2,24,269.56,0.30741972692390956
1,3,24,466.44,0.3061912061164582
1,4,24,686.44,0.3060869259838564
1,5,24,913.24,0.3060748532937434
1,6,24,1133.24,0.30607308266679806
1,7,24,1335.4,0.30607284667841905
1,8,24,1511.08,0.30607281773515405
1,9,24,1653.88,0.3060728131109497
1,10,24,1759.48,0.3060728122208683
1,11,24,1831.48,0.3060728120888669
1,12,24,1878.52,0.30607281207536013
1,13,24,1907.64,0.30607281207348314
1,14,24,1924.44,0.3060728120730074
1,15,24,1933.24,0.3060728120729277
1,16,24,1937.24,0.3060728120729216
1,17,24,1938.68,0.3060728120729212
1,18,24,1939.0,0.3060728120729211
2,2,24,276.0,0.30522895657815163
2,3,24,481.44,0.3037164455916743
2,4,24,711.44,0.30359076895316617
2,5,24,949.04,0.30357810438099725
2,6,24,1180.04,0.3035763154743567
2,7,24,1392.84,0.3035760573347735
2,8,24,1578.28,0.3035760240467019
2,9,24,1729.48,0.3035760191523856
2,10,24,1841.68,0.30357601825796204
2,11,24,1918.48,0.30357601811800433
2,12,24,1968.88,0.30357601810228335
2,13,24,2000.24,0.3035760181002187
2,14,24,2018.44,0.30357601809973783
2,15,24,2028.04,0.3035760180996537
2,16,24,2032.44,0.3035760180996465
2,17,24,2034.04,0.303576018099646
2,18,24,2034.4,0.3035760180996459
3,3,24,490.0,0.30338225977147043
3,4,24,730.0,0.30322919726499853
3,5,24,978.4,0.30321558067202153
3,6,24,1220.4,0.3032137818802889
3,7,24,1443.84,0.3032135034344171
3,8,24,1639.04,0.3032134654110072
3,9,24,1798.64,0.3032134601626546
3,10,24,1917.44,0.30321345926441323
3,11,24,1999.04,0.30321345911763187
3,12,24,2052.8,0.303213459099612
3,13,24,2086.4,0.30321345909732117
3,14,24,2106.0,0.3032134590968357
3,15,24,2116.4,0.3032134590967479
3,16,24,2121.2,0.30321345909673963
3,17,24,2122.96,0.303213459096739
3,18,24,2123.36,0.3032134590967389
4,4,24,740.0,0.3031947051311712
4,5,24,999.2,0.3031796461333699
4,6,24,1252.2,0.3031778397158131
4,7,24,1486.28,0.3031775434114455
4,8,24,1691.24,0.3031775003368863
4,9,24,1859.24,0.30317749463913923
4,10,24,1984.64,0.30317749373518516
4,11,24,2071.04,0.3031774935828002
4,12,24,2128.16,0.3031774935624422
4,13,24,2164.0,0.3031774935598833
4,14,24,2185.0,0.30317749355939255
4,15,24,2196.2,0.30317749355930196
4,16,24,2201.4,0.30317749355929247
4,17,24,2203.32,0.3031774935592918
4,18,24,2203.76,0.3031774935592917
5,5,24,1010.0,0.30317755822848363
5,6,24,1274.0,0.303175737392334
5,7,24,1518.72,0.30317542617797666
5,8,24,1733.44,0.3031753778352272
5,9,24,1909.84,0.3031753715841257
5,10,24,2041.84,0.30317537066987066
5,11,24,2133.04,0.3031753705131246
5,12,24,2193.52,0.30317537049043836
5,13,24,2231.6,0.3031753704875683
5,14,24,2254.0,0.3031753704870698
5,15,24,2266.0,0.3031753704869771
5,16,24,2271.6,0.3031753704869665
5,17,24,2273.68,0.30317537048696575
5,18,24,2274.16,0.3031753704869656
6,6,24,1285.0,0.3031757036356123
6,7,24,1540.36,0.3031753807902412
6,8,24,1764.84,0.3031753270832219
6,9,24,1949.64,0.3031753201697189
6,10,24,2088.24,0.303175319237672
6,11,24,2184.24,0.303175319077754
6,12,24,2248.08,0.30317531905280076
6,13,24,2288.4,0.30317531904957695
6,14,24,2312.2,0.3031753190490668
6,15,24,2325.0,0.30317531904897277
6,16,24,2331.0,0.30317531904896106
6,17,24,2333.24,0.30317531904896017
6,18,24,2333.76,0.30317531904895995
7,7,24,1551.0,0.3031753725167576
7,8,24,1785.24,0.3031753134889869
7,9,24,1978.44,0.3031753058031131
7,10,24,2123.64,0.3031753048427594
7,11,24,2224.44,0.3031753046807219
7,12,24,2291.64,0.3031753046536141
7,13,24,2334.2,0.30317530464999615
7,14,24,2359.4,0.30317530464946923
7,15,24,2373.0,0.30317530464937426
7,16,24,2379.4,0.30317530464936154
7,17,24,2381.8,0.30317530464936043
7,18,24,2382.36,0.3031753046493603
8,8,24,1795.0,0.30317530836443446
8,9,24,1996.6,0.30317529980004865
8,10,24,2148.4,0.3031752987978369
8,11,24,2254.0,0.30317529863450615
8,12,24,2324.56,0.3031752986054045
8,13,24,2369.36,0.3031752986013564
8,14,24,2395.96,0.3031752986008061
8,15,24,2410.36,0.3031752986007108
8,16,24,2417.16,0.3031752986006971
8,17,24,2419.72,0.3031752986006958
8,18,24,2420.32,0.3031752986006957
9,9,24,2005.0,0.30317529882444616
9,10,24,2163.4,0.3031752977639082
9,11,24,2273.8,0.30317529759979267
9,12,24,2347.72,0.303175297568901
9,13,24,2394.76,0.30317529756439293
9,14,24,2422.76,0.3031752975638116
9,15,24,2437.96,0.30317529756371614
9,16,24,2445.16,0.3031752975637016
9,17,24,2447.88,0.30317529756370015
9,18,24,2448.52,0.30317529756370004
10,10,24,2170.0,0.30317529768646717
10,11,24,2285.2,0.303175297521668
10,12,24,2362.48,0.3031752974892247
10,13,24,2411.76,0.3031752974842348
10,14,24,2441.16,0.3031752974836139
10,15,24,2457.16,0.3031752974835183
10,16,24,2464.76,0.303175297483503
10,17,24,2467.64,0.3031752974835014
10,18,24,2468.32,0.30317529748350125
11,11,24,2290.0,0.303175297520595
11,12,24,2370.64,0.3031752974868622
11,13,24,2422.16,0.3031752974813775
11,14,24,2452.96,0.303175297480708
11,15,24,2469.76,0.3031752974806121
11,16,24,2477.76,0.3031752974805963
11,17,24,2480.8,0.30317529748059446
11,18,24,2481.52,0.30317529748059435
12,12,24,2374.0,0.30317529748584443
12,13,24,2427.76,0.3031752974798627
12,14,24,2459.96,0.3031752974791352
12,15,24,2477.56,0.30317529747903854
12,16,24,2485.96,0.3031752974790222
12,17,24,2489.16,0.3031752974790202
12,18,24,2489.92,0.30317529747902006
13,13,24,2430.0,0.3031752974793744
13,14,24,2463.6,0.3031752974785794
13,15,24,2482.0,0.3031752974784814
13,16,24,2490.8,0.3031752974784647
13,17,24,2494.16,0.3031752974784625
13,18,24,2494.96,0.30317529747846234
14,14,24,2465.0,0.3031752974785031
14,15,24,2484.2,0.30317529747840266
14,16,24,2493.4,0.30317529747838584
14,17,24,2496.92,0.30317529747838345
14,18,24,2497.76,0.30317529747838323
15,15,24,2485.0,0.3031752974783992
15,16,24,2494.6,0.30317529747838223
15,17,24,2498.28,0.3031752974783796
15,18,24,2499.16,0.3031752974783794
16,16,24,2495.0,0.3031752974783822
16,17,24,2498.84,0.30317529747837946
16,18,24,2499.76,0.3031752974783792
17,17,24,2499.0,0.3031752974783793
17,18,24,2499.96,0.303175297478379
18,18,24,2500.0,0.303175297478379
0,0,29,30.0,0.35190512694079745
0,1,29,134.4,0.26075038017634655
0,2,29,314.72,0.2487783131990539
0,3,29,545.84,0.24768207026273367
0,4,29,805.84,0.24756514349539868
0,5,29,1075.84,0.24754902224707948
0,6,29,1339.84,0.2475469790618092
0,7,29,1584.56,0.24754674960192866
0,8,29,1799.28,0.2475467130262297
0,9,29,1975.68,0.24754670507403478
0,10,29,2107.68,0.2475467037382021
0,11,29,2198.88,0.24754670359731532
0,12,29,2259.36,0.24754670358340225
0,13,29,2297.44,0.2475467035796747
0,14,29,2319.84,0.2475467035787641
0,15,29,2331.84,0.24754670357865566
0,16,29,2337.44,0.2475467035786504
0,17,29,2339.52,0.2475467035786495
0,18,29,2340.0,0.24754670357864922
1,1,29,138.0,0.2521072603902208
1,2,29,324.76,0.23818769148485902
1,3,29,564.44,0.23685218723642026
1,4,29,834.44,0.2367188508020745
1,5,29,1115.24,0.23670238975034005
1,6,29,1390.24,0.23670031614564563
1,7,29,1645.6,0.23670006333912041
1,8,29,1870.08,0.23670002285938702
1,9,29,2054.88,0.23670001470742405
1,10,29,2193.48,0.23670001336462462
1,11,29,2289.48,0.23670001321478984
1,12,29,2353.32,0.23670001319878678
1,13,29,2393.64,0.2367000131949057
1,14,29,2417.44,0.23670001319398776
1,15,29,2430.24,0.23670001319387418
1,16,29,2436.24,0.23670001319386788
1,17,29,2438.48,0.2367000131938669
1,18,29,2439.0,0.23670001319386663
2,2,29,331.2,0.2359969211391011
2,3,29,579.44,0.23437742671163633
2,4,29,859.44,0.23422269377138424
2,5,29,1151.04,0.23420564083759388
2,6,29,1437.04,0.23420354895320425
2,7,29,1703.04,0.2342032739954748
2,8,29,1937.28,0.23420322917093497
2,9,29,2130.48,0.23420322074885994
2,10,29,2275.68,0.23420321940171837
2,11,29,2376.48,0.2342032192439273
2,12,29,2443.68,0.23420321922571005
2,13,29,2486.24,0.2342032192216413
2,14,29,2511.44,0.2342032192207182
2,15,29,2525.04,0.2342032192206002
2,16,29,2531.44,0.2342032192205928
2,17,29,2533.84,0.23420321922059176
2,18,29,2534.4,0.23420321922059148
3,3,29,588.0,0.23404324089143247
3,4,29,878.0,0.23386112208321655
3,5,29,1180.4,0.23384311712861816
3,6,29,1477.4,0.23384101535913646
3,7,29,1754.04,0.23384072009511847
3,8,29,1998.04,0.2338406705352402
3,9,29,2199.64,0.23384066175912893
3,10,29,2351.44,0.2338406604081695
3,11,29,2457.04,0.2338406602435548
3,12,29,2527.6,0.2338406602230387
3,13,29,2572.4,0.2338406602187437
3,14,29,2599.0,0.23384066021781605
3,15,29,2613.4,0.23384066021769445
3,16,29,2620.2,0.2338406602176859
3,17,29,2622.76,0.23384066021768476
3,18,29,2623.36,0.2338406602176845
4,4,29,888.0,0.23382662994938924
4,5,29,1201.2,0.2338071825899665
4,6,29,1509.2,0.23380507319466065
4,7,29,1796.48,0.23380476007214682
4,8,29,2050.24,0.2338047054611193
4,9,29,2260.24,0.2338046962356136
4,10,29,2418.64,0.23380469487894148
4,11,29,2529.04,0.2338046947087232
4,12,29,2602.96,0.23380469468586898
4,13,29,2650.0,0.2338046946813059
4,14,29,2678.0,0.23380469468037293
4,15,29,2693.2,0.23380469468024848
4,16,29,2700.4,0.2338046946802388
4,17,29,2703.12,0.23380469468023754
4,18,29,2703.76,0.23380469468023726
5,5,29,1212.0,0.23380509468508026
5,6,29,1531.0,0.23380297087118154
5,7,29,1828.92,0.233802642838678
5,8,29,2092.44,0.23380258295946016
5,9,29,2310.84,0.23380257318060013
5,10,29,2475.84,0.23380257181362699
5,11,29,2591.04,0.23380257163904752
5,12,29,2668.32,0.23380257161386503
5,13,29,2717.6,0.2338025716089909
5,14,29,2747.0,0.23380257160805015
5,15,29,2763.0,0.23380257160792361
5,16,29,2770.6,0.2338025716079128
5,17,29,2773.48,0.23380257160791143
5,18,29,2774.16,0.23380257160791115
6,6,29,1542.0,0.23380293711445985
6,7,29,1850.56,0.23380259745094256
6,8,29,2123.84,0.23380253220745495
6,9,29,2350.64,0.23380252176619323
6,10,29,2522.24,0.23380252038142826
6,11,29,2642.24,0.23380252020367698
6,12,29,2722.88,0.2338025201762275
6,13,29,2774.4,0.2338025201709995
6,14,29,2805.2,0.2338025201700472
6,15,29,2822.0,0.23380252016991926
6,16,29,2830.0,0.23380252016990735
6,17,29,2833.04,0.23380252016990583
6,18,29,2833.76,0.23380252016990558
7,7,29,1861.2,0.23380258917745894
7,8,29,2144.24,0.23380251861321996
7,9,29,2379.44,0.23380250739958747
7,10,29,2557.64,0.2338025059865157
7,11,29,2682.44,0.2338025058066449
7,12,29,2766.44,0.23380250577704076
7,13,29,2820.2,0.2338025057714187
7,14,29,2852.4,0.2338025057704496
7,15,29,2870.0,0.2338025057703208
7,16,29,2878.4,0.23380250577030784
7,17,29,2881.6,0.23380250577030617
7,18,29,2882.36,0.2338025057703059
8,8,29,2154.0,0.23380251348866748
8,9,29,2397.6,0.23380250139652298
8,10,29,2582.4,0.23380249994159316
8,11,29,2712.0,0.23380249976042908
8,12,29,2799.36,0.23380249972883116
8,13,29,2855.36,0.23380249972277897
8,14,29,2888.96,0.23380249972178652
8,15,29,2907.36,0.23380249972165726
8,16,29,2916.16,0.23380249972164338
8,17,29,2919.52,0.23380249972164158
8,18,29,2920.32,0.23380249972164127
9,9,29,2406.0,0.23380250042092054
9,10,29,2597.4,0.2338024989076645
9,11,29,2731.8,0.23380249872571562
9,12,29,2822.52,0.23380249869232766
9,13,29,2880.76,0.23380249868581549
9,14,29,2915.76,0.233802498684792
9,15,29,2934.96,0.23380249868466263
9,16,29,2944.16,0.23380249868464792
9,17,29,2947.68,0.2338024986846459
9,18,29,2948.52,0.23380249868464562
10,10,29,2604.0,0.23380249883022347
10,11,29,2743.2,0.23380249864759098
10,12,29,2837.28,0.23380249861265145
10,13,29,2897.76,0.2338024986056573
10,14,29,2934.16,0.2338024986045943
10,15,29,2954.16,0.23380249860446478
10,16,29,2963.76,0.23380249860444932
10,17,29,2967.44,0.23380249860444713
10,18,29,2968.32,0.23380249860444685
11,11,29,2748.0,0.23380249864651798
11,12,29,2845.44,0.23380249861028893
11,13,29,2908.16,0.23380249860280006
11,14,29,2945.96,0.23380249860168842
11,15,29,2966.76,0.23380249860155863
11,16,29,2976.76,0.2338024986015426
11,17,29,2980.6,0.2338024986015402
11,18,29,2981.52,0.23380249860153987
12,12,29,2848.8,0.2338024986092712
12,13,29,2913.76,0.2338024986012853
12,14,29,2952.96,0.23380249860011554
12,15,29,2974.56,0.23380249859998503
12,16,29,2984.96,0.23380249859996852
12,17,29,2988.96,0.23380249859996594
12,18,29,2989.92,0.2338024985999656
13,13,29,2916.0,0.23380249860079694
13,14,29,2956.6,0.2338024985995598
13,15,29,2979.0,0.23380249859942784
13,16,29,2989.8,0.23380249859941102
13,17,29,2993.96,0.23380249859940824
13,18,29,2994.96,0.2338024985994079
14,14,29,2958.0,0.23380249859948343
14,15,29,2981.2,0.23380249859934918
14,16,29,2992.4,0.2338024985993321
14,17,29,2996.72,0.2338024985993292
14,18,29,2997.76,0.2338024985993288
15,15,29,2982.0,0.23380249859934568
15,16,29,2993.6,0.2338024985993285
15,17,29,2998.08,0.23380249859932536
15,18,29,2999.16,0.23380249859932498
16,16,29,2994.0,0.23380249859932845
16,17,29,2998.64,0.23380249859932514
16,18,29,2999.76,0.23380249859932475
17,17,29,2998.8,0.23380249859932503
17,18,29,2999.96,0.2338024985993246
18,18,29,3000.0,0.23380249859932456
0,0,39,40.0,0.26724371710631634
0,1,39,180.4,0.17142333570738816
0,2,39,425.12,0.15817519414374345
0,3,39,741.84,0.15673935995350816
0,4,39,1101.84,0.1565753189074005
0,5,39,1479.84,0.15655547333103334
0,6,39,1853.84,0.15655301186083165
0,7,39,2204.96,0.15655263689654203
0,8,39,2517.28,0.1565525626720193
0,9,39,2777.68,0.15655254901812757
0,10,39,2975.68,0.15655254717731767
0,11,39,3114.88,0.15655254697720078
0,12,39,3208.96,0.15655254694091048
0,13,39,3269.44,0.15655254693145737
0,14,39,3305.84,0.1565525469298254
0,15,39,3325.84,0.15655254692967588
0,16,39,3335.44,0.15655254692966317
0,17,39,3339.12,0.15655254692965956
0,18,39,3340.0,0.15655254692965892
1,1,39,184.0,0.16278021592126235
1,2,39,435.16,0.14758457242954856
1,3,39,760.44,0.14590947692719475
1,4,39,1130.44,0.14572902621407627
1,5,39,1519.24,0.14570884083429392
1,6,39,1904.24,0.14570634894466808
1,7,39,2266.0,0.1457059506337338
1,8,39,2588.08,0.14570587250517658
1,9,39,2856.88,0.14570585865151683
1,10,39,3061.48,0.1457058568037402
1,11,39,3205.48,0.14570585659467528
1,12,39,3302.92,0.14570585655629503
1,13,39,3365.64,0.14570585654668836
1,14,39,3403.44,0.1457058565450491
1,15,39,3424.24,0.14570585654489443
1,16,39,3434.24,0.14570585654488064
1,17,39,3438.08,0.14570585654487697
1,18,39,3439.0,0.14570585654487633
2,2,39,441.6,0.14539380208379063
2,3,39,775.44,0.1434347164024108
2,4,39,1155.44,0.14323286918338604
2,5,39,1555.04,0.14321209192154777
2,6,39,1951.04,0.1432095817522267
2,7,39,2323.44,0.14320916129008818
2,8,39,2655.28,0.14320907881672457
2,9,39,2932.48,0.14320906469295272
2,10,39,3143.68,0.14320906284083398
2,11,39,3292.48,0.14320906262381278
2,12,39,3393.28,0.14320906258321828
2,13,39,3458.24,0.14320906257342397
2,14,39,3497.44,0.1432090625717795
2,15,39,3519.04,0.14320906257162044
2,16,39,3529.44,0.1432090625716056
2,17,39,3533.44,0.1432090625716018
2,18,39,3534.4,0.14320906257160118
3,3,39,784.0,0.14310053058220695
3,4,39,1174.0,0.14287129749521832
3,5,39,1584.4,0.14284956821257205
3,6,39,1991.4,0.1428470481581589
3,7,39,2374.44,0.14284660738973184
3,8,39,2716.04,0.1428465201810298
3,9,39,3001.64,0.14284650570322172
3,10,39,3219.44,0.14284650384728512
3,11,39,3373.04,0.14284650362344026
3,12,39,3477.2,0.14284650358054696
3,13,39,3544.4,0.1428465035705264
3,14,39,3585.0,0.14284650356887738
3,15,39,3607.4,0.1428465035687147
3,16,39,3618.2,0.14284650356869869
3,17,39,3622.36,0.14284650356869483
3,18,39,3623.36,0.1428465035686942
4,4,39,1184.0,0.14283680536139104
4,5,39,1605.2,0.1428136336739204
4,6,39,2023.2,0.14281110599368307
4,7,39,2416.88,0.1428106473667602
4,8,39,2768.24,0.14281055510690888
4,9,39,3062.24,0.14281054017970637
4,10,39,3286.64,0.14281053831805707
4,11,39,3445.04,0.14281053808860866
4,12,39,3552.56,0.14281053804337718
4,13,39,3622.0,0.1428105380330886
4,14,39,3664.0,0.14281053803143423
4,15,39,3687.2,0.14281053803126872
4,16,39,3698.4,0.14281053803125154
4,17,39,3702.72,0.1428105380312476
4,18,39,3703.76,0.14281053803124696
5,5,39,1616.0,0.14281154576903413
5,6,39,2045.0,0.142809003670204
5,7,39,2449.32,0.14280853013329137
5,8,39,2810.44,0.14280843260524975
5,9,39,3112.84,0.1428084171246929
5,10,39,3343.84,0.14280841525274254
5,11,39,3507.04,0.142808415018933
5,12,39,3617.92,0.14280841497137328
5,13,39,3689.6,0.14280841496077357
5,14,39,3733.0,0.1428084149591115
5,15,39,3757.0,0.1428084149589439
5,16,39,3768.6,0.14280841495892557
5,17,39,3773.08,0.14280841495892146
5,18,39,3774.16,0.14280841495892085
6,6,39,2056.0,0.14280896991348227
6,7,39,2470.96,0.1428084847455559
6,8,39,2841.84,0.14280838185324454
6,9,39,3152.64,0.14280836571028602
6,10,39,3390.24,0.14280836382054385
6,11,39,3558.24,0.14280836358356241
6,12,39,3672.48,0.14280836353373572
6,13,39,3746.4,0.1428083635227822
6,14,39,3791.2,0.14280836352110857
6,15,39,3816.0,0.14280836352093954
6,16,39,3828.0,0.1428083635209201
6,17,39,3832.64,0.1428083635209159
6,18,39,3833.76,0.14280836352091528
7,7,39,2481.6,0.14280847647207234
7,8,39,2862.24,0.14280836825900955
7,9,39,3181.44,0.14280835134368022
7,10,39,3425.64,0.14280834942563128
7,11,39,3598.44,0.14280834918653032
7,12,39,3716.04,0.142808349134549
7,13,39,3792.2,0.14280834912320137
7,14,39,3838.4,0.1428083491215109
7,15,39,3864.0,0.14280834912134105
7,16,39,3876.4,0.1428083491213206
7,17,39,3881.2,0.14280834912131624
7,18,39,3882.36,0.1428083491213156
8,8,39,2872.0,0.14280836313445708
8,9,39,3199.6,0.14280834534061576
8,10,39,3450.4,0.14280834338070877
8,11,39,3628.0,0.14280834314031454
8,12,39,3748.96,0.14280834308633938
8,13,39,3827.36,0.14280834307456164
8,14,39,3874.96,0.14280834307284782
8,15,39,3901.36,0.14280834307267753
8,16,39,3914.16,0.14280834307265614
8,17,39,3919.12,0.1428083430726516
8,18,39,3920.32,0.14280834307265097
9,9,39,3208.0,0.1428083443650133
9,10,39,3465.4,0.14280834234678008
9,11,39,3647.8,0.1428083421056011
9,12,39,3772.12,0.1428083420498359
9,13,39,3852.76,0.14280834203759815
9,14,39,3901.76,0.14280834203585335
9,15,39,3928.96,0.14280834203568288
9,16,39,3942.16,0.14280834203566067
9,17,39,3947.28,0.14280834203565593
9,18,39,3948.52,0.14280834203565532
10,10,39,3472.0,0.14280834226933906
10,11,39,3659.2,0.14280834202747644
10,12,39,3786.88,0.14280834197015968
10,13,39,3869.76,0.14280834195743997
10,14,39,3920.16,0.14280834195565562
10,15,39,3948.16,0.14280834195548503
10,16,39,3961.76,0.1428083419554621
10,17,39,3967.04,0.14280834195545722
10,18,39,3968.32,0.14280834195545655
11,11,39,3664.0,0.14280834202640344
11,12,39,3795.04,0.14280834196779715
11,13,39,3880.16,0.14280834195458275
11,14,39,3931.96,0.14280834195274975
11,15,39,3960.76,0.14280834195257885
11,16,39,3974.76,0.14280834195255535
11,17,39,3980.2,0.14280834195255027
11,18,39,3981.52,0.14280834195254957
12,12,39,3798.4,0.1428083419667794
12,13,39,3885.76,0.14280834195306796
12,14,39,3938.96,0.14280834195117686
12,15,39,3968.56,0.14280834195100528
12,16,39,3982.96,0.1428083419509813
12,17,39,3988.56,0.142808341950976
12,18,39,3989.92,0.1428083419509753
13,13,39,3888.0,0.1428083419525796
13,14,39,3942.6,0.1428083419506211
13,15,39,3973.0,0.14280834195044811
13,16,39,3987.8,0.1428083419504238
13,17,39,3993.56,0.1428083419504183
13,18,39,3994.96,0.1428083419504176
14,14,39,3944.0,0.14280834195054473
14,15,39,3975.2,0.14280834195036943
14,16,39,3990.4,0.14280834195034492
14,17,39,3996.32,0.14280834195033923
14,18,39,3997.76,0.1428083419503385
15,15,39,3976.0,0.14280834195036593
15,16,39,3991.6,0.14280834195034126
15,17,39,3997.68,0.14280834195033543
15,18,39,3999.16,0.14280834195033468
16,16,39,3992.0,0.1428083419503412
16,17,39,3998.24,0.1428083419503352
16,18,39,3999.76,0.14280834195033448
17,17,39,3998.4,0.14280834195033507
17,18,39,3999.96,0.1428083419503343
18,18,39,4000.0,0.14280834195033426
0,0,49,50.0,0.22050489654264294
0,1,49,226.4,0.12225783861416042
0,2,49,535.52,0.10743652770244977
0,3,49,937.84,0.1056792125564907
0,4,49,1397.84,0.10549131683781504
0,5,49,1883.84,0.10547087844662105
0,6,49,2367.84,0.10546781956145972
0,7,49,2825.36,0.10546720979032835
0,8,49,3235.28,0.10546709820662548
0,9,49,3579.68,0.10546708229353481
0,10,49,3843.68,0.10546708030688202
0,11,49,4030.88,0.1054670799684551
0,12,49,4158.56,0.1054670798913748
0,13,49,4241.44,0.10546707987709733
0,14,49,4291.84,0.10546707987530303
0,15,49,4319.84,0.10546707987510678
0,16,49,4333.44,0.10546707987506934
0,17,49,4338.72,0.10546707987506204
0,18,49,4340.0,0.10546707987506129
1,1,49,230.0,0.11361471882803463
1,2,49,545.56,0.09684590598825486
1,3,49,956.44,0.09484932953017727
1,4,49,1426.44,0.09464502414449084
1,5,49,1923.24,0.09462424594988161
1,6,49,2418.24,0.09462115664529615
1,7,49,2886.4,0.09462052352752014
1,8,49,3306.08,0.09462040803978278
1,9,49,3658.88,0.09462039192692409
1,10,49,3929.48,0.09462038993330457
1,11,49,4121.48,0.0946203895859296
1,12,49,4252.52,0.09462038950675934
1,13,49,4337.64,0.0946203894923283
1,14,49,4389.44,0.09462038949052672
1,15,49,4418.24,0.09462038949032532
1,16,49,4432.24,0.09462038949028681
1,17,49,4437.68,0.09462038949027946
1,18,49,4439.0,0.09462038949027869
2,2,49,552.0,0.09465513564249695
2,3,49,971.44,0.09237456900539333
2,4,49,1451.44,0.09214886711380058
2,5,49,1959.04,0.09212749703713544
2,6,49,2465.04,0.09212438945285478
2,7,49,2943.84,0.09212373418387453
2,8,49,3373.28,0.09212361435133073
2,9,49,3734.48,0.09212359796835998
2,10,49,4011.68,0.0921235959703983
2,11,49,4208.48,0.09212359561506707
2,12,49,4342.88,0.09212359553368259
2,13,49,4430.24,0.09212359551906392
2,14,49,4483.44,0.09212359551725713
2,15,49,4513.04,0.09212359551705133
2,16,49,4527.44,0.09212359551701173
2,17,49,4533.04,0.09212359551700429
2,18,49,4534.4,0.09212359551700353
3,3,49,980.0,0.09204038318518948
3,4,49,1470.0,0.09178729542563288
3,5,49,1988.4,0.09176497332815974
3,6,49,2505.4,0.09176185585878698
3,7,49,2994.84,0.09176118028351818
3,8,49,3434.04,0.09176105571563598
3,9,49,3803.64,0.09176103897862897
3,10,49,4087.44,0.09176103697684945
3,11,49,4289.04,0.09176103661469455
3,12,49,4426.8,0.09176103653101127
3,13,49,4516.4,0.09176103651616631
3,14,49,4571.0,0.091761036514355
3,15,49,4601.4,0.09176103651414558
3,16,49,4616.2,0.09176103651410482
3,17,49,4621.96,0.09176103651409731
3,18,49,4623.36,0.09176103651409653
4,4,49,1480.0,0.09175280329180557
4,5,49,2009.2,0.09172903878950806
4,6,49,2537.2,0.09172591369431116
4,7,49,3037.28,0.09172522026054651
4,8,49,3486.24,0.09172509064151506
4,9,49,3864.24,0.09172507345511365
4,10,49,4154.64,0.09172507144762143
4,11,49,4361.04,0.09172507107986295
4,12,49,4502.16,0.0917250709938415
4,13,49,4594.0,0.09172507097872853
4,14,49,4650.0,0.09172507097691185
4,15,49,4681.2,0.0917250709766996
4,16,49,4696.4,0.0917250709766577
4,17,49,4702.32,0.09172507097665007
4,18,49,4703.76,0.09172507097664932
5,5,49,2020.0,0.09172695088462182
5,6,49,2559.0,0.09172381137083208
5,7,49,3069.72,0.09172310302707772
5,8,49,3528.44,0.09172296813985593
5,9,49,3914.84,0.09172295040010014
5,10,49,4211.84,0.09172294838230691
5,11,49,4423.04,0.0917229480101873
5,12,49,4567.52,0.0917229479218376
5,13,49,4661.6,0.09172294790641351
5,14,49,4719.0,0.0917229479045891
5,15,49,4751.0,0.09172294790437475
5,16,49,4766.6,0.09172294790433172
5,17,49,4772.68,0.09172294790432398
5,18,49,4774.16,0.0917229479043232
6,6,49,2570.0,0.09172377761411035
6,7,49,3091.36,0.09172305763934228
6,8,49,3559.84,0.09172291738785072
6,9,49,3954.64,0.09172289898569326
6,10,49,4258.24,0.09172289695010823
6,11,49,4474.24,0.09172289657481672
6,12,49,4622.08,0.09172289648420003
6,13,49,4718.4,0.09172289646842213
6,14,49,4777.2,0.09172289646658616
6,15,49,4810.0,0.09172289646637041
6,16,49,4826.0,0.09172289646632627
6,17,49,4832.24,0.09172289646631838
6,18,49,4833.76,0.09172289646631762
7,7,49,3102.0,0.09172304936585866
7,8,49,3580.24,0.09172290379361571
7,9,49,3983.44,0.09172288461908747
7,10,49,4293.64,0.09172288255519563
7,11,49,4514.44,0.09172288217778465
7,12,49,4665.64,0.09172288208501332
7,13,49,4764.2,0.09172288206884131
7,14,49,4824.4,0.09172288206698853
7,15,49,4858.0,0.09172288206677193
7,16,49,4874.4,0.09172288206672677
7,17,49,4880.8,0.09172288206671873
7,18,49,4882.36,0.09172288206671796
8,8,49,3590.0,0.09172289866906325
8,9,49,4001.6,0.09172287861602302
8,10,49,4318.4,0.09172287651027311
8,11,49,4544.0,0.09172287613156886
8,12,49,4698.56,0.09172287603680372
8,13,49,4799.36,0.09172287602020159
8,14,49,4860.96,0.09172287601832543
8,15,49,4895.36,0.09172287601810841
8,16,49,4912.16,0.09172287601806231
8,17,49,4918.72,0.09172287601805412
8,18,49,4920.32,0.09172287601805333
9,9,49,4010.0,0.09172287764042056
9,10,49,4333.4,0.09172287547634443
9,11,49,4563.8,0.0917228750968554
9,12,49,4721.72,0.0917228750003002
9,13,49,4824.76,0.09172287498323811
9,14,49,4887.76,0.09172287498133096
9,15,49,4922.96,0.09172287498111377
9,16,49,4940.16,0.09172287498106682
9,17,49,4946.88,0.09172287498105844
9,18,49,4948.52,0.09172287498105766
10,10,49,4340.0,0.09172287539890342
10,11,49,4575.2,0.09172287501873075
10,12,49,4736.48,0.09172287492062399
10,13,49,4841.76,0.09172287490307991
10,14,49,4906.16,0.09172287490113322
10,15,49,4942.16,0.09172287490091592
10,16,49,4959.76,0.09172287490086825
10,17,49,4966.64,0.09172287490085969
10,18,49,4968.32,0.0917228749008589
11,11,49,4580.0,0.09172287501765775
11,12,49,4744.64,0.09172287491826148
11,13,49,4852.16,0.0917228749002227
11,14,49,4917.96,0.09172287489822735
11,15,49,4954.76,0.09172287489800975
11,16,49,4972.76,0.09172287489796149
11,17,49,4979.8,0.09172287489795275
11,18,49,4981.52,0.09172287489795193
12,12,49,4748.0,0.09172287491724372
12,13,49,4857.76,0.0917228748987079
12,14,49,4924.96,0.09172287489665448
12,15,49,4962.56,0.09172287489643616
12,16,49,4980.96,0.09172287489638745
12,17,49,4988.16,0.0917228748963785
12,18,49,4989.92,0.09172287489637766
13,13,49,4860.0,0.09172287489821956
13,14,49,4928.6,0.0917228748960987
13,15,49,4967.0,0.09172287489587899
13,16,49,4985.8,0.09172287489582993
13,17,49,4993.16,0.0917228748958208
13,18,49,4994.96,0.09172287489581996
14,14,49,4930.0,0.09172287489602238
14,15,49,4969.2,0.09172287489580032
14,16,49,4988.4,0.09172287489575105
14,17,49,4995.92,0.09172287489574173
14,18,49,4997.76,0.09172287489574088
15,15,49,4970.0,0.09172287489579682
15,16,49,4989.6,0.09172287489574742
15,17,49,4997.28,0.09172287489573791
15,18,49,4999.16,0.09172287489573705
16,16,49,4990.0,0.09172287489574736
16,17,49,4997.84,0.0917228748957377
16,18,49,4999.76,0.0917228748957368
17,17,49,4998.0,0.09172287489573756
17,18,49,4999.96,0.09172287489573665
18,18,49,5000.0,0.0917228748957366
0,0,59,60.0,0.1944858811030277
0,1,59,272.4,0.09393593063974418
0,2,59,645.92,0.07766863351875317
0,3,59,1133.84,0.07571877162313613
0,4,59,1693.84,0.0755223815206121
0,5,59,2287.84,0.07549971257683684
0,6,59,2881.84,0.07549566208377712
0,7,59,3445.76,0.07549486559361598
0,8,59,3953.28,0.07549473568960649
0,9,59,4381.68,0.07549471787660432
0,10,59,4711.68,0.0754947152405865
0,11,59,4946.88,0.0754947147190165
0,12,59,5108.16,0.07549471461247365
0,13,59,5213.44,0.07549471459537688
0,14,59,5277.84,0.07549471459321873
0,15,59,5313.84,0.07549471459290294
0,16,59,5331.44,0.07549471459283989
0,17,59,5338.32,0.07549471459283016
0,18,59,5340.0,0.07549471459282928
1,1,59,276.0,0.0852928108536184
1,2,59,655.96,0.06707801180455827
1,3,59,1152.44,0.06488888859682272
1,4,59,1722.44,0.0646760888272879
1,5,59,2327.24,0.06465308008009739
1,6,59,2932.24,0.06464899916761353
1,7,59,3506.8,0.06464817933080776
1,8,59,4024.08,0.06464804552276379
1,9,59,4460.88,0.06464802750999359
1,10,59,4797.48,0.06464802486700903
1,11,59,5037.48,0.064648024336491
1,12,59,5202.12,0.06464802422785819
1,13,59,5309.64,0.06464802421060785
1,14,59,5375.44,0.06464802420844241
1,15,59,5412.24,0.06464802420812145
1,16,59,5430.24,0.06464802420805736
1,17,59,5437.28,0.06464802420804756
1,18,59,5439.0,0.06464802420804669
2,2,59,662.4,0.06488724145880034
2,3,59,1167.44,0.06241412807203878
2,4,59,1747.44,0.062179931796597636
2,5,59,2363.04,0.06215633116735124
2,6,59,2979.04,0.06215223197517216
2,7,59,3564.24,0.062151389987162145
2,8,59,4091.28,0.06215125183431175
2,9,59,4536.48,0.06215123355142948
2,10,59,4879.68,0.06215123090410279
2,11,59,5124.48,0.06215123036562848
2,12,59,5292.48,0.06215123025478145
2,13,59,5402.24,0.062151230237343466
2,14,59,5469.44,0.062151230235172834
2,15,59,5507.04,0.06215123023484748
2,16,59,5525.44,0.06215123023478227
2,17,59,5532.64,0.06215123023477241
2,18,59,5534.4,0.062151230234771516
3,3,59,1176.0,0.06207994225183493
3,4,59,1766.0,0.06181836010842995
3,5,59,2392.4,0.061793807458375524
3,6,59,3019.4,0.061789698381104374
3,7,59,3615.24,0.061788836086805805
3,8,59,4152.04,0.061788693198617
3,9,59,4605.64,0.06178867456169847
3,10,59,4955.44,0.06178867191055392
3,11,59,5205.04,0.06178867136525597
3,12,59,5376.4,0.061788671252110114
3,13,59,5488.4,0.061788671234445855
3,14,59,5557.0,0.06178867123227069
3,15,59,5595.4,0.06178867123194172
3,16,59,5614.2,0.061788671231875376
3,17,59,5621.56,0.06178867123186542
3,18,59,5623.36,0.06178867123186453
4,4,59,1776.0,0.06178386797460263
4,5,59,2413.2,0.061757872919723844
4,6,59,3051.2,0.06175375621662855
4,7,59,3657.68,0.06175287606383415
4,8,59,4204.24,0.06175272812449608
4,9,59,4666.24,0.06175270903818314
4,10,59,5022.64,0.06175270638132589
4,11,59,5277.04,0.061752705830424366
4,12,59,5451.76,0.061752705714940355
4,13,59,5566.0,0.06175270569700809
4,14,59,5636.0,0.06175270569482755
4,15,59,5675.2,0.061752705694495744
4,16,59,5694.4,0.061752705694428256
4,17,59,5701.92,0.061752705694418195
4,18,59,5703.76,0.0617527056944173
5,5,59,2424.0,0.06175578501483761
5,6,59,3073.0,0.06175165389314947
5,7,59,3690.12,0.061750758830365335
5,8,59,4246.44,0.061750605622836956
5,9,59,4716.84,0.06175058598316965
5,10,59,5079.84,0.061750583316011375
5,11,59,5339.04,0.061750582760748705
5,12,59,5517.12,0.061750582642936445
5,13,59,5633.6,0.06175058262469305
5,14,59,5705.0,0.0617505826225048
5,15,59,5745.0,0.0617505826221709
5,16,59,5764.6,0.06175058262210228
5,17,59,5772.28,0.06175058262209209
5,18,59,5774.16,0.06175058262209119
6,6,59,3084.0,0.061751620136427744
6,7,59,3711.76,0.06175071344262991
6,8,59,4277.84,0.061750554870831746
6,9,59,4756.64,0.061750534568762755
6,10,59,5126.24,0.061750531883812694
6,11,59,5390.24,0.061750531325378145
6,12,59,5571.68,0.06175053120529888
6,13,59,5690.4,0.06175053118670168
6,14,59,5763.2,0.06175053118450186
6,15,59,5804.0,0.061750531184166554
6,16,59,5824.0,0.061750531184096825
6,17,59,5831.84,0.06175053118408651
6,18,59,5833.76,0.06175053118408561
7,7,59,3722.4,0.06175070516914629
7,8,59,4298.24,0.06175054127659673
7,9,59,4785.44,0.06175052020215697
7,10,59,5161.64,0.06175051748890009
7,11,59,5430.44,0.061750516928346065
7,12,59,5615.24,0.061750516806112175
7,13,59,5736.2,0.06175051678712086
7,14,59,5810.4,0.06175051678490423
7,15,59,5852.0,0.06175051678456807
7,16,59,5872.4,0.06175051678449732
7,17,59,5880.4,0.06175051678448685
7,18,59,5882.36,0.06175051678448595
8,8,59,4308.0,0.06175053615204427
8,9,59,4803.6,0.061750514199092506
8,10,59,5186.4,0.061750511443977585
8,11,59,5460.0,0.06175051088213027
8,12,59,5648.16,0.06175051075790256
8,13,59,5771.36,0.06175051073848113
8,14,59,5846.96,0.06175051073624113
8,15,59,5889.36,0.06175051073590456
8,16,59,5910.16,0.06175051073583286
8,17,59,5918.32,0.061750510735822224
8,18,59,5920.32,0.061750510735821315
9,9,59,4812.0,0.06175051322349005
9,10,59,5201.4,0.061750510410048906
9,11,59,5479.8,0.06175050984741681
9,12,59,5671.32,0.06175050972139906
9,13,59,5796.76,0.06175050970151766
9,14,59,5873.76,0.06175050969924665
9,15,59,5916.96,0.06175050969890991
9,16,59,5938.16,0.06175050969883737
9,17,59,5946.48,0.06175050969882656
9,18,59,5948.52,0.061750509698825645
10,10,59,5208.0,0.06175051033260789
10,11,59,5491.2,0.06175050976929215
10,12,59,5686.08,0.06175050964172284
10,13,59,5813.76,0.06175050962135946
10,14,59,5892.16,0.06175050961904892
10,15,59,5936.16,0.06175050961871206
10,16,59,5957.76,0.06175050961863881
10,17,59,5966.24,0.061750509618627804
10,18,59,5968.32,0.06175050961862689
11,11,59,5496.0,0.061750509768219164
11,12,59,5694.24,0.061750509639360324
11,13,59,5824.16,0.061750509618502245
11,14,59,5903.96,0.06175050961614305
11,15,59,5948.76,0.061750509615805894
11,16,59,5970.76,0.06175050961573205
11,17,59,5979.4,0.06175050961572086
11,18,59,5981.52,0.06175050961571992
12,12,59,5697.6,0.061750509638342575
12,13,59,5829.76,0.06175050961698745
12,14,59,5910.96,0.061750509614570175
12,15,59,5956.56,0.061750509614232306
12,16,59,5978.96,0.061750509614158
12,17,59,5987.76,0.061750509614146604
12,18,59,5989.92,0.06175050961414567
13,13,59,5832.0,0.0617505096164991
13,14,59,5914.6,0.061750509614014404
13,15,59,5961.0,0.061750509613675134
13,16,59,5983.8,0.06175050961360049
13,17,59,5992.76,0.06175050961358891
13,18,59,5994.96,0.06175050961358795
14,14,59,5916.0,0.06175050961393807
14,15,59,5963.2,0.06175050961359647
14,16,59,5986.4,0.0617505096135216
14,17,59,5995.52,0.06175050961350984
14,18,59,5997.76,0.06175050961350886
15,15,59,5964.0,0.061750509613592956
15,16,59,5987.6,0.06175050961351797
15,17,59,5996.88,0.06175050961350603
15,18,59,5999.16,0.061750509613505034
16,16,59,5988.0,0.06175050961351792
16,17,59,5997.44,0.061750509613505825
16,18,59,5999.76,0.0617505096135048
17,17,59,5997.6,0.06175050961350568
17,18,59,5999.96,0.06175050961350464
18,18,59,6000.0,0.0617505096135046
0,0,79,80.0,0.17005229649236733
0,1,79,364.4,0.06468121506065834
0,2,79,866.72,0.04662207973649499
0,3,79,1525.84,0.04456976200019036
0,4,79,2285.84,0.044362024620631255
0,5,79,3095.84,0.04433113031969099
0,6,79,3909.84,0.04432534994703615
0,7,79,4686.56,0.04432442037597421
0,8,79,5389.28,0.04432428140573785
0,9,79,5985.68,0.04432425651145731
0,10,79,6447.68,0.04432425170760643
0,11,79,6778.88,0.044324250916656496
0,12,79,7007.36,0.04432425079717784
0,13,79,7157.44,0.0443242507753828
0,14,79,7249.84,0.04432425077109278
0,15,79,7301.84,0.04432425077042822
0,16,79,7327.44,0.04432425077034689
0,17,79,7337.52,0.04432425077033535
0,18,79,7340.0,0.04432425077033356
1,1,79,368.0,0.05603809527453255
1,2,79,876.76,0.036031458022300095
1,3,79,1544.44,0.03373987897387694
1,4,79,2314.44,0.03351573192730706
1,5,79,3135.24,0.033484497822951556
1,6,79,3960.24,0.03347868703087258
1,7,79,4747.6,0.03347773411316598
1,8,79,5460.08,0.033477591238895155
1,9,79,6064.88,0.033477566144846586
1,10,79,6533.48,0.03347756133402896
1,11,79,6869.48,0.03347756053413099
1,12,79,7101.32,0.03347756041256239
1,13,79,7253.64,0.033477560390613774
1,14,79,7347.44,0.033477560386316475
1,15,79,7400.24,0.03347756038564674
1,16,79,7426.24,0.03347756038556437
1,17,79,7436.48,0.03347756038555275
1,18,79,7439.0,0.03347756038555097
2,2,79,883.2,0.03384068767654217
2,3,79,1559.44,0.03126511844909299
2,4,79,2339.44,0.031019574896616803
2,5,79,3171.04,0.030987748910205393
2,6,79,4007.04,0.030981919838431213
2,7,79,4805.04,0.030980944769520367
2,8,79,5527.28,0.030980797550443112
2,9,79,6140.48,0.030980772186282472
2,10,79,6615.68,0.030980767371122712
2,11,79,6956.48,0.030980766563268466
2,12,79,7191.68,0.030980766439485646
2,13,79,7346.24,0.030980766417349394
2,14,79,7441.44,0.0309807664130469
2,15,79,7495.04,0.030980766412372757
2,16,79,7521.44,0.03098076641228928
2,17,79,7531.84,0.030980766412277587
2,18,79,7534.4,0.030980766412275807
3,3,79,1568.0,0.030930932628889143
3,4,79,2358.0,0.030658003208449112
3,5,79,3200.4,0.030625225201229685
3,6,79,4047.4,0.030619386244363424
3,7,79,4856.04,0.030618390869164028
3,8,79,5588.04,0.030618238914748356
3,9,79,6209.64,0.030618213196551464
3,10,79,6691.44,0.03061820837757385
3,11,79,7037.04,0.030618207562895954
3,12,79,7275.6,0.030618207436814315
3,13,79,7432.4,0.030618207414451787
3,14,79,7529.0,0.030618207410144753
3,15,79,7583.4,0.030618207409467
3,16,79,7610.2,0.03061820740938238
3,17,79,7620.76,0.030618207409370598
3,18,79,7623.36,0.030618207409368815
4,4,79,2368.0,0.03062351107462179
4,5,79,3221.2,0.030589290662578
4,6,79,4079.2,0.03058344407988759
4,7,79,4898.48,0.030582430846192367
4,8,79,5640.24,0.030582273840627436
4,9,79,6270.24,0.030582247673036137
4,10,79,6758.64,0.030582242848345816
4,11,79,7109.04,0.030582242028064355
4,12,79,7350.96,0.030582241899644556
4,13,79,7510.0,0.03058224187701402
4,14,79,7608.0,0.030582241872701615
4,15,79,7663.2,0.03058224187202103
4,16,79,7690.4,0.030582241871935256
4,17,79,7701.12,0.030582241871923373
4,18,79,7703.76,0.030582241871921583
5,5,79,3232.0,0.03058720275769177
5,6,79,4101.0,0.030581341756408514
5,7,79,4930.92,0.030580313612723557
5,8,79,5682.44,0.030580151338968315
5,9,79,6320.84,0.03058012461802264
5,10,79,6815.84,0.030580119783031306
5,11,79,7171.04,0.03058011895838869
5,12,79,7416.32,0.030580118827640647
5,13,79,7577.6,0.030580118804698984
5,14,79,7677.0,0.03058011880037886
5,15,79,7733.0,0.030580118799696184
5,16,79,7760.6,0.030580118799609275
5,17,79,7771.48,0.030580118799597267
5,18,79,7774.16,0.03058011879959548
6,6,79,4112.0,0.03058130799968679
6,7,79,4952.56,0.030580268224988123
6,8,79,5713.84,0.030580100586963106
6,9,79,6360.64,0.03058007320361576
6,10,79,6862.24,0.030580068350832622
6,11,79,7222.24,0.030580067523018128
6,12,79,7470.88,0.030580067390003077
6,13,79,7634.4,0.030580067366707608
6,14,79,7735.2,0.030580067362375927
6,15,79,7792.0,0.030580067361691835
6,16,79,7820.0,0.03058006736160383
6,17,79,7831.04,0.03058006736159169
6,18,79,7833.76,0.030580067361589896
7,7,79,4963.2,0.030580259951504516
7,8,79,5734.24,0.03058008699272809
7,9,79,6389.44,0.03058005883700997
7,10,79,6897.64,0.030580053955920023
7,11,79,7262.44,0.03058005312598605
7,12,79,7514.44,0.030580052990816373
7,13,79,7680.2,0.030580052967126792
7,14,79,7782.4,0.030580052962778295
7,15,79,7840.0,0.03058005296209336
7,16,79,7868.4,0.030580052962004323
7,17,79,7879.6,0.030580052961992028
7,18,79,7882.36,0.03058005296199023
8,8,79,5744.0,0.030580081868175624
8,9,79,6407.6,0.030580052833945506
8,10,79,6922.4,0.030580047910997513
8,11,79,7292.0,0.03058004707977026
8,12,79,7547.36,0.03058004694260676
8,13,79,7715.36,0.03058004691848706
8,14,79,7818.96,0.030580046914115196
8,15,79,7877.36,0.030580046913429845
8,16,79,7906.16,0.030580046913339865
8,17,79,7917.52,0.030580046913327406
8,18,79,7920.32,0.030580046913325606
9,9,79,6416.0,0.030580051858343057
9,10,79,6937.4,0.030580046877068837
9,11,79,7311.8,0.030580046045056798
9,12,79,7570.52,0.030580045906103255
9,13,79,7740.76,0.030580045881523587
9,14,79,7845.76,0.030580045877120713
9,15,79,7904.96,0.030580045876435195
9,16,79,7934.16,0.03058004587634438
9,17,79,7945.68,0.03058004587633174
9,18,79,7948.52,0.030580045876329936
10,10,79,6944.0,0.03058004679962782
10,11,79,7323.2,0.030580045966932142
10,12,79,7585.28,0.030580045826427035
10,13,79,7757.76,0.030580045801365387
10,14,79,7864.16,0.030580045796922983
10,15,79,7924.16,0.03058004579623735
10,16,79,7953.76,0.030580045796145813
10,17,79,7965.44,0.030580045796132986
10,18,79,7968.32,0.03058004579613117
11,11,79,7328.0,0.030580045965859146
11,12,79,7593.44,0.030580045824064525
11,13,79,7768.16,0.030580045798508176
11,14,79,7875.96,0.030580045794017113
11,15,79,7936.76,0.03058004579333118
11,16,79,7966.76,0.03058004579323905
11,17,79,7978.6,0.030580045793226034
11,18,79,7981.52,0.03058004579322421
12,12,79,7596.8,0.030580045823046773
12,13,79,7773.76,0.030580045796993378
12,14,79,7882.96,0.03058004579244424
12,15,79,7944.56,0.030580045791757587
12,16,79,7974.96,0.030580045791664994
12,17,79,7986.96,0.03058004579165179
12,18,79,7989.92,0.030580045791649947
13,13,79,7776.0,0.03058004579650503
13,14,79,7886.6,0.030580045791888468
13,15,79,7949.0,0.03058004579120042
13,16,79,7979.8,0.030580045791107492
13,17,79,7991.96,0.030580045791094093
13,18,79,7994.96,0.03058004579109224
14,14,79,7888.0,0.030580045791812133
14,15,79,7951.2,0.030580045791121748
14,16,79,7982.4,0.030580045791028604
14,17,79,7994.72,0.03058004579101502
14,18,79,7997.76,0.030580045791013144
15,15,79,7952.0,0.03058004579111824
15,16,79,7983.6,0.03058004579102497
15,17,79,7996.08,0.030580045791011215
15,18,79,7999.16,0.030580045791009317
16,16,79,7984.0,0.03058004579102492
16,17,79,7996.64,0.030580045791011
16,18,79,7999.76,0.03058004579100908
17,17,79,7996.8,0.030580045791010858
17,18,79,7999.96,0.030580045791008915
18,18,79,8000.0,0.030580045791008887
0,0,99,100.0,0.15980793581913355
0,1,99,456.4,0.050854369786299515
0,2,99,1087.52,0.03220316737128742
0,3,99,1917.84,0.03013373360930169
0,4,99,2877.84,0.029907448668194347
0,5,99,3903.84,0.029872121192187236
0,6,99,4937.84,0.029865949196870443
0,7,99,5927.36,0.029864956161023026
0,8,99,6825.28,0.029864791150613693
0,9,99,7589.68,0.02986476096735547
0,10,99,8183.68,0.029864755633377846
0,11,99,8610.88,0.02986475476226094
0,12,99,8906.56,0.02986475461082324
0,13,99,9101.44,0.02986475458172678
0,14,99,9221.84,0.029864754576638907
0,15,99,9289.84,0.029864754575899852
0,16,99,9323.44,0.02986475457579335
0,17,99,9336.72,0.029864754575776187
0,18,99,9340.0,0.029864754575773905
1,1,99,460.0,0.04221125000017373
1,2,99,1097.56,0.021612545657092534
1,3,99,1936.44,0.01930385058298827
1,4,99,2906.44,0.019061155974870157
1,5,99,3943.24,0.0190254886954478
1,6,99,4988.24,0.019019286280706878
1,7,99,5988.4,0.0190182698982148
1,8,99,6896.08,0.019018100983771005
1,9,99,7668.88,0.019018070600744747
1,10,99,8269.48,0.01901806525980038
1,11,99,8701.48,0.019018064379735432
1,12,99,9000.52,0.019018064226207793
1,13,99,9197.64,0.01901806419695776
1,14,99,9319.44,0.019018064191862603
1,15,99,9388.24,0.01901806419111838
1,16,99,9422.24,0.019018064191010833
1,17,99,9435.68,0.019018064190993594
1,18,99,9439.0,0.01901806419099131
2,2,99,1104.0,0.019421775311334606
2,3,99,1951.44,0.016829090058204325
2,4,99,2931.44,0.016564998944179902
2,5,99,3979.04,0.016528739782701637
2,6,99,5035.04,0.016522519088265502
2,7,99,6045.84,0.016521480554569187
2,8,99,6963.28,0.016521307295318963
2,9,99,7744.48,0.01652127664218063
2,10,99,8351.68,0.016521271296894135
2,11,99,8788.48,0.016521270408872905
2,12,99,9090.88,0.016521270253131052
2,13,99,9290.24,0.016521270223693377
2,14,99,9413.44,0.016521270218593023
2,15,99,9483.04,0.016521270217844396
2,16,99,9517.44,0.016521270217735744
2,17,99,9531.04,0.01652127021771843
2,18,99,9534.4,0.016521270217716145
3,3,99,1960.0,0.016494904238000475
3,4,99,2950.0,0.01620342725601221
3,5,99,4008.4,0.016166216073725925
3,6,99,5075.4,0.01615998549419771
3,7,99,6096.84,0.016158926654212848
3,8,99,7024.04,0.016158748659624207
3,9,99,7813.64,0.016158717652449625
3,10,99,8427.44,0.01615871230334527
3,11,99,8869.04,0.016158711408500396
3,12,99,9174.8,0.01615871125045972
3,13,99,9376.4,0.016158711220795773
3,14,99,9501.0,0.016158711215690878
3,15,99,9571.4,0.01615871121493864
3,16,99,9606.2,0.01615871121482884
3,17,99,9619.96,0.016158711214811442
3,18,99,9623.36,0.016158711214809152
4,4,99,2960.0,0.01616893512218489
4,5,99,4029.2,0.016130281535074245
4,6,99,5107.2,0.016124043329721883
4,7,99,6139.28,0.016122966631241187
4,8,99,7076.24,0.016122783585503283
4,9,99,7874.24,0.016122752128934298
4,10,99,8494.64,0.016122746774117236
4,11,99,8941.04,0.016122745873668794
4,12,99,9250.16,0.01612274571328996
4,13,99,9454.0,0.016122745683358006
4,14,99,9580.0,0.016122745678247744
4,15,99,9651.2,0.01612274567749267
4,16,99,9686.4,0.016122745677381718
4,17,99,9700.32,0.016122745677364214
4,18,99,9703.76,0.01612274567736192
5,5,99,4040.0,0.016128193630188015
5,6,99,5129.0,0.016121941006242806
5,7,99,6171.72,0.016120849397772377
5,8,99,7118.44,0.016120661083844162
5,9,99,7924.84,0.016120629073920797
5,10,99,8551.84,0.016120623708802725
5,11,99,9003.04,0.01612062280399313
5,12,99,9315.52,0.016120622641286053
5,13,99,9521.6,0.016120622611042967
5,14,99,9649.0,0.016120622605924985
5,15,99,9721.0,0.016120622605167823
5,16,99,9756.6,0.016120622605055736
5,17,99,9770.68,0.01612062260503811
5,18,99,9774.16,0.016120622605035818
6,6,99,5140.0,0.01612190724952108
6,7,99,6193.36,0.016120804010036946
6,8,99,7149.84,0.016120610331838953
6,9,99,7964.64,0.016120577659513916
6,10,99,8598.24,0.016120572276604038
6,11,99,9054.24,0.01612057136862257
6,12,99,9370.08,0.016120571203648487
6,13,99,9578.4,0.016120571173051594
6,14,99,9707.2,0.01612057116792205
6,15,99,9780.0,0.016120571167163474
6,16,99,9816.0,0.01612057116705029
6,17,99,9830.24,0.01612057116703253
6,18,99,9833.76,0.016120571167030234
7,7,99,6204.0,0.016120795736553332
7,8,99,7170.24,0.01612059673760394
7,9,99,7993.44,0.016120563292908126
7,10,99,8633.64,0.016120557881691443
7,11,99,9094.44,0.016120556971590493
7,12,99,9413.64,0.016120556804461783
7,13,99,9624.2,0.016120556773470778
7,14,99,9754.4,0.016120556768324416
7,15,99,9828.0,0.016120556767564995
7,16,99,9864.4,0.016120556767450785
7,17,99,9878.8,0.01612055676743287
7,18,99,9882.36,0.016120556767430568
8,8,99,7180.0,0.016120591613051474
8,9,99,8011.6,0.016120557289843667
8,10,99,8658.4,0.016120551836768932
8,11,99,9124.0,0.0161205509253747
8,12,99,9446.56,0.016120550756252166
8,13,99,9659.36,0.016120550724831043
8,14,99,9790.96,0.01612055071966132
8,15,99,9865.36,0.01612055071890148
8,16,99,9902.16,0.01612055071878633
8,17,99,9916.72,0.016120550718768247
8,18,99,9920.32,0.016120550718765943
9,9,99,8020.0,0.01612055631424121
9,10,99,8673.4,0.016120550802840257
9,11,99,9143.8,0.01612054989066124
9,12,99,9469.72,0.01612054971974866
9,13,99,9684.76,0.01612054968786757
9,14,99,9817.76,0.016120549682666838
9,15,99,9892.96,0.016120549681906834
9,16,99,9930.16,0.016120549681790844
9,17,99,9944.88,0.016120549681772584
9,18,99,9948.52,0.01612054968177027
10,10,99,8680.0,0.016120550725399238
10,11,99,9155.2,0.016120549812536585
10,12,99,9484.48,0.01612054964007244
10,13,99,9701.76,0.016120549607709374
10,14,99,9836.16,0.01612054960246911
10,15,99,9912.16,0.016120549601708986
10,16,99,9949.76,0.016120549601592274
10,17,99,9964.64,0.01612054960157383
10,18,99,9968.32,0.01612054960157151
11,11,99,9160.0,0.01612054981146359
11,12,99,9492.64,0.01612054963770993
11,13,99,9712.16,0.016120549604852163
11,14,99,9847.96,0.016120549599563237
11,15,99,9924.76,0.016120549598802814
11,16,99,9962.76,0.016120549598685512
11,17,99,9977.8,0.016120549598666878
11,18,99,9981.52,0.016120549598664543
12,12,99,9496.0,0.01612054963669218
12,13,99,9717.76,0.016120549603337364
12,14,99,9854.96,0.016120549597990363
12,15,99,9932.56,0.016120549597229226
12,16,99,9970.96,0.01612054959711146
12,17,99,9986.16,0.01612054959709263
12,18,99,9989.92,0.016120549597090285
13,13,99,9720.0,0.01612054960284902
13,14,99,9858.6,0.016120549597434596
13,15,99,9937.0,0.016120549596672057
13,16,99,9975.8,0.016120549596553957
13,17,99,9991.16,0.016120549596534937
13,18,99,9994.96,0.016120549596532575
14,14,99,9860.0,0.016120549597358258
14,15,99,9939.2,0.016120549596593387
14,16,99,9978.4,0.016120549596475065
14,17,99,9993.92,0.016120549596455862
14,18,99,9997.76,0.01612054959645348
15,15,99,9940.0,0.016120549596589876
15,16,99,9979.6,0.016120549596471433
15,17,99,9995.28,0.016120549596452056
15,18,99,9999.16,0.016120549596449655
16,16,99,9980.0,0.01612054959647138
16,17,99,9995.84,0.016120549596451844
16,18,99,9999.76,0.01612054959644942
17,17,99,9996.0,0.016120549596451702
17,18,99,9999.96,0.016120549596449252
18,18,99,10000.0,0.016120549596449225
0,0,119,120.0,0.15480245768596274
0,1,119,548.4,0.04374408804289396
0,2,119,1308.32,0.024968826897045153
0,3,119,2309.84,0.022863915213296424
0,4,119,3469.84,0.022624621254672798
0,5,119,4711.84,0.022588480987319297
0,6,119,5965.84,0.02258215203185431
0,7,119,7168.16,0.022581056071517332
0,8,119,8261.28,0.022580871862260588
0,9,119,9193.68,0.022580840615678204
0,10,119,9919.68,0.022580835067015734
0,11,119,10442.88,0.022580834050988832
0,12,119,10805.76,0.022580833868402442
0,13,119,11045.44,0.0225808338369077
0,14,119,11193.84,0.02258083383159206
0,15,119,11277.84,0.022580833830705895
0,16,119,11319.44,0.02258083383056628
0,17,119,11335.92,0.022580833830546692
0,18,119,11340.0,0.022580833830544267
1,1,119,552.0,0.03510096825676818
1,2,119,1318.36,0.014378205182850263
1,3,119,2328.44,0.01203403218698301
1,4,119,3498.44,0.011778328561348599
1,5,119,4751.24,0.011741848490579859
1,6,119,6016.24,0.01173548911569074
1,7,119,7229.2,0.011734369808709103
1,8,119,8332.08,0.011734181695417905
1,9,119,9272.88,0.01173415024906748
1,10,119,10005.48,0.011734144693438265
1,11,119,10533.48,0.011734143668463315
1,12,119,10899.72,0.011734143483786994
1,13,119,11141.64,0.011734143452138681
1,14,119,11291.44,0.01173414344681576
1,15,119,11376.24,0.011734143445924414
1,16,119,11418.24,0.011734143445783765
1,17,119,11434.88,0.0117341434457641
1,18,119,11439.0,0.01173414344576167
2,2,119,1324.8,0.012187434837092333
2,3,119,2343.44,0.009559271662199068
2,4,119,3523.44,0.009282171530658344
2,5,119,4787.04,0.009245099577833697
2,6,119,6063.04,0.009238721923249364
2,7,119,7286.64,0.009237580465063495
2,8,119,8399.28,0.009237388006965863
2,9,119,9348.48,0.009237356290503367
2,10,119,10087.68,0.009237350730532017
2,11,119,10620.48,0.009237349697600794
2,12,119,10990.08,0.00923734951071025
2,13,119,11234.24,0.009237349478874298
2,14,119,11385.44,0.009237349473546179
2,15,119,11471.04,0.009237349472650435
2,16,119,11513.44,0.009237349472508673
2,17,119,11530.24,0.009237349472488937
2,18,119,11534.4,0.009237349472486504
3,3,119,2352.0,0.009225085841995216
3,4,119,3542.0,0.008920599842490651
3,5,119,4816.4,0.008882575868857987
3,6,119,6103.4,0.008876188329181573
3,7,119,7337.64,0.008875026564707152
3,8,119,8460.04,0.008874829371271105
3,9,119,9417.64,0.008874797300772359
3,10,119,10163.44,0.008874791736983157
3,11,119,10701.04,0.008874790697228283
3,12,119,11074.0,0.008874790508038922
3,13,119,11320.4,0.008874790475976694
3,14,119,11473.0,0.008874790470644035
3,15,119,11559.4,0.008874790469744678
3,16,119,11602.2,0.008874790469601773
3,17,119,11619.16,0.008874790469581948
3,18,119,11623.36,0.00887479046957951
4,4,119,3552.0,0.008886107708663332
4,5,119,4837.2,0.008846641330206304
4,6,119,6135.2,0.008840246164705745
4,7,119,7380.08,0.008839066541735493
4,8,119,8512.24,0.008838864297150181
4,9,119,9478.24,0.008838831777257031
4,10,119,10230.64,0.008838826207755123
4,11,119,10773.04,0.008838825162396683
4,12,119,11149.36,0.008838824970869161
4,13,119,11398.0,0.008838824938538927
4,14,119,11552.0,0.0088388249332009
4,15,119,11639.2,0.008838824932298707
4,16,119,11682.4,0.008838824932154652
4,17,119,11699.52,0.008838824932134722
4,18,119,11703.76,0.008838824932132281
5,5,119,4848.0,0.008844553425320074
5,6,119,6157.0,0.008838143841226666
5,7,119,7412.52,0.008836949308266683
5,8,119,8554.44,0.00883674179549106
5,9,119,9528.84,0.008836708722243534
5,10,119,10287.84,0.008836703142440611
5,11,119,10835.04,0.008836702092721018
5,12,119,11214.72,0.008836701898865254
5,13,119,11465.6,0.00883670186622389
5,14,119,11621.0,0.008836701860878142
5,15,119,11709.0,0.008836701859973862
5,16,119,11752.6,0.008836701859828669
5,17,119,11769.88,0.008836701859808619
5,18,119,11774.16,0.008836701859806177
6,6,119,6168.0,0.008838110084504943
6,7,119,7434.16,0.008836903920531249
6,8,119,8585.84,0.008836691043485851
6,9,119,9568.64,0.008836657307836653
6,10,119,10334.24,0.008836651710241925
6,11,119,10886.24,0.008836650657350455
6,12,119,11269.28,0.008836650461227686
6,13,119,11522.4,0.008836650428232515
6,14,119,11679.2,0.008836650422875207
6,15,119,11768.0,0.008836650421969511
6,16,119,11812.0,0.008836650421823225
6,17,119,11829.44,0.008836650421803038
6,18,119,11833.76,0.00883665042180059
7,7,119,7444.8,0.00883689564704764
7,8,119,8606.24,0.008836677449250837
7,9,119,9597.44,0.008836642941230863
7,10,119,10369.64,0.008836637315329327
7,11,119,10926.44,0.008836636260318378
7,12,119,11312.84,0.008836636062040982
7,13,119,11568.2,0.0088366360286517
7,14,119,11726.4,0.008836636023277573
7,15,119,11816.0,0.008836636022371032
7,16,119,11860.4,0.008836636022223718
7,17,119,11878.0,0.008836636022203376
7,18,119,11882.36,0.008836636022200927
8,8,119,8616.0,0.008836672324698373
8,9,119,9615.6,0.008836636938166402
8,10,119,10394.4,0.008836631270406816
8,11,119,10956.0,0.008836630214102586
8,12,119,11345.76,0.008836630013831365
8,13,119,11603.36,0.008836629980011964
8,14,119,11762.96,0.00883662997461448
8,15,119,11853.36,0.008836629973707521
8,16,119,11898.16,0.008836629973559261
8,17,119,11915.92,0.008836629973538755
8,18,119,11920.32,0.0088366299735363
9,9,119,9624.0,0.008836635962563948
9,10,119,10409.4,0.00883663023647814
9,11,119,10975.8,0.008836629179389124
9,12,119,11368.92,0.008836628977327862
9,13,119,11628.76,0.008836628943048491
9,14,119,11789.76,0.008836628937619996
9,15,119,11880.96,0.008836628936712871
9,16,119,11926.16,0.008836628936563774
9,17,119,11944.08,0.008836628936543092
9,18,119,11948.52,0.008836628936540629
10,10,119,10416.0,0.008836630159037122
10,11,119,10987.2,0.008836629101264468
10,12,119,11383.68,0.008836628897651643
10,13,119,11645.76,0.008836628862890297
10,14,119,11808.16,0.008836628857422264
10,15,119,11900.16,0.008836628856515023
10,16,119,11945.76,0.008836628856365205
10,17,119,11963.84,0.008836628856344338
10,18,119,11968.32,0.008836628856341866
11,11,119,10992.0,0.008836629100191475
11,12,119,11391.84,0.008836628895289132
11,13,119,11656.16,0.008836628860033084
11,14,119,11819.96,0.008836628854516393
11,15,119,11912.76,0.008836628853608855
11,16,119,11958.76,0.008836628853458444
11,17,119,11977.0,0.008836628853437386
11,18,119,11981.52,0.008836628853434903
12,12,119,11395.2,0.00883662889427138
12,13,119,11661.76,0.008836628858518285
12,14,119,11826.96,0.008836628852943522
12,15,119,11920.56,0.008836628852035261
12,16,119,11966.96,0.008836628851884392
12,17,119,11985.36,0.008836628851863138
12,18,119,11989.92,0.008836628851860644
13,13,119,11664.0,0.008836628858029938
13,14,119,11830.6,0.008836628852387753
13,15,119,11925.0,0.008836628851478094
13,16,119,11971.8,0.008836628851326888
13,17,119,11990.36,0.008836628851305447
13,18,119,11994.96,0.008836628851302935
14,14,119,11832.0,0.008836628852311413
14,15,119,11927.2,0.008836628851399422
14,16,119,11974.4,0.008836628851247997
14,17,119,11993.12,0.00883662885122637
14,18,119,11997.76,0.00883662885122384
15,15,119,11928.0,0.008836628851395916
15,16,119,11975.6,0.008836628851244366
15,17,119,11994.48,0.008836628851222564
15,18,119,11999.16,0.008836628851220014
16,16,119,11976.0,0.008836628851244314
16,17,119,11995.04,0.008836628851222354
16,18,119,11999.76,0.00883662885121978
17,17,119,11995.2,0.00883662885122221
17,18,119,11999.96,0.008836628851219611
18,18,119,12000.0,0.008836628851219584
0,0,159,160.0,0.15087890419190297
0,1,159,732.4,0.03789140293766367
0,2,159,1749.92,0.01907239400323571
0,3,159,3093.84,0.01691104223108144
0,4,159,4653.84,0.016665880793361544
0,5,159,6327.84,0.016629217183883497
0,6,159,8021.84,0.016622469425072936
0,7,159,9649.76,0.016621294309685456
0,8,159,11133.28,0.01662110474061954
0,9,159,12401.68,0.016621071835575964
0,10,159,13391.68,0.016621065581971035
0,11,159,14106.88,0.01662106444463774
0,12,159,14604.16,0.016621064250725567
0,13,159,14933.44,0.016621064216578597
0,14,159,15137.84,0.016621064210366826
0,15,159,15253.84,0.01662106420932711
0,16,159,15311.44,0.016621064209172292
0,17,159,15334.32,0.01662106420915025
0,18,159,15340.0,0.016621064209147298
1,1,159,736.0,0.029248283151537893
1,2,159,1759.96,0.008481772289040814
1,3,159,3112.44,0.006081159204768019
1,4,159,4682.44,0.0058195881000373435
1,5,159,6367.24,0.005782584687144062
1,6,159,8072.24,0.005775806508909368
1,7,159,9710.8,0.005774608046877222
1,8,159,11204.08,0.005774414573776854
1,9,159,12480.88,0.005774381468965243
1,10,159,13477.48,0.005774375208393568
1,11,159,14197.48,0.005774374062112218
1,12,159,14698.12,0.005774373866110121
1,13,159,15029.64,0.005774373831809579
1,14,159,15235.44,0.005774373825590527
1,15,159,15352.24,0.005774373824545635
1,16,159,15410.24,0.005774373824389772
1,17,159,15433.28,0.005774373824367665
1,18,159,15439.0,0.005774373824364704
2,2,159,1766.4,0.006291001943282886
2,3,159,3127.44,0.003606398679984077
2,4,159,4707.44,0.0033234310693470897
2,5,159,6403.04,0.003285835774397898
2,6,159,8119.04,0.003279039316467993
2,7,159,9768.24,0.0032778187032316123
2,8,159,11271.28,0.0032776208853248115
2,9,159,12556.48,0.0032775875104011296
2,10,159,13559.68,0.0032775812454873205
2,11,159,14284.48,0.0032775800912496944
2,12,159,14788.48,0.003277579893033378
2,13,159,15122.24,0.003277579858545194
2,14,159,15329.44,0.003277579852320945
2,15,159,15447.04,0.0032775798512716552
2,16,159,15505.44,0.0032775798511146823
2,17,159,15528.64,0.0032775798510925017
2,18,159,15534.4,0.0032775798510895375
3,3,159,3136.0,0.0032722128597802267
3,4,159,4726.0,0.002961859381179398
3,5,159,6432.4,0.002923312065422189
3,6,159,8159.4,0.002916505722400202
3,7,159,9819.24,0.0029152648028752705
3,8,159,11332.04,0.002915062249630054
3,9,159,12625.64,0.002915028520670122
3,10,159,13635.44,0.0029150222519384594
3,11,159,14365.04,0.0029150210908771837
3,12,159,14872.4,0.0029150208903620475
3,13,159,15208.4,0.0029150208556475883
3,14,159,15417.0,0.0029150208494188026
3,15,159,15535.4,0.002915020848365896
3,16,159,15594.2,0.0029150208482077813
3,17,159,15617.56,0.002915020848185512
3,18,159,15623.36,0.002915020848182544
4,4,159,4736.0,0.0029273672473520782
4,5,159,6453.2,0.0028873775267705053
4,6,159,8191.2,0.0028805635579243734
4,7,159,9861.68,0.002879304779903611
4,8,159,11384.24,0.0028790971755091304
4,9,159,12686.24,0.0028790629971547944
4,10,159,13702.64,0.0028790567227104246
4,11,159,14437.04,0.0028790555560455834
4,12,159,14947.76,0.0028790553531922876
4,13,159,15286.0,0.0028790553182098224
4,14,159,15496.0,0.002879055311975667
4,15,159,15615.2,0.002879055310919927
4,16,159,15674.4,0.00287905531076066
4,17,159,15697.92,0.002879055310738286
4,18,159,15703.76,0.0028790553107353157
5,5,159,6464.0,0.002885289621884276
5,6,159,8213.0,0.0028784612344452966
5,7,159,9894.12,0.0028771875464348
5,8,159,11426.44,0.00287697467385001
5,9,159,12736.84,0.0028769399421412975
5,10,159,13759.84,0.002876933657395914
5,11,159,14499.04,0.00287693248636992
5,12,159,15013.12,0.0028769322811883803
5,13,159,15353.6,0.0028769322458947846
5,14,159,15565.0,0.002876932239652909
5,15,159,15685.0,0.0028769322385950808
5,16,159,15744.6,0.002876932238434678
5,17,159,15768.28,0.002876932238412183
5,18,159,15774.16,0.00287693223840921
6,6,159,8224.0,0.002878427477723572
6,7,159,9915.76,0.002877142158699367
6,8,159,11457.84,0.0028769239218448014
6,9,159,12776.64,0.0028768885277344154
6,10,159,13806.24,0.002876882225197227
6,11,159,14550.24,0.0028768810509993566
6,12,159,15067.68,0.002876880843550813
6,13,159,15410.4,0.0028768808079034096
6,14,159,15623.2,0.002876880801649974
6,15,159,15744.0,0.002876880800590731
6,16,159,15804.0,0.002876880800429234
6,17,159,15827.84,0.0028768808004066017
6,18,159,15833.76,0.0028768808004036263
7,7,159,9926.4,0.002877133885215757
7,8,159,11478.24,0.0028769103276097873
7,9,159,12805.44,0.002876874161128625
7,10,159,13841.64,0.00287686783028463
7,11,159,14590.44,0.0028768666539672793
7,12,159,15111.24,0.002876866444364109
7,13,159,15456.2,0.0028768664083225937
7,14,159,15670.4,0.0028768664020523403
7,15,159,15792.0,0.002876866400992252
7,16,159,15852.4,0.0028768664008297254
7,17,159,15876.4,0.0028768664008069406
7,18,159,15882.36,0.0028768664008039613
8,8,159,11488.0,0.0028769052030573217
8,9,159,12823.6,0.002876868158064166
8,10,159,13866.4,0.0028768617853621205
8,11,159,14620.0,0.0028768606077514878
8,12,159,15144.16,0.0028768603961544918
8,13,159,15491.36,0.002876860359682859
8,14,159,15706.96,0.0028768603533892464
8,15,159,15829.36,0.0028768603523287393
8,16,159,15890.16,0.0028768603521652693
8,17,159,15914.32,0.0028768603521423194
8,18,159,15920.32,0.002876860352139335
9,9,159,12832.0,0.002876867182461711
9,10,159,13881.4,0.0028768607514334434
9,11,159,14639.8,0.002876859573038026
9,12,159,15167.32,0.002876859359650988
9,13,159,15516.76,0.0028768593227193858
9,14,159,15733.76,0.002876859316394764
9,15,159,15856.96,0.0028768593153340907
9,16,159,15918.16,0.0028768593151697825
9,17,159,15942.48,0.002876859315146655
9,18,159,15948.52,0.0028768593151436636
10,10,159,13888.0,0.0028768606739924254
10,11,159,14651.2,0.00287685949491337
10,12,159,15182.08,0.0028768592799747685
10,13,159,15533.76,0.0028768592425611897
10,14,159,15752.16,0.0028768592361970323
10,15,159,15876.16,0.0028768592351362423
10,16,159,15937.76,0.0028768592349712146
10,17,159,15962.24,0.0028768592349479017
10,18,159,15968.32,0.002876859234944901
11,11,159,14656.0,0.002876859493840377
11,12,159,15190.24,0.002876859277612259
11,13,159,15544.16,0.0028768592397039787
11,14,159,15763.96,0.0028768592332911597
11,15,159,15888.76,0.0028768592322300736
11,16,159,15950.76,0.0028768592320644534
11,17,159,15975.4,0.0028768592320409492
11,18,159,15981.52,0.0028768592320379377
12,12,159,15193.6,0.0028768592765945067
12,13,159,15549.76,0.002876859238189179
12,14,159,15770.96,0.002876859231718288
12,15,159,15896.56,0.0028768592306564807
12,16,159,15958.96,0.0028768592304903996
12,17,159,15983.76,0.0028768592304667024
12,18,159,15989.92,0.002876859230463678
13,13,159,15552.0,0.002876859237700833
13,14,159,15774.6,0.002876859231162521
13,15,159,15901.0,0.002876859230099314
13,16,159,15963.8,0.002876859229932897
13,17,159,15988.76,0.0028768592299090096
13,18,159,15994.96,0.002876859229905969
14,14,159,15776.0,0.0028768592310861817
14,15,159,15903.2,0.0028768592300206426
14,16,159,15966.4,0.002876859229854005
14,17,159,15991.52,0.0028768592298299336
14,18,159,15997.76,0.002876859229826874
15,15,159,15904.0,0.0028768592300171345
15,16,159,15967.6,0.0028768592298503734
15,17,159,15992.88,0.002876859229826128
15,18,159,15999.16,0.0028768592298230476
16,16,159,15968.0,0.0028768592298503226
16,17,159,15993.44,0.002876859229825917
16,18,159,15999.76,0.0028768592298228134
17,17,159,15993.6,0.0028768592298257733
17,18,159,15999.96,0.0028768592298226447
18,18,159,16000.0,0.0028768592298226187
0,0,199,200.0,0.14979115115819536
0,1,199,916.4,0.03607623618411474
0,2,199,2191.52,0.017218634641695537
0,3,199,3877.84,0.015041853906924233
0,4,199,5837.84,0.014796237309497426
0,5,199,7943.84,0.014759053398201875
0,6,199,10077.84,0.014752233023950819
0,7,199,12131.36,0.014751051817649578
0,8,199,14005.28,0.014750857758527027
0,9,199,15609.68,0.014750823933764493
0,10,199,16863.68,0.014750817619538675
0,11,199,17770.88,0.01475081645772335
0,12,199,18402.56,0.014750816253607182
0,13,199,18821.44,0.014750816218049544
0,14,199,19081.84,0.014750816211747588
0,15,199,19229.84,0.014750816210664385
0,16,199,19303.44,0.014750816210496282
0,17,199,19332.72,0.014750816210473002
0,18,199,19340.0,0.01475081621046998
1,1,199,920.0,0.02743311639798898
1,2,199,2201.56,0.006628012927500638
1,3,199,3896.44,0.004211970880610808
1,4,199,5866.44,0.003949944616173236
1,5,199,7983.24,0.003912420901462445
1,6,199,10128.24,0.0039055701077872506
1,7,199,12192.4,0.0039043655548413408
1,8,199,14076.08,0.003904167591684341
1,9,199,15688.88,0.0039041335671537655
1,10,199,16949.48,0.003904127245961201
1,11,199,17861.48,0.0039041260751978314
1,12,199,18496.52,0.003904125868991742
1,13,199,18917.64,0.003904125833280528
1,14,199,19179.44,0.0039041258269712892
1,15,199,19328.24,0.003904125825882917
1,16,199,19402.24,0.0039041258257137665
1,17,199,19431.68,0.0039041258256904132
1,18,199,19439.0,0.003904125825687384
2,2,199,2208.0,0.004437242581742707
2,3,199,3911.44,0.0017372103558268666
2,4,199,5891.44,0.0014537875854829796
2,5,199,8019.04,0.0014156719887162825
2,6,199,10175.04,0.001408802915345875
2,7,199,12249.84,0.0014075762111957295
2,8,199,14143.28,0.0014073739032322995
2,9,199,15764.48,0.0014073396085896514
2,10,199,17031.68,0.0014073332830549534
2,11,199,17948.48,0.0014073321043353083
2,12,199,18586.88,0.0014073318959149967
2,13,199,19010.24,0.0014073318600161422
2,14,199,19273.44,0.0014073318537017063
2,15,199,19423.04,0.001407331852608937
2,16,199,19497.44,0.0014073318524386769
2,17,199,19527.04,0.0014073318524152516
2,18,199,19534.4,0.0014073318524122176
3,3,199,3920.0,0.0014030245356230168
3,4,199,5910.0,0.001092215897315288
3,5,199,8048.4,0.0010531482797405728
3,6,199,10215.4,0.0010462693212780834
3,7,199,12300.84,0.0010450223108393877
3,8,199,14204.04,0.0010448152675375418
3,9,199,15833.64,0.0010447806188586442
3,10,199,17107.44,0.0010447742895060928
3,11,199,18029.04,0.0010447731039627975
3,12,199,18670.8,0.0010447728932436663
3,13,199,19096.4,0.0010447728571185363
3,14,199,19361.0,0.0010447728507995636
3,15,199,19511.4,0.0010447728497031783
3,16,199,19586.2,0.001044772849531776
3,17,199,19615.96,0.0010447728495082624
3,18,199,19623.36,0.0010447728495052244
4,4,199,5920.0,0.0010577237634879682
4,5,199,8069.2,0.0010172137410888891
4,6,199,10247.2,0.0010103271568022555
4,7,199,12343.28,0.0010090622878677284
4,8,199,14256.24,0.0010088501934166184
4,9,199,15894.24,0.0010088150953433163
4,10,199,17174.64,0.0010088087602780579
4,11,199,18101.04,0.0010088075691311975
4,12,199,18746.16,0.0010088073560739063
4,13,199,19174.0,0.0010088073196807706
4,14,199,19440.0,0.001008807313356428
4,15,199,19591.2,0.0010088073122572088
4,16,199,19666.4,0.0010088073120846546
4,17,199,19696.32,0.001008807312061036
4,18,199,19703.76,0.0010088073120579958
5,5,199,8080.0,0.0010151258362026598
5,6,199,10269.0,0.0010082248333231783
5,7,199,12375.72,0.0010069450543989174
5,8,199,14298.44,0.0010067276917574983
5,9,199,15944.84,0.0010066920403298191
5,10,199,17231.84,0.0010066856949635474
5,11,199,18163.04,0.0010066844994555337
5,12,199,18811.52,0.001006684284069999
5,13,199,19241.6,0.0010066842473657324
5,14,199,19509.0,0.0010066842410336703
5,15,199,19661.0,0.0010066842399323625
5,16,199,19736.6,0.0010066842397586722
5,17,199,19766.68,0.001006684239734933
5,18,199,19774.16,0.00100668423973189
6,6,199,10280.0,0.0010081910766014536
6,7,199,12397.36,0.0010068996666634843
6,8,199,14329.84,0.0010066769397522894
6,9,199,15984.64,0.0010066406259229372
6,10,199,17278.24,0.0010066342627648602
6,11,199,18214.24,0.0010066330640849702
6,12,199,18866.08,0.0010066328464324314
6,13,199,19298.4,0.0010066328093743576
6,14,199,19567.2,0.0010066328030307352
6,15,199,19720.0,0.0010066328019280133
6,16,199,19796.0,0.0010066328017532284
6,17,199,19826.24,0.0010066328017293519
6,18,199,19833.76,0.0010066328017263061
7,7,199,12408.0,0.0010068913931798745
7,8,199,14350.24,0.0010066633455172757
7,9,199,16013.44,0.0010066262593171466
7,10,199,17313.64,0.0010066198678522632
7,11,199,18254.44,0.0010066186670528933
7,12,199,18909.64,0.0010066184472457271
7,13,199,19344.2,0.0010066184097935413
7,14,199,19614.4,0.0010066184034331017
7,15,199,19768.0,0.0010066184023295344
7,16,199,19844.4,0.0010066184021537198
7,17,199,19874.8,0.001006618402129691
7,18,199,19882.36,0.0010066184021266416
8,8,199,14360.0,0.0010066582209648097
8,9,199,16031.6,0.001006620256252687
8,10,199,17338.4,0.0010066138229297534
8,11,199,18284.0,0.0010066126208371018
8,12,199,18942.56,0.0010066123990361102
8,13,199,19379.36,0.0010066123611538068
8,14,199,19650.96,0.0010066123547700077
8,15,199,19805.36,0.0010066123536660214
8,16,199,19882.16,0.001006612353489264
8,17,199,19912.72,0.0010066123534650693
8,18,199,19920.32,0.0010066123534620147
9,9,199,16040.0,0.0010066192806502327
9,10,199,17353.4,0.0010066127890010768
9,11,199,18303.8,0.0010066115861236404
9,12,199,18965.72,0.0010066113625326067
9,13,199,19404.76,0.0010066113241903338
9,14,199,19677.76,0.001006611317775525
9,15,199,19832.96,0.0010066113166713729
9,16,199,19910.16,0.0010066113164937773
9,17,199,19940.88,0.0010066113164694053
9,18,199,19948.52,0.001006611316466344
10,10,199,17360.0,0.0010066127115600587
10,11,199,18315.2,0.0010066115079989837
10,12,199,18980.48,0.0010066112828563873
10,13,199,19421.76,0.0010066112440321375
10,14,199,19696.16,0.0010066112375777937
10,15,199,19852.16,0.0010066112364735243
10,16,199,19929.76,0.0010066112362952092
10,17,199,19960.64,0.0010066112362706514
10,18,199,19968.32,0.0010066112362675814
11,11,199,18320.0,0.0010066115069259907
11,12,199,18988.64,0.0010066112804938774
11,13,199,19432.16,0.0010066112411749265
11,14,199,19707.96,0.001006611234671921
11,15,199,19864.76,0.001006611233567355
11,16,199,19942.76,0.001006611233388448
11,17,199,19973.8,0.0010066112333636994
11,18,199,19981.52,0.001006611233360618
12,12,199,18992.0,0.001006611279476125
12,13,199,19437.76,0.0010066112396601272
12,14,199,19714.96,0.0010066112330990493
12,15,199,19872.56,0.0010066112319937629
12,16,199,19950.96,0.001006611231814394
12,17,199,19982.16,0.0010066112317894526
12,18,199,19989.92,0.0010066112317863578
13,13,199,19440.0,0.0010066112391717804
13,14,199,19718.6,0.0010066112325432819
13,15,199,19877.0,0.0010066112314365962
13,16,199,19955.8,0.0010066112312568916
13,17,199,19987.16,0.0010066112312317598
13,18,199,19994.96,0.0010066112312286492
14,14,199,19720.0,0.0010066112324669425
14,15,199,19879.2,0.0010066112313579247
14,16,199,19958.4,0.0010066112311779994
14,17,199,19989.92,0.0010066112311526837
14,18,199,19997.76,0.0010066112311495545
15,15,199,19880.0,0.0010066112313544164
15,16,199,19959.6,0.001006611231174368
15,17,199,19991.28,0.0010066112311488782
15,18,199,19999.16,0.001006611231145728
16,16,199,19960.0,0.0010066112311743168
16,17,199,19991.84,0.0010066112311486668
16,18,199,19999.76,0.0010066112311454935
17,17,199,19992.0,0.0010066112311485234
17,18,199,19999.96,0.0010066112311453252
18,18,199,20000.0,0.0010066112311452988
0,0,239,240.0,0.14946931234784888
0,1,239,1100.4,0.03547397989675425
0,2,239,2633.12,0.016585114277844485
0,3,239,4661.84,0.014405608946384789
0,4,239,7021.84,0.014159519609029773
0,5,239,9559.84,0.014122202437988883
0,6,239,12133.84,0.014115376812872941
0,7,239,14612.96,0.014114189753851666
0,8,239,16877.28,0.014113994673150665
0,9,239,18817.68,0.014113960784334151
0,10,239,20335.68,0.014113954419838174
0,11,239,21434.88,0.01411395324536553
0,12,239,22200.96,0.014113953040287383
0,13,239,22709.44,0.014113953004445597
0,14,239,23025.84,0.014113952998026646
0,15,239,23205.84,0.014113952996928759
0,16,239,23295.44,0.014113952996759648
0,17,239,23331.12,0.014113952996735873
0,18,239,23340.0,0.014113952996732758
1,1,239,1104.0,0.02683086011062848
1,2,239,2643.16,0.005994492563649588
1,3,239,4680.44,0.0035757259200713642
1,4,239,7050.44,0.003313226915705587
1,5,239,9599.24,0.0032755699412494468
1,6,239,12184.24,0.003268713896709373
1,7,239,14674.0,0.00326750349104343
1,8,239,16948.08,0.003267304506307974
1,9,239,18896.88,0.0032672704177234254
1,10,239,20421.48,0.003267264046260698
1,11,239,21525.48,0.0032672628628400142
1,12,239,22294.92,0.003267262655671946
1,13,239,22805.64,0.0032672626196765813
1,14,239,23123.44,0.003267262613250342
1,15,239,23304.24,0.003267262612147286
1,16,239,23394.24,0.003267262611977129
1,17,239,23430.08,0.003267262611953287
1,18,239,23439.0,0.0032672626119501615
2,2,239,2649.6,0.0038037222178916577
2,3,239,4695.44,0.0011009653952874223
2,4,239,7075.44,0.0008170698850153309
2,5,239,9635.04,0.0007788210285032847
2,6,239,12231.04,0.000771946704267997
2,7,239,14731.44,0.0007707141473978178
2,8,239,17015.28,0.0007705108178559325
2,9,239,18972.48,0.0007704764591593096
2,10,239,20503.68,0.0007704700833544511
2,11,239,21612.48,0.0007704688919774916
2,12,239,22385.28,0.0007704686825951983
2,13,239,22898.24,0.0007704686464121958
2,14,239,23217.44,0.0007704686399807595
2,15,239,23399.04,0.000770468638873306
2,16,239,23489.44,0.0007704686387020406
2,17,239,23525.44,0.0007704686386781255
2,18,239,23534.4,0.0007704686386749952
3,3,239,4704.0,0.0007667795750835724
3,4,239,7094.0,0.00045549819684763946
3,5,239,9664.4,0.00041629731952757507
3,6,239,12271.4,0.0004094131102002057
3,7,239,14782.44,0.00040816024704147595
3,8,239,17076.04,0.0004079521821611749
3,9,239,19041.64,0.0004079174694283023
3,10,239,20579.44,0.00040791108980559043
3,11,239,21693.04,0.0004079098916049807
3,12,239,22469.2,0.0004079096799238682
3,13,239,22984.4,0.0004079096435145897
3,14,239,23305.0,0.00040790963707861683
3,15,239,23487.4,0.0004079096359675474
3,16,239,23578.2,0.00040790963579514
3,17,239,23614.36,0.0004079096357711361
3,18,239,23623.36,0.0004079096357680023
4,4,239,7104.0,0.00042100606302031935
4,5,239,9685.2,0.0003803627808758912
4,6,239,12303.2,0.00037347094572437776
4,7,239,14824.88,0.0003722002240698166
4,8,239,17128.24,0.00037198710804025155
4,9,239,19102.24,0.0003719519459129745
4,10,239,20646.64,0.00037194556057755545
4,11,239,21765.04,0.00037194435677338067
4,12,239,22544.56,0.0003719441427541083
4,13,239,23062.0,0.000371944106076824
4,14,239,23384.0,0.0003719440996354813
4,15,239,23567.2,0.00037194409852157786
4,16,239,23658.4,0.00037194409834801834
4,17,239,23694.72,0.00037194409832390986
4,18,239,23703.76,0.00037194409832077337
5,5,239,9696.0,0.000378274875989662
5,6,239,12325.0,0.0003713686222453005
5,7,239,14857.32,0.00037008299060100556
5,8,239,17170.44,0.0003698646063811314
5,9,239,19152.84,0.0003698288908994774
5,10,239,20703.84,0.00036982249526304505
5,11,239,21827.04,0.000369821287097717
5,12,239,22609.92,0.00036982107075020094
5,13,239,23129.6,0.0003698210337617859
5,14,239,23453.0,0.00036982102731272364
5,15,239,23637.0,0.0003698210261967315
5,16,239,23728.6,0.0003698210260220362
5,17,239,23765.08,0.00036982102599780677
5,18,239,23774.16,0.0003698210259946678
6,6,239,12336.0,0.00037133486552357584
6,7,239,14878.96,0.00037003760286557255
6,8,239,17201.84,0.00036981385437592247
6,9,239,19192.64,0.00036977747649259544
6,10,239,20750.24,0.00036977106306435774
6,11,239,21878.24,0.0003697698517271536
6,12,239,22664.48,0.0003697696331126333
6,13,239,23186.4,0.00036976959577041113
6,14,239,23511.2,0.0003697695893097883
6,15,239,23696.0,0.00036976958819238227
6,16,239,23788.0,0.0003697695880165922
6,17,239,23824.64,0.0003697695879922257
6,18,239,23833.76,0.00036976958798908384
7,7,239,14889.6,0.0003700293293819627
7,8,239,17222.24,0.00036980026014090886
7,9,239,19221.44,0.0003697631098868048
7,10,239,20785.64,0.00036975666815176075
7,11,239,21918.44,0.0003697554546950765
7,12,239,22708.04,0.0003697552339259291
7,13,239,23232.2,0.0003697551961895948
7,14,239,23558.4,0.00036975518971215504
7,15,239,23744.0,0.00036975518859390345
7,16,239,23836.4,0.00036975518841708373
7,17,239,23873.2,0.000369755188392565
7,18,239,23882.36,0.0003697551883894194
8,8,239,17232.0,0.0003697951355884429
8,9,239,19239.6,0.0003697571068223453
8,10,239,20810.4,0.00036975062322925105
8,11,239,21948.0,0.0003697494084792851
8,12,239,22740.96,0.0003697491857163123
8,13,239,23267.36,0.00036974914754986035
8,14,239,23594.96,0.0003697491410490608
8,15,239,23781.36,0.0003697491399303905
8,16,239,23874.16,0.0003697491397526278
8,17,239,23911.12,0.0003697491397279431
8,18,239,23920.32,0.0003697491397247925
9,9,239,19248.0,0.00036975613121989086
9,10,239,20825.4,0.0003697495893005744
9,11,239,21967.8,0.0003697483737658236
9,12,239,22764.12,0.0003697481492128086
9,13,239,23292.76,0.00036974811058638725
9,14,239,23621.76,0.00036974810405457825
9,15,239,23808.96,0.00036974810293574195
9,16,239,23902.16,0.00036974810275714105
9,17,239,23939.28,0.0003697481027322791
9,18,239,23948.52,0.0003697481027291217
10,10,239,20832.0,0.0003697495118595563
10,11,239,21979.2,0.0003697482956411669
10,12,239,22778.88,0.00036974806953658936
10,13,239,23309.76,0.00036974803042819115
10,14,239,23640.16,0.0003697480238568468
10,15,239,23828.16,0.0003697480227378933
10,16,239,23921.76,0.000369748022558573
10,17,239,23959.04,0.00036974802253352527
10,18,239,23968.32,0.0003697480225303591
11,11,239,21984.0,0.00036974829456817404
11,12,239,22787.04,0.00036974806717407943
11,13,239,23320.16,0.00036974802757097993
11,14,239,23651.96,0.00036974802095097407
11,15,239,23840.76,0.00036974801983172425
11,16,239,23934.76,0.000369748019651812
11,17,239,23972.2,0.00036974801962657314
11,18,239,23981.52,0.0003697480196233959
12,12,239,22790.4,0.000369748066156327
12,13,239,23325.76,0.0003697480260561806
12,14,239,23658.96,0.0003697480193781025
12,15,239,23848.56,0.00036974801825813197
12,16,239,23942.96,0.0003697480180777578
12,17,239,23980.56,0.0003697480180523264
12,18,239,23989.92,0.0003697480180491356
13,13,239,23328.0,0.00036974802556783397
13,14,239,23662.6,0.0003697480188223351
13,15,239,23853.0,0.0003697480177009653
13,16,239,23947.8,0.00036974801752025547
13,17,239,23985.56,0.0003697480174946336
13,18,239,23994.96,0.0003697480174914268
14,14,239,23664.0,0.0003697480187459958
14,15,239,23855.2,0.00036974801762229375
14,16,239,23950.4,0.0003697480174413634
14,17,239,23988.32,0.0003697480174155575
14,18,239,23997.76,0.00036974801741233214
15,15,239,23856.0,0.0003697480176187856
15,16,239,23951.6,0.0003697480174377318
15,17,239,23989.68,0.000369748017411752
15,18,239,23999.16,0.00036974801740850567
16,16,239,23952.0,0.00036974801743768057
16,17,239,23990.24,0.0003697480174115406
16,18,239,23999.76,0.0003697480174082712
17,17,239,23990.4,0.00036974801741139723
17,18,239,23999.96,0.0003697480174081029
18,18,239,24000.0,0.0003697480174080765
0,0,279,280.0,0.1493675731993475
0,1,279,1284.4,0.03526499961603577
0,2,279,3074.72,0.016356594379860662
0,3,279,5445.84,0.014176706521794022
0,4,279,8205.84,0.013930329588125876
0,5,279,11175.84,0.013892995945283948
0,6,279,14189.84,0.013886165129760963
0,7,279,17094.56,0.013884976583068786
0,8,279,19749.28,0.013884781436862306
0,9,279,22025.68,0.013884747482508897
0,10,279,23807.68,0.013884741104657582
0,11,279,25098.88,0.013884739929440794
0,12,279,25999.36,0.013884739723767824
0,13,279,26597.44,0.01388473968776355
0,14,279,26969.84,0.013884739681333967
0,15,279,27181.84,0.01388473968023301
0,16,279,27287.44,0.013884739680062595
0,17,279,27329.52,0.01388473968003869
0,18,279,27340.0,0.013884739680035577
1,1,279,1288.0,0.02662187982991001
1,2,279,3084.76,0.005765972665665766
1,3,279,5464.44,0.003346823495480596
1,4,279,8234.44,0.003084036894801687
1,5,279,11215.24,0.0030463634485445126
1,6,279,14240.24,0.003039502213597389
1,7,279,17155.6,0.0030382903202605537
1,8,279,19820.08,0.003038091270019621
1,9,279,22104.88,0.0030380571158981685
1,10,279,23893.48,0.0030380507310801053
1,11,279,25189.48,0.003038049546915281
1,12,279,26093.32,0.0030380493391523843
1,13,279,26693.64,0.0030380493029945337
1,14,279,27067.44,0.0030380492965576644
1,15,279,27280.24,0.0030380492954515353
1,16,279,27386.24,0.0030380492952800774
1,17,279,27428.48,0.003038049295256113
1,18,279,27439.0,0.0030380492952529793
2,2,279,3091.2,0.003575202319907834
2,3,279,5479.44,0.0008720629706966536
2,4,279,8259.44,0.0005878798641114311
2,5,279,11251.04,0.0005496145357983491
2,6,279,14287.04,0.0005427350211560157
2,7,279,17213.04,0.0005415009766149415
2,8,279,19887.28,0.0005412975815675793
2,9,279,22180.48,0.000541263157334052
2,10,279,23975.68,0.0005412567681738576
2,11,279,25276.48,0.0005412555760527579
2,12,279,26183.68,0.0005412553660756371
2,13,279,26786.24,0.0005412553297301482
2,14,279,27161.44,0.0005412553232880803
2,15,279,27375.04,0.0005412553221775562
2,16,279,27481.44,0.0005412553220049897
2,17,279,27523.84,0.000541255321980952
2,18,279,27534.4,0.0005412553219778129
3,3,279,5488.0,0.0005378771504928036
3,4,279,8278.0,0.00022630817594373955
3,5,279,11280.4,0.00018709082682263952
3,6,279,14327.4,0.00018020142708822433
3,7,279,17264.04,0.00017894707625859942
3,8,279,19948.04,0.00017873894587282173
3,9,279,22249.64,0.0001787041676030446
3,10,279,24051.44,0.0001786977746249969
3,11,279,25357.04,0.00017869657568024685
3,12,279,26267.6,0.00017869636340430694
3,13,279,26872.4,0.00017869632683254196
3,14,279,27249.0,0.00017869632038593775
3,15,279,27463.4,0.00017869631927179753
3,16,279,27570.2,0.00017869631909808901
3,17,279,27612.76,0.0001786963190739624
3,18,279,27623.36,0.00017869631907081995
4,4,279,8288.0,0.00019181604211641952
4,5,279,11301.2,0.0001511562881709556
4,6,279,14359.2,0.0001442592626123963
4,7,279,17306.48,0.0001429870532869401
4,8,279,20000.24,0.00014277387175189838
4,9,279,22310.24,0.0001427386440877168
4,10,279,24118.64,0.00014273224539696193
4,11,279,25429.04,0.0001427310408486468
4,12,279,26342.96,0.00014273082623454705
4,13,279,26950.0,0.00014273078939477628
4,14,279,27328.0,0.0001427307829428022
4,15,279,27543.2,0.00014273078182582794
4,16,279,27650.4,0.0001427307816509674
4,17,279,27693.12,0.00014273078162673616
4,18,279,27703.76,0.0001427307816235911
5,5,279,11312.0,0.0001490683832847264
5,6,279,14381.0,0.0001421569391333191
5,7,279,17338.92,0.00014086981981812908
5,8,279,20042.44,0.00014065137009277825
5,9,279,22360.84,0.0001406155890742197
5,10,279,24175.84,0.0001406091800824515
5,11,279,25491.04,0.00014060797117298318
5,12,279,26408.32,0.00014060775423063967
5,13,279,27017.6,0.00014060771707973812
5,14,279,27397.0,0.00014060771062004456
5,15,279,27613.0,0.00014060770950098162
5,16,279,27720.6,0.00014060770932498525
5,17,279,27763.48,0.000140607709300633
5,18,279,27774.16,0.00014060770929748544
6,6,279,14392.0,0.0001421231824115944
6,7,279,17360.56,0.00014082443208269604
6,8,279,20073.84,0.00014060061808756933
6,9,279,22400.64,0.00014056417466733775
6,10,279,24222.24,0.00014055774788376425
6,11,279,25542.24,0.0001405565358024197
6,12,279,26462.88,0.000140556316593072
6,13,279,27074.4,0.00014055627908836346
6,14,279,27455.2,0.0001405562726171092
6,15,279,27672.0,0.00014055627149663232
6,16,279,27780.0,0.00014055627131954128
6,17,279,27823.04,0.00014055627129505198
6,18,279,27833.76,0.00014055627129190153
7,7,279,17371.2,0.00014081615859908616
7,8,279,20094.24,0.00014058702385255571
7,9,279,22429.44,0.00014054980806154713
7,10,279,24257.64,0.0001405433529711672
7,11,279,25582.44,0.00014054213877034264
7,12,279,26506.44,0.0001405419174063679
7,13,279,27120.2,0.00014054187950754708
7,14,279,27502.4,0.000140541873019476
7,15,279,27720.0,0.00014054187189815347
7,16,279,27828.4,0.00014054187172003282
7,17,279,27871.6,0.0001405418716953912
7,18,279,27882.36,0.00014054187169223702
8,8,279,20104.0,0.00014058189930008972
8,9,279,22447.6,0.00014054380499708765
8,10,279,24282.4,0.00014053730804865753
8,11,279,25612.0,0.00014053609255455126
8,12,279,26539.36,0.00014053586919675101
8,13,279,27155.36,0.00014053583086781263
8,14,279,27538.96,0.00014053582435638167
8,15,279,27757.36,0.00014053582323464057
8,16,279,27866.16,0.00014053582305557685
8,17,279,27909.52,0.00014053582303076936
8,18,279,27920.32,0.00014053582302761013
9,9,279,22456.0,0.00014054282939463317
9,10,279,24297.4,0.0001405362741199808
9,11,279,25631.8,0.00014053505784108973
9,12,279,26562.52,0.00014053483269324727
9,13,279,27180.76,0.00014053479390433953
9,14,279,27565.76,0.00014053478736189914
9,15,279,27784.96,0.000140534786239992
9,16,279,27894.16,0.00014053478606009014
9,17,279,27937.68,0.00014053478603510538
9,18,279,27948.52,0.00014053478603193937
10,10,279,24304.0,0.0001405361966789628
10,11,279,25643.2,0.00014053497971643306
10,12,279,26577.28,0.00014053475301702804
10,13,279,27197.76,0.00014053471374614343
10,14,279,27584.16,0.00014053470716416774
10,15,279,27804.16,0.00014053470604214336
10,16,279,27913.76,0.00014053470586152208
10,17,279,27957.44,0.00014053470583635152
10,18,279,27968.32,0.00014053470583317676
11,11,279,25648.0,0.00014053497864344018
11,12,279,26585.44,0.00014053475065451814
11,13,279,27208.16,0.00014053471088893219
11,14,279,27595.96,0.000140534704258295
11,15,279,27816.76,0.00014053470313597432
11,16,279,27926.76,0.00014053470295476107
11,17,279,27970.6,0.00014053470292939941
11,18,279,27981.52,0.0001405347029262136
12,12,279,26588.8,0.00014053474963676566
12,13,279,27213.76,0.0001405347093741329
12,14,279,27602.96,0.00014053470268542338
12,15,279,27824.56,0.00014053470156238205
12,16,279,27934.96,0.00014053470138070692
12,17,279,27978.96,0.00014053470135515266
12,18,279,27989.92,0.0001405347013519533
13,13,279,27216.0,0.00014053470888578625
13,14,279,27606.6,0.00014053470212965609
13,15,279,27829.0,0.00014053470100521535
13,16,279,27939.8,0.0001405347008232045
13,17,279,27983.96,0.00014053470079745988
13,18,279,27994.96,0.0001405347007942445
14,14,279,27608.0,0.0001405347020533167
14,15,279,27831.2,0.00014053470092654385
14,16,279,27942.4,0.00014053470074431242
14,17,279,27986.72,0.00014053470071838376
14,18,279,27997.76,0.0001405347007151498
15,15,279,27832.0,0.00014053470092303564
15,16,279,27943.6,0.00014053470074068086
15,17,279,27988.08,0.0001405347007145783
15,18,279,27999.16,0.0001405347007113234
16,16,279,27944.0,0.00014053470074062969
16,17,279,27988.64,0.00014053470071436692
16,18,279,27999.76,0.0001405347007110889
17,17,279,27988.8,0.00014053470071422354
17,18,279,27999.96,0.00014053470071092057
18,18,279,28000.0,0.00014053470071089417
0,0,319,320.0,0.1493338318290553
0,1,319,1468.4,0.03518993829602693
0,2,319,3516.32,0.016271062692928804
0,3,319,6229.84,0.014091054147026121
0,4,319,9389.84,0.013844557730150966
0,5,319,12791.84,0.01380722184669644
0,6,319,16245.84,0.013800388241181948
0,7,319,19576.16,0.01379919953805649
0,8,319,22621.28,0.013799004332300701
0,9,319,25233.68,0.01379897035943701
0,10,319,27279.68,0.013798963980762491
0,11,319,28762.88,0.013798962804804442
0,12,319,29797.76,0.013798962598956717
0,13,319,30485.44,0.013798962562943173
0,14,319,30913.84,0.013798962556507087
0,15,319,31157.84,0.013798962555404373
0,16,319,31279.44,0.013798962555233878
0,17,319,31327.92,0.013798962555209923
0,18,319,31340.0,0.013798962555206807
1,1,319,1472.0,0.026546818509901163
1,2,319,3526.36,0.005680440978733905
1,3,319,6248.44,0.003261171120712694
1,4,319,9418.44,0.002998265036826777
1,5,319,12831.24,0.002960589349957006
1,6,319,16296.24,0.002953725325018379
1,7,319,19637.2,0.0029525132752482638
1,8,319,22692.08,0.00295231416545802
1,9,319,25312.88,0.0029522799928262808
1,10,319,27365.48,0.0029522736071850215
1,11,319,28853.48,0.0029522724222789307
1,12,319,29891.72,0.002952272214341281
1,13,319,30581.64,0.0029522721781741557
1,14,319,31011.44,0.002952272171730783
1,15,319,31256.24,0.002952272170622894
1,16,319,31378.24,0.0029522721704513463
1,17,319,31426.88,0.002952272170427356
1,18,319,31439.0,0.0029522721704242118
2,2,319,3532.8,0.003489670632975975
2,3,319,6263.44,0.0007864105959287509
2,4,319,9443.44,0.0005021080061365204
2,5,319,12867.04,0.00046384043721084156
2,6,319,16343.04,0.00045695813257700453
2,7,319,19694.64,0.0004557239316026516
2,8,319,22759.28,0.0004555204770059768
2,9,319,25388.48,0.00045548603426216413
2,10,319,27447.68,0.00045547964427877254
2,11,319,28940.48,0.0004554784514164062
2,12,319,29982.08,0.0004554782412645335
2,13,319,30674.24,0.0004554782049097702
2,14,319,31105.44,0.00045547819846119875
2,15,319,31351.04,0.0004554781973489156
2,16,319,31473.44,0.0004554781971762618
2,17,319,31522.24,0.0004554781971521944
2,18,319,31534.4,0.0004554781971490453
3,3,319,6272.0,0.0004522247757249008
3,4,319,9462.0,0.00014053631796882897
3,5,319,12896.4,0.00010131672823513195
3,6,319,16383.4,9.442453850921333e-05
3,7,319,19745.64,9.317003124630961e-05
3,8,319,22820.04,9.296184131121922e-05
3,9,319,25457.64,9.292704453115651e-05
3,10,319,27523.44,9.29206507299118e-05
3,11,319,29021.04,9.291945104389518e-05
3,12,319,30066.0,9.291923859320338e-05
3,13,319,30760.4,9.291920201216414e-05
3,14,319,31193.0,9.291919555905603e-05
3,15,319,31439.4,9.291919444315705e-05
3,16,319,31562.2,9.291919426936124e-05
3,17,319,31611.16,9.291919424520496e-05
3,18,319,31623.36,9.29191942420523e-05
4,4,319,9472.0,0.00010604418414150897
4,5,319,12917.2,6.538218958344805e-05
4,6,319,16415.2,5.848237403338533e-05
4,7,319,19788.08,5.7210008274650255e-05
4,8,319,22872.24,5.6996767190295885e-05
4,9,319,25518.24,5.6961521015828705e-05
4,10,319,27590.64,5.695512150187686e-05
4,11,319,29093.04,5.6953916212295155e-05
4,12,319,30141.36,5.6953701423443506e-05
4,13,319,30838.0,5.6953664574398423e-05
4,14,319,31272.0,5.695365811592048e-05
4,15,319,31519.2,5.695365699718751e-05
4,16,319,31642.4,5.695365682223962e-05
4,17,319,31691.52,5.6953656797978745e-05
4,18,319,31703.76,5.6953656794823445e-05
5,5,319,12928.0,6.329428469721884e-05
5,6,319,16437.0,5.63800505543081e-05
5,7,319,19820.52,5.509277480583924e-05
5,8,319,22914.44,5.4874265531175725e-05
5,9,319,25568.84,5.483846600233164e-05
5,10,319,27647.84,5.483205618736644e-05
5,11,319,29155.04,5.483084653663154e-05
5,12,319,30206.72,5.483062941953611e-05
5,13,319,30905.6,5.4830592259360304e-05
5,14,319,31341.0,5.483058579316281e-05
5,15,319,31589.0,5.483058467234116e-05
5,16,319,31712.6,5.4830584496257453e-05
5,17,319,31761.88,5.483058447187558e-05
5,18,319,31774.16,5.483058446871782e-05
6,6,319,16448.0,5.6346293832583406e-05
6,7,319,19842.16,5.504738707040619e-05
6,8,319,22945.84,5.48235135259668e-05
6,9,319,25608.64,5.4787051595449676e-05
6,10,319,27694.24,5.478062398867914e-05
6,11,319,29206.24,5.477941116606803e-05
6,12,319,30261.28,5.477919178196848e-05
6,13,319,30962.4,5.4779154267985605e-05
6,14,319,31399.2,5.4779147790227476e-05
6,15,319,31648.0,5.477914666799186e-05
6,16,319,31772.0,5.4779146490813503e-05
6,17,319,31821.44,5.477914646629454e-05
6,18,319,31833.76,5.4779146463133896e-05
7,7,319,19852.8,5.503911358679633e-05
7,8,319,22966.24,5.480991929095318e-05
7,9,319,25637.44,5.4772684989659026e-05
7,10,319,27729.64,5.4766229076082095e-05
7,11,319,29246.44,5.476501413399099e-05
7,12,319,30304.84,5.4764792595264356e-05
7,13,319,31008.2,5.476475468716922e-05
7,14,319,31446.4,5.476474819259423e-05
7,15,319,31696.0,5.476474706951302e-05
7,16,319,31820.4,5.476474689130503e-05
7,17,319,31870.0,5.4764746866633784e-05
7,18,319,31882.36,5.476474686346939e-05
8,8,319,22976.0,5.4804794738487225e-05
8,9,319,25655.6,5.476668192519954e-05
8,10,319,27754.4,5.476018415357245e-05
8,11,319,29276.0,5.475896791819959e-05
8,12,319,30337.76,5.4758744385647455e-05
8,13,319,31043.36,5.475870604743479e-05
8,14,319,31482.96,5.4758699529499925e-05
8,15,319,31733.36,5.4758698406000106e-05
8,16,319,31858.16,5.4758698226849067e-05
8,17,319,31907.92,5.4758698202011946e-05
8,18,319,31920.32,5.47586981988425e-05
9,9,319,25664.0,5.476570632274507e-05
9,10,319,27769.4,5.4759150224895724e-05
9,11,319,29295.8,5.475793320473806e-05
9,12,319,30360.92,5.4757707882143756e-05
9,13,319,31068.76,5.475766908396169e-05
9,14,319,31509.76,5.47576625350174e-05
9,15,319,31760.96,5.475766141135155e-05
9,16,319,31886.16,5.475766123136233e-05
9,17,319,31936.08,5.4757661206347945e-05
9,18,319,31948.52,5.475766120317175e-05
10,10,319,27776.0,5.4759072783877695e-05
10,11,319,29307.2,5.4757855080081405e-05
10,12,319,30375.68,5.4757628205924506e-05
10,13,319,31085.76,5.475758892576559e-05
10,14,319,31528.16,5.4757582337285995e-05
10,15,319,31780.16,5.475758121350292e-05
10,16,319,31905.76,5.4757581032794284e-05
10,17,319,31955.84,5.475758100759409e-05
10,18,319,31968.32,5.475758100440911e-05
11,11,319,29312.0,5.475785400708852e-05
11,12,319,30383.84,5.47576258434146e-05
11,13,319,31096.16,5.475758606855436e-05
11,14,319,31539.96,5.475757943141325e-05
11,15,319,31792.76,5.4757578307333856e-05
11,16,319,31918.76,5.475757812603326e-05
11,17,319,31969.0,5.4757578100642e-05
11,18,319,31981.52,5.475757809744595e-05
12,12,319,30387.2,5.4757624825662135e-05
12,13,319,31101.76,5.475758455375504e-05
12,14,319,31546.96,5.475757785854165e-05
12,15,319,31800.56,5.47575767337416e-05
12,16,319,31926.96,5.4757576551979144e-05
12,17,319,31977.36,5.4757576526395225e-05
12,18,319,31989.92,5.4757576523185655e-05
13,13,319,31104.0,5.4757584065408394e-05
13,14,319,31550.6,5.475757730277433e-05
13,15,319,31805.0,5.4757576176574914e-05
13,16,319,31931.8,5.4757575994476715e-05
13,17,319,31982.36,5.4757575968702465e-05
13,18,319,31994.96,5.475757596547685e-05
14,14,319,31552.0,5.475757722643495e-05
14,15,319,31807.2,5.475757609790338e-05
14,16,319,31934.4,5.4757575915584636e-05
14,17,319,31985.12,5.475757588962635e-05
14,18,319,31997.76,5.475757588638217e-05
15,15,319,31808.0,5.4757576094395195e-05
15,16,319,31935.6,5.475757591195306e-05
15,17,319,31986.48,5.475757588582087e-05
15,18,319,31999.16,5.4757575882555744e-05
16,16,319,31936.0,5.475757591190187e-05
16,17,319,31987.04,5.475757588560949e-05
16,18,319,31999.76,5.4757575882321265e-05
17,17,319,31987.2,5.4757575885466095e-05
17,18,319,31999.96,5.475757588215292e-05
18,18,319,32000.0,5.4757575882126516e-05
0,0,359,360.0,0.14932221366326895
0,1,359,1652.4,0.03516224524491679
0,2,359,3957.92,0.016238212633047103
0,3,359,7013.84,0.01405807524598762
0,4,359,10573.84,0.013811540466106175
0,5,359,14407.84,0.013774202347486258
0,6,359,18301.84,0.013767367852794041
0,7,359,22057.76,0.01376617912131754
0,8,359,25493.28,0.013765983885086498
0,9,359,28441.68,0.013765949910398062
0,10,359,30751.68,0.013765943531036086
0,11,359,32426.88,0.013765942354847207
0,12,359,33596.16,0.013765942148989277
0,13,359,34373.44,0.013765942112967423
0,14,359,34857.84,0.013765942106529289
0,15,359,35133.84,0.013765942105426473
0,16,359,35271.44,0.013765942105255901
0,17,359,35326.32,0.013765942105231946
0,18,359,35340.0,0.013765942105228832
1,1,359,1656.0,0.026519125458791006
1,2,359,3967.96,0.005647590918852201
1,3,359,7032.44,0.0032281922196741924
1,4,359,10602.44,0.00296524777278198
1,5,359,14447.24,0.0029275698507468216
1,6,359,18352.24,0.0029207049366304673
1,7,359,22118.8,0.0029194928585093123
1,8,359,25564.08,0.002919293718243816
1,9,359,28520.88,0.002919259543787341
1,10,359,30837.48,0.0029192531574586135
1,11,359,32517.48,0.002919251972321696
1,12,359,33690.12,0.002919251764373835
1,13,359,34469.64,0.0029192517281984073
1,14,359,34955.44,0.002919251721752973
1,15,359,35232.24,0.002919251720644998
1,16,359,35370.24,0.0029192517204733835
1,17,359,35425.28,0.0029192517204493793
1,18,359,35439.0,0.002919251720446235
2,2,359,3974.4,0.0034568205730942676
2,3,359,7047.44,0.0007534316948902498
2,4,359,10627.44,0.0004690907420917249
2,5,359,14483.04,0.00043082093800065805
2,6,359,18399.04,0.00042393774418909315
2,7,359,22176.24,0.00042270351486369944
2,8,359,25631.28,0.00042250002979177367
2,9,359,28596.48,0.00042246558522322433
2,10,359,30919.68,0.0004224591945523662
2,11,359,32604.48,0.00042245800145917226
2,12,359,33780.48,0.00042245779129708786
2,13,359,34562.24,0.0004224577549340207
2,14,359,35049.44,0.00042245774848338833
2,15,359,35327.04,0.0004224577473710181
2,16,359,35465.44,0.00042245774719829976
2,17,359,35520.64,0.00042245774717421827
2,18,359,35534.4,0.0004224577471710689
3,3,359,7056.0,0.00041924587468639975
3,4,359,10646.0,0.00010751905392403341
3,5,359,14512.4,6.829722902494819e-05
3,6,359,18439.4,6.140415012130187e-05
3,7,359,22227.24,6.01496145073574e-05
3,8,359,25692.04,5.9941394097016e-05
3,9,359,28665.64,5.9906595492216795e-05
3,10,359,30995.44,5.9900201003505424e-05
3,11,359,32685.04,5.989900108666117e-05
3,12,359,33864.4,5.9898788625757906e-05
3,13,359,34648.4,5.989875203641476e-05
3,14,359,35137.0,5.989874558124556e-05
3,15,359,35415.4,5.989874446525948e-05
3,16,359,35554.2,5.9898744291399226e-05
3,17,359,35609.56,5.9898744267229025e-05
3,18,359,35623.36,5.9898744264075854e-05
4,4,359,10656.0,7.30269200967134e-05
4,5,359,14533.2,3.236269037326428e-05
4,6,359,18471.2,2.5461985645473882e-05
4,7,359,22269.68,2.4189591535698058e-05
4,8,359,25744.24,2.3976319976092672e-05
4,9,359,28726.24,2.394107197688898e-05
4,10,359,31062.64,2.3934671775470475e-05
4,11,359,32757.04,2.3933466255061117e-05
4,12,359,33939.76,2.3933251455997994e-05
4,13,359,34726.0,2.3933214598649068e-05
4,14,359,35216.0,2.393320813810999e-05
4,15,359,35495.2,2.3933207019289914e-05
4,16,359,35634.4,2.3933206844277613e-05
4,17,359,35689.92,2.3933206820002797e-05
4,18,359,35703.76,2.3933206816846997e-05
5,5,359,14544.0,3.027478548703506e-05
5,6,359,18493.0,2.335966216639665e-05
5,7,359,22302.12,2.2072358066887045e-05
5,8,359,25786.44,2.1853818316972512e-05
5,9,359,28776.84,2.181801696339192e-05
5,10,359,31119.84,2.1811606460960056e-05
5,11,359,32819.04,2.18103965793975e-05
5,12,359,34005.12,2.1810179452090594e-05
5,13,359,34793.6,2.181014228361094e-05
5,14,359,35285.0,2.1810135815352328e-05
5,15,359,35565.0,2.1810134694443566e-05
5,16,359,35704.6,2.181013451829545e-05
5,17,359,35760.28,2.1810134493899636e-05
5,18,359,35774.16,2.1810134490741358e-05
6,6,359,18504.0,2.332590544467196e-05
6,7,359,22323.76,2.2026970331453996e-05
6,8,359,25817.84,2.180306631176358e-05
6,9,359,28816.64,2.176660255650995e-05
6,10,359,31166.24,2.1760174262272755e-05
6,11,359,32870.24,2.1758961208833994e-05
6,12,359,34059.68,2.1758741814522956e-05
6,13,359,34850.4,2.1758704292236246e-05
6,14,359,35343.2,2.1758697812416995e-05
6,15,359,35624.0,2.175869669009426e-05
6,16,359,35764.0,2.1758696512851495e-05
6,17,359,35819.84,2.175869648831859e-05
6,18,359,35833.76,2.175869648515744e-05
7,7,359,22334.4,2.2018696847844136e-05
7,8,359,25838.24,2.178947207674996e-05
7,9,359,28845.44,2.1752235950719298e-05
7,10,359,31201.64,2.1745779349675713e-05
7,11,359,32910.44,2.1744564176756955e-05
7,12,359,34103.24,2.1744342627818838e-05
7,13,359,34896.2,2.1744304711419864e-05
7,14,359,35390.4,2.1744298214783746e-05
7,15,359,35672.0,2.1744297091615425e-05
7,16,359,35812.4,2.174429691334302e-05
7,17,359,35868.4,2.1744296888657837e-05
7,18,359,35882.36,2.174429688549294e-05
8,8,359,25848.0,2.178434752428401e-05
8,9,359,28863.6,2.1746232886259822e-05
8,10,359,31226.4,2.1739734427166065e-05
8,11,359,32940.0,2.1738517960965552e-05
8,12,359,34136.16,2.1738294418201937e-05
8,13,359,34931.36,2.1738256071685433e-05
8,14,359,35426.96,2.1738249551689444e-05
8,15,359,35709.36,2.173824842810251e-05
8,16,359,35850.16,2.1738248248887065e-05
8,17,359,35906.32,2.1738248224036e-05
8,18,359,35920.32,2.1738248220866043e-05
9,9,359,28872.0,2.174525728380535e-05
9,10,359,31241.4,2.173870049848934e-05
9,11,359,32959.8,2.1737483247504023e-05
9,12,359,34159.32,2.1737257914698234e-05
9,13,359,34956.76,2.1737219108212326e-05
9,14,359,35453.76,2.1737212557206918e-05
9,15,359,35736.96,2.1737211433453958e-05
9,16,359,35878.16,2.1737211253400327e-05
9,17,359,35934.48,2.1737211228372005e-05
9,18,359,35948.52,2.1737211225195296e-05
10,10,359,31248.0,2.173862305747132e-05
10,11,359,32971.2,2.173740512284737e-05
10,12,359,34174.08,2.1737178238478984e-05
10,13,359,34973.76,2.173713895001623e-05
10,14,359,35472.16,2.173713235947551e-05
10,15,359,35756.16,2.1737131235605325e-05
10,16,359,35897.76,2.1737131054832282e-05
10,17,359,35954.24,2.1737131029618144e-05
10,18,359,35968.32,2.1737131026432653e-05
11,11,359,32976.0,2.173740404985449e-05
11,12,359,34182.24,2.1737175875969078e-05
11,13,359,34984.16,2.1737136092805003e-05
11,14,359,35483.96,2.1737129453602767e-05
11,15,359,35768.76,2.1737128329436266e-05
11,16,359,35910.76,2.1737128148071258e-05
11,17,359,35967.4,2.173712812266606e-05
11,18,359,35981.52,2.1737128119469493e-05
12,12,359,34185.6,2.1737174858216616e-05
12,13,359,34989.76,2.173713457800568e-05
12,14,359,35490.96,2.173712788073116e-05
12,15,359,35776.56,2.1737126755844006e-05
12,16,359,35918.96,2.1737126574017132e-05
12,17,359,35975.76,2.1737126548419278e-05
12,18,359,35989.92,2.17371265452092e-05
13,13,359,34992.0,2.1737134089659036e-05
13,14,359,35494.6,2.1737127324963847e-05
13,15,359,35781.0,2.1737126198677314e-05
13,16,359,35923.8,2.1737126016514706e-05
13,17,359,35980.76,2.173712599072652e-05
13,18,359,35994.96,2.1737125987500392e-05
14,14,359,35496.0,2.173712724862446e-05
14,15,359,35783.2,2.1737126120005788e-05
14,16,359,35926.4,2.173712593762263e-05
14,17,359,35983.52,2.1737125911650398e-05
14,18,359,35997.76,2.173712590840571e-05
15,15,359,35784.0,2.17371261164976e-05
15,16,359,35927.6,2.1737125933991055e-05
15,17,359,35984.88,2.1737125907844916e-05
15,18,359,35999.16,2.1737125904579286e-05
16,16,359,35928.0,2.1737125933939867e-05
16,17,359,35985.44,2.1737125907633537e-05
16,18,359,35999.76,2.1737125904344803e-05
17,17,359,35985.6,2.173712590749015e-05
17,18,359,35999.96,2.1737125904176464e-05
18,18,359,36000.0,2.173712590415006e-05
0,0,399,400.0,0.1493180878813783
0,1,399,1836.4,0.035151811516419794
0,2,399,4399.52,0.016225357443137366
0,3,399,7797.84,0.014045104418864937
0,4,399,11757.84,0.013798559968971443
0,5,399,16023.84,0.013761219944815788
0,6,399,20357.84,0.013754385263575555
0,7,399,24539.36,0.013753196501084638
0,8,399,28365.28,0.013753001256706905
0,9,399,31649.68,0.013752967281645627
0,10,399,34223.68,0.013752960901930593
0,11,399,36090.88,0.01375295972571951
0,12,399,37394.56,0.01375295951985377
0,13,399,38261.44,0.013752959483829166
0,14,399,38801.84,0.013752959477390919
0,15,399,39109.84,0.013752959476288
0,16,399,39263.44,0.013752959476117417
0,17,399,39324.72,0.013752959476093464
0,18,399,39340.0,0.013752959476090348
1,1,399,1840.0,0.026508691730293982
1,2,399,4409.56,0.005634735728942463
1,3,399,7816.44,0.0032152213925515064
1,4,399,11786.44,0.0029522672756472444
1,5,399,16063.24,0.0029145874480763535
1,6,399,20408.24,0.002907722347411977
1,7,399,24600.4,0.002906510238276407
1,8,399,28436.08,0.002906311089864227
1,9,399,31728.88,0.0029062769150349035
1,10,399,34309.48,0.0029062705283531276
1,11,399,36181.48,0.002906269343194002
1,12,399,37488.52,0.0029062691352383313
1,13,399,38357.64,0.0029062690990601494
1,14,399,38899.44,0.0029062690926145982
1,15,399,39208.24,0.002906269091506534
1,16,399,39362.24,0.0029062690913348992
1,17,399,39423.68,0.002906269091310895
1,18,399,39439.0,0.0029062690913077512
2,2,399,4416.0,0.0034439653831845308
2,3,399,7831.44,0.0007404608677675634
2,4,399,11811.44,0.00045611024495698885
2,5,399,16099.04,0.0004178385353301896
2,6,399,20455.04,0.00041095515497060364
2,7,399,24657.84,0.0004097208946307956
2,8,399,28503.28,0.0004095174014121856
2,9,399,31804.48,0.0004094829564707876
2,10,399,34391.68,0.00040947656544688005
2,11,399,36268.48,0.0004094753723314773
2,12,399,37578.88,0.0004094751621615849
2,13,399,38450.24,0.00040947512579576234
2,14,399,38993.44,0.00040947511934501506
2,15,399,39303.04,0.0004094751182325551
2,16,399,39457.44,0.0004094751180598163
2,17,399,39519.04,0.0004094751180357343
2,18,399,39534.4,0.0004094751180325849
3,3,399,7840.0,0.0004062750475637132
3,4,399,11830.0,9.45385567892973e-05
3,5,399,16128.4,5.531482635447981e-05
3,6,399,20495.4,4.842156090281207e-05
3,7,399,24708.84,4.716699427445362e-05
3,8,399,28564.04,4.6958765717427636e-05
3,9,399,31873.64,4.692396673977993e-05
3,10,399,34467.44,4.691757189801934e-05
3,11,399,36349.04,4.6916371958966316e-05
3,12,399,37662.8,4.691615949025499e-05
3,13,399,38536.4,4.691612289815652e-05
3,14,399,39081.0,4.691611644287215e-05
3,15,399,39391.4,4.691611532679659e-05
3,16,399,39546.2,4.6916115152916434e-05
3,17,399,39607.96,4.691611512874567e-05
3,18,399,39623.36,4.6916115125591944e-05
4,4,399,11840.0,6.004642296197726e-05
4,5,399,16149.2,1.9380287702795907e-05
4,6,399,20527.2,1.2479396426984073e-05
4,7,399,24751.28,1.1206971302794299e-05
4,8,399,28616.24,1.09936915965043e-05
4,9,399,31934.24,1.0958443224452123e-05
4,10,399,34534.64,1.095204266998439e-05
4,11,399,36421.04,1.0950837127366247e-05
4,12,399,37738.16,1.0950622320495082e-05
4,13,399,38614.0,1.0950585460390818e-05
4,14,399,39160.0,1.0950578999736587e-05
4,15,399,39471.2,1.0950577880827041e-05
4,16,399,39626.4,1.095057770579482e-05
4,17,399,39688.32,1.0950577681519504e-05
4,18,399,39703.76,1.0950577678363097e-05
5,5,399,16160.0,1.7292382816566695e-05
5,6,399,20549.0,1.037707294790684e-05
5,7,399,24783.72,9.089737833983285e-06
5,8,399,28658.44,8.871189937384138e-06
5,9,399,31984.84,8.835388210955062e-06
5,10,399,34591.84,8.82897735547397e-06
5,11,399,36483.04,8.827767451702628e-06
5,12,399,37803.52,8.827550316587685e-06
5,13,399,38681.6,8.82751314535269e-06
5,14,399,39229.0,8.827506676978921e-06
5,15,399,39541.0,8.827505555980694e-06
5,16,399,39696.6,8.827505379812655e-06
5,17,399,39758.68,8.827505355416348e-06
5,18,399,39774.16,8.827505352257459e-06
6,6,399,20560.0,1.0343316226182153e-05
6,7,399,24805.36,9.044350098550236e-06
6,8,399,28689.84,8.820437932175207e-06
6,9,399,32024.64,8.783973804073095e-06
6,10,399,34638.24,8.777545156786671e-06
6,11,399,36534.24,8.776332081139124e-06
6,12,399,37858.08,8.776112679020047e-06
6,13,399,38738.4,8.776075153977998e-06
6,14,399,39287.2,8.776068674043588e-06
6,15,399,39600.0,8.776067551631388e-06
6,16,399,39756.0,8.7760673743687e-06
6,17,399,39818.24,8.776067349835304e-06
6,18,399,39833.76,8.776067346673538e-06
7,7,399,24816.0,9.036076614940378e-06
7,8,399,28710.24,8.806843697161588e-06
7,9,399,32053.44,8.769607198282438e-06
7,10,399,34673.64,8.763150244189627e-06
7,11,399,36574.44,8.761935049062084e-06
7,12,399,37901.64,8.761713492315925e-06
7,13,399,38784.2,8.761675573161614e-06
7,14,399,39334.4,8.76166907641034e-06
7,15,399,39648.0,8.76166795315255e-06
7,16,399,39804.4,8.761667774860227e-06
7,17,399,39866.8,8.76166775017455e-06
7,18,399,39882.36,8.76166774700904e-06
8,8,399,28720.0,8.801719144695633e-06
8,9,399,32071.6,8.76360413382296e-06
8,10,399,34698.4,8.757105321679977e-06
8,11,399,36604.0,8.75588883327068e-06
8,12,399,37934.56,8.755665282699026e-06
8,13,399,38819.36,8.755626933427183e-06
8,14,399,39370.96,8.755620413316035e-06
8,15,399,39685.36,8.755619289639637e-06
8,16,399,39842.16,8.755619110404272e-06
8,17,399,39904.72,8.75561908555271e-06
8,18,399,39920.32,8.755619082382145e-06
9,9,399,32080.0,8.762628531368492e-06
9,10,399,34713.4,8.756071393003253e-06
9,11,399,36623.8,8.754854119809152e-06
9,12,399,37957.72,8.754628779195323e-06
9,13,399,38844.76,8.754589969954076e-06
9,14,399,39397.76,8.754583418833512e-06
9,15,399,39712.96,8.754582294991084e-06
9,16,399,39870.16,8.754582114917532e-06
9,17,399,39932.88,8.754582089888715e-06
9,18,399,39948.52,8.754582086711395e-06
10,10,399,34720.0,8.755993951985233e-06
10,11,399,36635.2,8.754775995152499e-06
10,12,399,37972.48,8.754549102976072e-06
10,13,399,38861.76,8.754509811757981e-06
10,14,399,39416.16,8.754503221102103e-06
10,15,399,39732.16,8.754502097142449e-06
10,16,399,39889.76,8.754501916349489e-06
10,17,399,39952.64,8.754501891134856e-06
10,18,399,39968.32,8.754501887948754e-06
11,11,399,36640.0,8.754774922159616e-06
11,12,399,37980.64,8.754546740466167e-06
11,13,399,38872.16,8.754506954546753e-06
11,14,399,39427.96,8.754500315229358e-06
11,15,399,39744.76,8.75449919097339e-06
11,16,399,39902.76,8.754499009588465e-06
11,17,399,39965.8,8.754498984182769e-06
11,18,399,39981.52,8.754498980985597e-06
12,12,399,37984.0,8.754545722713703e-06
12,13,399,38877.76,8.75450543974743e-06
12,14,399,39434.96,8.754498742357756e-06
12,15,399,39752.56,8.754497617381133e-06
12,16,399,39910.96,8.754497435534339e-06
12,17,399,39974.16,8.75449740993599e-06
12,18,399,39989.92,8.7544974067253e-06
13,13,399,38880.0,8.754504951400788e-06
13,14,399,39438.6,8.75449818659044e-06
13,15,399,39757.0,8.754497060214443e-06
13,16,399,39915.8,8.754496878031915e-06
13,17,399,39979.16,8.754496852243233e-06
13,18,399,39994.96,8.754496849016491e-06
14,14,399,39440.0,8.754498110251057e-06
14,15,399,39759.2,8.754496981542914e-06
14,16,399,39918.4,8.754496799139839e-06
14,17,399,39981.92,8.754496773167108e-06
14,18,399,39997.76,8.75449676992181e-06
15,15,399,39760.0,8.754496978034724e-06
15,16,399,39919.6,8.754496795508263e-06
15,17,399,39983.28,8.754496769361628e-06
15,18,399,39999.16,8.75449676609539e-06
16,16,399,39920.0,8.754496795457073e-06
16,17,399,39983.84,8.754496769150248e-06
16,18,399,39999.76,8.754496765860905e-06
17,17,399,39984.0,8.754496769006864e-06
17,18,399,39999.96,8.754496765692568e-06
18,18,399,40000.0,8.754496765666159e-06
